"scenario","goal","long_goal","dimension","region_id","region_name","value","p.value"
"2012 - 2025","AO","Artisanal opportunities","average_yearly_change_in_scores",0,"Global average",0.189274725274734,0.0586194761054302
"2012 - 2025","AO","Artisanal opportunities","average_yearly_change_in_scores",1,"Cocos Islands",0.039010989010992,0.718939074575918
"2012 - 2025","AO","Artisanal opportunities","average_yearly_change_in_scores",2,"Christmas Island",0.039010989010992,0.718939074575918
"2012 - 2025","AO","Artisanal opportunities","average_yearly_change_in_scores",3,"Norfolk Island",2.82920879120884,4.43775299584747e-05
"2012 - 2025","AO","Artisanal opportunities","average_yearly_change_in_scores",5,"New Caledonia",0.00843956043955914,0.416499077248108
"2012 - 2025","AO","Artisanal opportunities","average_yearly_change_in_scores",6,"Vanuatu",-3.29085714285733,0.000302259466942577
"2012 - 2025","AO","Artisanal opportunities","average_yearly_change_in_scores",7,"Solomon Islands",1.68635164835176,0.000901868155784424
"2012 - 2025","AO","Artisanal opportunities","average_yearly_change_in_scores",8,"Palau",-4.39756043956068,4.06428154495661e-08
"2012 - 2025","AO","Artisanal opportunities","average_yearly_change_in_scores",9,"Micronesia",1.61483516483528,0.00887575724735292
"2012 - 2025","AO","Artisanal opportunities","average_yearly_change_in_scores",10,"Nauru",1.3438681318682,0.103990849227998
"2012 - 2025","AO","Artisanal opportunities","average_yearly_change_in_scores",11,"Marshall Islands",-2.63148192562387e-16,0.108864301063032
"2012 - 2025","AO","Artisanal opportunities","average_yearly_change_in_scores",13,"Northern Mariana Islands and Guam",2.25650549450565,0.000629063874639307
"2012 - 2025","AO","Artisanal opportunities","average_yearly_change_in_scores",14,"Taiwan",1.49395604395611,2.87811668926228e-05
"2012 - 2025","AO","Artisanal opportunities","average_yearly_change_in_scores",15,"Philippines",-0.122989010988994,0.833745448474055
"2012 - 2025","AO","Artisanal opportunities","average_yearly_change_in_scores",16,"Australia",0.15219780219781,0.0739646485835637
"2012 - 2025","AO","Artisanal opportunities","average_yearly_change_in_scores",17,"Papua New Guinea",0.0334945054945017,0.0608075661699428
"2012 - 2025","AO","Artisanal opportunities","average_yearly_change_in_scores",18,"Fiji",-2.51118681318692,2.07000277321928e-06
"2012 - 2025","AO","Artisanal opportunities","average_yearly_change_in_scores",19,"Tuvalu",1.86643956043965,0.0628094814840254
"2012 - 2025","AO","Artisanal opportunities","average_yearly_change_in_scores",20,"South Korea",0.742571428571474,1.97177267428197e-05
"2012 - 2025","AO","Artisanal opportunities","average_yearly_change_in_scores",21,"North Korea",1.01340659340666,0.000546470378479137
"2012 - 2025","AO","Artisanal opportunities","average_yearly_change_in_scores",24,"Cambodia",0.376967032967035,7.48807374672597e-06
"2012 - 2025","AO","Artisanal opportunities","average_yearly_change_in_scores",25,"Thailand",-0.136835164835175,0.0119166978735175
"2012 - 2025","AO","Artisanal opportunities","average_yearly_change_in_scores",26,"Andaman and Nicobar",0.51573626373627,0.174391179402095
"2012 - 2025","AO","Artisanal opportunities","average_yearly_change_in_scores",28,"Comoro Islands",0.138461538461447,0.733000891511966
"2012 - 2025","AO","Artisanal opportunities","average_yearly_change_in_scores",29,"Mayotte",0.166659340659289,0.768093484616308
"2012 - 2025","AO","Artisanal opportunities","average_yearly_change_in_scores",31,"Seychelles",0.885384615384652,0.0020578031491011
"2012 - 2025","AO","Artisanal opportunities","average_yearly_change_in_scores",32,"Réunion",0.0205714285714163,0.967548254566018
"2012 - 2025","AO","Artisanal opportunities","average_yearly_change_in_scores",37,"Mauritius",0.115428571428562,0.0674778092343977
"2012 - 2025","AO","Artisanal opportunities","average_yearly_change_in_scores",39,"Maldives",-1.2366593406595,0.344344977628045
"2012 - 2025","AO","Artisanal opportunities","average_yearly_change_in_scores",40,"Sri Lanka",0.036747252747249,0.241990576010514
"2012 - 2025","AO","Artisanal opportunities","average_yearly_change_in_scores",41,"Mozambique",-0.0492087912089139,0.94214374400338
"2012 - 2025","AO","Artisanal opportunities","average_yearly_change_in_scores",42,"Madagascar",2.10738461538473,0.0202002065333479
"2012 - 2025","AO","Artisanal opportunities","average_yearly_change_in_scores",43,"Kenya",-3.12637362637391,0.0365605154527253
"2012 - 2025","AO","Artisanal opportunities","average_yearly_change_in_scores",44,"Somalia",0.0647032967032654,0.601123401337062
"2012 - 2025","AO","Artisanal opportunities","average_yearly_change_in_scores",45,"Eritrea",0.113758241758238,0.0473489928967947
"2012 - 2025","AO","Artisanal opportunities","average_yearly_change_in_scores",46,"Djibouti",-0.396901098901258,0.598500902378005
"2012 - 2025","AO","Artisanal opportunities","average_yearly_change_in_scores",47,"Yemen",-1.00325274725288,0.0683840341929731
"2012 - 2025","AO","Artisanal opportunities","average_yearly_change_in_scores",48,"Oman",-1.42597802197814,0.00355873797623203
"2012 - 2025","AO","Artisanal opportunities","average_yearly_change_in_scores",49,"Sudan",-0.177714285714303,0.000723437374873054
"2012 - 2025","AO","Artisanal opportunities","average_yearly_change_in_scores",50,"Saudi Arabia",-0.040021978021979,0.102210766977042
"2012 - 2025","AO","Artisanal opportunities","average_yearly_change_in_scores",51,"Kuwait",-0.45681318681322,0.178060273373999
"2012 - 2025","AO","Artisanal opportunities","average_yearly_change_in_scores",52,"Bahrain",0.376439560439552,0.16155253010325
"2012 - 2025","AO","Artisanal opportunities","average_yearly_change_in_scores",53,"Pakistan",5.50938461538493,2.32043305811291e-05
"2012 - 2025","AO","Artisanal opportunities","average_yearly_change_in_scores",54,"United Arab Emirates",-0.25184615384617,0.000559805955260293
"2012 - 2025","AO","Artisanal opportunities","average_yearly_change_in_scores",55,"Azores",0.747296703296767,0.0153860991145084
"2012 - 2025","AO","Artisanal opportunities","average_yearly_change_in_scores",56,"Cape Verde",-0.424241758241763,0.000354821602986879
"2012 - 2025","AO","Artisanal opportunities","average_yearly_change_in_scores",57,"Madeira",1.05246153846161,0.000705968680613316
"2012 - 2025","AO","Artisanal opportunities","average_yearly_change_in_scores",58,"Canary Islands",0.829406593406661,0.0107470142303592
"2012 - 2025","AO","Artisanal opportunities","average_yearly_change_in_scores",59,"Belgium",0.0239780219780264,0.720389607257421
"2012 - 2025","AO","Artisanal opportunities","average_yearly_change_in_scores",60,"Gibraltar",0.956197802197863,7.20828344282295e-05
"2012 - 2025","AO","Artisanal opportunities","average_yearly_change_in_scores",61,"Tunisia",-0.320967032967051,4.12264795854449e-06
"2012 - 2025","AO","Artisanal opportunities","average_yearly_change_in_scores",62,"Morocco",-0.744109890109915,2.01575754496593e-07
"2012 - 2025","AO","Artisanal opportunities","average_yearly_change_in_scores",63,"Western Sahara",-2.12035164835173,3.81185950098165e-06
"2012 - 2025","AO","Artisanal opportunities","average_yearly_change_in_scores",64,"Mauritania",-0.867692307692326,0.000486824656887453
"2012 - 2025","AO","Artisanal opportunities","average_yearly_change_in_scores",65,"Gambia",-0.769472527472562,1.4863058750558e-07
"2012 - 2025","AO","Artisanal opportunities","average_yearly_change_in_scores",66,"Senegal",-1.27375824175829,1.07531376719743e-07
"2012 - 2025","AO","Artisanal opportunities","average_yearly_change_in_scores",67,"Libya",-1.87356043956055,0.0149787967286956
"2012 - 2025","AO","Artisanal opportunities","average_yearly_change_in_scores",68,"Malta",1.4627692307693,1.81310438524996e-07
"2012 - 2025","AO","Artisanal opportunities","average_yearly_change_in_scores",69,"Latvia",0.753120879120926,0.00556538049549587
"2012 - 2025","AO","Artisanal opportunities","average_yearly_change_in_scores",70,"Estonia",0.819318681318724,6.42441465779208e-05
"2012 - 2025","AO","Artisanal opportunities","average_yearly_change_in_scores",71,"Bulgaria",1.28905494505503,0.000189349396575316
"2012 - 2025","AO","Artisanal opportunities","average_yearly_change_in_scores",72,"Romania",1.69404395604407,8.92277939726858e-05
"2012 - 2025","AO","Artisanal opportunities","average_yearly_change_in_scores",73,"Russia",1.05540659340665,0.000684690877890971
"2012 - 2025","AO","Artisanal opportunities","average_yearly_change_in_scores",74,"Georgia",0.5533186813187,2.4423645213859e-06
"2012 - 2025","AO","Artisanal opportunities","average_yearly_change_in_scores",75,"Ukraine",-0.0480439560439657,0.488796094422895
"2012 - 2025","AO","Artisanal opportunities","average_yearly_change_in_scores",76,"Turkey",-0.248571428571444,2.22891997278445e-05
"2012 - 2025","AO","Artisanal opportunities","average_yearly_change_in_scores",77,"Syria",0.6431208791209,0.557963118835335
"2012 - 2025","AO","Artisanal opportunities","average_yearly_change_in_scores",78,"Lebanon",0.105802197802113,0.896882490677043
"2012 - 2025","AO","Artisanal opportunities","average_yearly_change_in_scores",79,"Israel",0.916219780219834,0.102043352232056
"2012 - 2025","AO","Artisanal opportunities","average_yearly_change_in_scores",80,"Greece",0.687076923076988,0.0174004567473777
"2012 - 2025","AO","Artisanal opportunities","average_yearly_change_in_scores",81,"Cyprus",0.52938461538467,0.0246612067391608
"2012 - 2025","AO","Artisanal opportunities","average_yearly_change_in_scores",82,"Albania",2.55408791208806,0.00246581956988504
"2012 - 2025","AO","Artisanal opportunities","average_yearly_change_in_scores",84,"Algeria",-0.00764835164836497,0.908970957215535
"2012 - 2025","AO","Artisanal opportunities","average_yearly_change_in_scores",85,"Ascension",0.187362637362646,0.0160330896200687
"2012 - 2025","AO","Artisanal opportunities","average_yearly_change_in_scores",86,"Saint Helena",1.22736263736269,2.86327200052339e-05
"2012 - 2025","AO","Artisanal opportunities","average_yearly_change_in_scores",88,"Tristan da Cunha",-0.930505494505545,0.000383661702377439
"2012 - 2025","AO","Artisanal opportunities","average_yearly_change_in_scores",95,"Falkland Islands",0.187362637362646,0.0160330896200687
"2012 - 2025","AO","Artisanal opportunities","average_yearly_change_in_scores",96,"Sierra Leone",-0.0575164835164847,0.0276376342760596
"2012 - 2025","AO","Artisanal opportunities","average_yearly_change_in_scores",97,"Liberia",0.234153846153852,0.647163676445506
"2012 - 2025","AO","Artisanal opportunities","average_yearly_change_in_scores",98,"Togo",-0.449670329670324,0.378896005587842
"2012 - 2025","AO","Artisanal opportunities","average_yearly_change_in_scores",99,"Benin",1.23729670329676,0.0107336652475903
"2012 - 2025","AO","Artisanal opportunities","average_yearly_change_in_scores",100,"Republique du Congo",-2.18589010989021,1.96640357349542e-06
"2012 - 2025","AO","Artisanal opportunities","average_yearly_change_in_scores",101,"Namibia",1.55626373626383,0.00210455738730076
"2012 - 2025","AO","Artisanal opportunities","average_yearly_change_in_scores",102,"South Africa",-0.829340659340716,1.37872771911302e-05
"2012 - 2025","AO","Artisanal opportunities","average_yearly_change_in_scores",103,"Sao Tome and Principe",-0.388659340659367,4.50672469395294e-05
"2012 - 2025","AO","Artisanal opportunities","average_yearly_change_in_scores",104,"Equatorial Guinea",-1.03536263736269,8.98119501036825e-07
"2012 - 2025","AO","Artisanal opportunities","average_yearly_change_in_scores",106,"Ghana",-1.75138461538467,1.56373910052453e-05
"2012 - 2025","AO","Artisanal opportunities","average_yearly_change_in_scores",108,"Bermuda",-0.150373626373638,0.00609584598698804
"2012 - 2025","AO","Artisanal opportunities","average_yearly_change_in_scores",110,"Bahamas",0.766439560439616,0.018506912859808
"2012 - 2025","AO","Artisanal opportunities","average_yearly_change_in_scores",111,"Turks and Caicos Islands",-0.795780219780266,0.121177530509543
"2012 - 2025","AO","Artisanal opportunities","average_yearly_change_in_scores",112,"Cuba",0.147010989011,0.00177673338167718
"2012 - 2025","AO","Artisanal opportunities","average_yearly_change_in_scores",113,"Cayman Islands",-2.63148192562387e-16,0.108864301063032
"2012 - 2025","AO","Artisanal opportunities","average_yearly_change_in_scores",114,"Haiti",-0.694923076923136,0.250035773407185
"2012 - 2025","AO","Artisanal opportunities","average_yearly_change_in_scores",115,"Dominican Republic",-1.91905494505508,0.0237892496965661
"2012 - 2025","AO","Artisanal opportunities","average_yearly_change_in_scores",116,"Puerto Rico and Virgin Islands of the United States",-0.304373626373644,0.23519446547289
"2012 - 2025","AO","Artisanal opportunities","average_yearly_change_in_scores",117,"British Virgin Islands",-0.249406593406626,0.50060671442514
"2012 - 2025","AO","Artisanal opportunities","average_yearly_change_in_scores",118,"Anguilla",-0.57529670329674,0.179558830841448
"2012 - 2025","AO","Artisanal opportunities","average_yearly_change_in_scores",119,"Saint Kitts and Nevis",-0.722659340659392,0.00462081064389422
"2012 - 2025","AO","Artisanal opportunities","average_yearly_change_in_scores",120,"Antigua and Barbuda",-2.63148192562387e-16,0.108864301063032
"2012 - 2025","AO","Artisanal opportunities","average_yearly_change_in_scores",121,"Montserrat",-0.50525274725277,0.144676897476223
"2012 - 2025","AO","Artisanal opportunities","average_yearly_change_in_scores",122,"Saint Lucia",-1.77329670329679,0.00290722703584334
"2012 - 2025","AO","Artisanal opportunities","average_yearly_change_in_scores",123,"Dominica",-1.43865934065943,0.00126594479244399
"2012 - 2025","AO","Artisanal opportunities","average_yearly_change_in_scores",124,"Barbados",-0.441032967033,0.358634099962021
"2012 - 2025","AO","Artisanal opportunities","average_yearly_change_in_scores",125,"Grenada",0.398857142857161,5.0822238465472e-05
"2012 - 2025","AO","Artisanal opportunities","average_yearly_change_in_scores",126,"Trinidad and Tobago",-0.79778021978027,0.00313328973425371
"2012 - 2025","AO","Artisanal opportunities","average_yearly_change_in_scores",127,"Saint Vincent and the Grenadines",-1.7620000000001,0.000165797723360742
"2012 - 2025","AO","Artisanal opportunities","average_yearly_change_in_scores",129,"Panama",-0.115890109890051,0.727029457897764
"2012 - 2025","AO","Artisanal opportunities","average_yearly_change_in_scores",130,"Costa Rica",0.0258681318681292,0.055026129814934
"2012 - 2025","AO","Artisanal opportunities","average_yearly_change_in_scores",131,"Nicaragua",-1.01369230769234,0.0694288456209862
"2012 - 2025","AO","Artisanal opportunities","average_yearly_change_in_scores",132,"Colombia",-0.546153846153873,1.0423525875472e-06
"2012 - 2025","AO","Artisanal opportunities","average_yearly_change_in_scores",133,"Honduras",-1.01940659340663,0.177645027055035
"2012 - 2025","AO","Artisanal opportunities","average_yearly_change_in_scores",134,"El Salvador",-0.971582417582464,0.00514348770649563
"2012 - 2025","AO","Artisanal opportunities","average_yearly_change_in_scores",135,"Mexico",-0.908395604395658,0.00782422053097135
"2012 - 2025","AO","Artisanal opportunities","average_yearly_change_in_scores",136,"Guatemala",2.0424395604397,0.00212142109156736
"2012 - 2025","AO","Artisanal opportunities","average_yearly_change_in_scores",137,"Ecuador",-0.332769230769233,4.41833296168002e-05
"2012 - 2025","AO","Artisanal opportunities","average_yearly_change_in_scores",138,"Peru",-1.66052747252758,0.0331265924293384
"2012 - 2025","AO","Artisanal opportunities","average_yearly_change_in_scores",139,"Venezuela",1.62668131868141,0.00107147648920867
"2012 - 2025","AO","Artisanal opportunities","average_yearly_change_in_scores",140,"Guadeloupe and Martinique",-0.386659340659361,0.280716230237531
"2012 - 2025","AO","Artisanal opportunities","average_yearly_change_in_scores",141,"Faeroe Islands",-0.0428131868131942,0.479930371914287
"2012 - 2025","AO","Artisanal opportunities","average_yearly_change_in_scores",143,"Iceland",0.15,0.0353730808630068
"2012 - 2025","AO","Artisanal opportunities","average_yearly_change_in_scores",145,"Greenland",0.00523076923077294,0.876691598199472
"2012 - 2025","AO","Artisanal opportunities","average_yearly_change_in_scores",146,"Pitcairn",0.730000000000053,0.448970530823076
"2012 - 2025","AO","Artisanal opportunities","average_yearly_change_in_scores",147,"French Polynesia",2.3252307692309,0.023823881029606
"2012 - 2025","AO","Artisanal opportunities","average_yearly_change_in_scores",148,"Line Islands (Kiribati)",0.00109890109889246,0.982171843634605
"2012 - 2025","AO","Artisanal opportunities","average_yearly_change_in_scores",151,"American Samoa",0.373098901098957,0.495025856430377
"2012 - 2025","AO","Artisanal opportunities","average_yearly_change_in_scores",152,"Samoa",1.50437362637372,0.00398141686534905
"2012 - 2025","AO","Artisanal opportunities","average_yearly_change_in_scores",153,"Cook Islands",-0.12391208791209,0.0604734925586536
"2012 - 2025","AO","Artisanal opportunities","average_yearly_change_in_scores",155,"Tonga",4.16441758241781,0.0039355358770108
"2012 - 2025","AO","Artisanal opportunities","average_yearly_change_in_scores",157,"Phoenix Islands (Kiribati)",0.0221098901098825,0.626006902341242
"2012 - 2025","AO","Artisanal opportunities","average_yearly_change_in_scores",161,"Wallis and Futuna",2.48041758241772,0.015411764633123
"2012 - 2025","AO","Artisanal opportunities","average_yearly_change_in_scores",162,"New Zealand",-0.026571428571425,0.55883949149371
"2012 - 2025","AO","Artisanal opportunities","average_yearly_change_in_scores",163,"United States",-0.652065934065981,0.000219753728973369
"2012 - 2025","AO","Artisanal opportunities","average_yearly_change_in_scores",164,"Belize",-0.199164835164846,0.000107724206380105
"2012 - 2025","AO","Artisanal opportunities","average_yearly_change_in_scores",166,"Jamaica",4.99729670329699,0.000204828857195664
"2012 - 2025","AO","Artisanal opportunities","average_yearly_change_in_scores",167,"Guyana",1.45536263736274,0.120272449966336
"2012 - 2025","AO","Artisanal opportunities","average_yearly_change_in_scores",168,"Suriname",0.311626373626391,0.411658649335703
"2012 - 2025","AO","Artisanal opportunities","average_yearly_change_in_scores",169,"French Guiana",0.185604395604401,9.80155784074234e-07
"2012 - 2025","AO","Artisanal opportunities","average_yearly_change_in_scores",171,"Brazil",-0.0869010989010909,0.201098786998624
"2012 - 2025","AO","Artisanal opportunities","average_yearly_change_in_scores",172,"Argentina",0.646395604395662,0.385493142184556
"2012 - 2025","AO","Artisanal opportunities","average_yearly_change_in_scores",173,"Uruguay",-2.13729670329683,1.34768284349321e-05
"2012 - 2025","AO","Artisanal opportunities","average_yearly_change_in_scores",174,"Finland",-1.16791208791214,0.000225459791672846
"2012 - 2025","AO","Artisanal opportunities","average_yearly_change_in_scores",175,"Denmark",0.315208791208805,0.00386039184165232
"2012 - 2025","AO","Artisanal opportunities","average_yearly_change_in_scores",176,"Germany",0.570417582417607,0.0356231629499178
"2012 - 2025","AO","Artisanal opportunities","average_yearly_change_in_scores",177,"Netherlands",0.853912087912084,0.0392632766094534
"2012 - 2025","AO","Artisanal opportunities","average_yearly_change_in_scores",178,"Poland",-0.233098901098879,0.443005525967966
"2012 - 2025","AO","Artisanal opportunities","average_yearly_change_in_scores",179,"France",0.329670329670352,0.00522025402872328
"2012 - 2025","AO","Artisanal opportunities","average_yearly_change_in_scores",180,"United Kingdom",-0.575076923076963,0.000160131145133388
"2012 - 2025","AO","Artisanal opportunities","average_yearly_change_in_scores",181,"Ireland",0.476835164835165,0.000316307496882649
"2012 - 2025","AO","Artisanal opportunities","average_yearly_change_in_scores",182,"Spain",0.284945054945086,0.0605885882009223
"2012 - 2025","AO","Artisanal opportunities","average_yearly_change_in_scores",183,"Portugal",0.965604395604523,0.0266264688821433
"2012 - 2025","AO","Artisanal opportunities","average_yearly_change_in_scores",184,"Italy",0.586263736263755,0.00136928135057567
"2012 - 2025","AO","Artisanal opportunities","average_yearly_change_in_scores",185,"Monaco",0.0651428571428684,0.427269724647571
"2012 - 2025","AO","Artisanal opportunities","average_yearly_change_in_scores",186,"Montenegro",-2.54230769230785,0.000311082990313701
"2012 - 2025","AO","Artisanal opportunities","average_yearly_change_in_scores",187,"Croatia",-0.00545054945053864,0.974088851335672
"2012 - 2025","AO","Artisanal opportunities","average_yearly_change_in_scores",188,"Slovenia",0.495362637362679,0.00764758291363143
"2012 - 2025","AO","Artisanal opportunities","average_yearly_change_in_scores",189,"Lithuania",-0.622923076923097,0.0626391676775802
"2012 - 2025","AO","Artisanal opportunities","average_yearly_change_in_scores",190,"Qatar",-2.63148192562387e-16,0.108864301063032
"2012 - 2025","AO","Artisanal opportunities","average_yearly_change_in_scores",191,"Iran",0.116813186813189,0.00341817219517511
"2012 - 2025","AO","Artisanal opportunities","average_yearly_change_in_scores",192,"Iraq",0.908197802197817,0.372068169672587
"2012 - 2025","AO","Artisanal opportunities","average_yearly_change_in_scores",193,"Guinea Bissau",-0.279648351648355,0.0014634886571151
"2012 - 2025","AO","Artisanal opportunities","average_yearly_change_in_scores",194,"Guinea",0.123450549450547,0.000600112981452793
"2012 - 2025","AO","Artisanal opportunities","average_yearly_change_in_scores",195,"Ivory Coast",-1.01351648351654,1.72229827354507e-05
"2012 - 2025","AO","Artisanal opportunities","average_yearly_change_in_scores",196,"Nigeria",0.274725274725281,0.567779363852591
"2012 - 2025","AO","Artisanal opportunities","average_yearly_change_in_scores",197,"Cameroon",-0.37259340659343,1.23168262177312e-05
"2012 - 2025","AO","Artisanal opportunities","average_yearly_change_in_scores",198,"Gabon",-0.077098901098912,0.0717514218397577
"2012 - 2025","AO","Artisanal opportunities","average_yearly_change_in_scores",199,"Democratic Republic of the Congo",-1.003054945055,0.0744245982428737
"2012 - 2025","AO","Artisanal opportunities","average_yearly_change_in_scores",200,"Angola",-0.947736263736311,7.27055613748859e-05
"2012 - 2025","AO","Artisanal opportunities","average_yearly_change_in_scores",202,"Tanzania",0.0534065934065717,0.616014834263748
"2012 - 2025","AO","Artisanal opportunities","average_yearly_change_in_scores",203,"India",-0.152219780219813,0.240643497932679
"2012 - 2025","AO","Artisanal opportunities","average_yearly_change_in_scores",204,"Bangladesh",3.31573626373646,0.000477568847735259
"2012 - 2025","AO","Artisanal opportunities","average_yearly_change_in_scores",205,"Myanmar",-0.385604395604465,0.719727593487186
"2012 - 2025","AO","Artisanal opportunities","average_yearly_change_in_scores",206,"Malaysia",0.315692307692317,0.000109040875974406
"2012 - 2025","AO","Artisanal opportunities","average_yearly_change_in_scores",207,"Vietnam",-2.18360439560453,1.11742477657177e-05
"2012 - 2025","AO","Artisanal opportunities","average_yearly_change_in_scores",208,"Singapore",-0.626681318681344,2.18032446417823e-05
"2012 - 2025","AO","Artisanal opportunities","average_yearly_change_in_scores",209,"China",0.713802197802223,2.04698080538055e-12
"2012 - 2025","AO","Artisanal opportunities","average_yearly_change_in_scores",210,"Japan",2.7218241758243,1.21211359731509e-05
"2012 - 2025","AO","Artisanal opportunities","average_yearly_change_in_scores",212,"Gilbert Islands (Kiribati)",0.0852087912087931,5.05594170154585e-07
"2012 - 2025","AO","Artisanal opportunities","average_yearly_change_in_scores",214,"Egypt",-0.0630989010988829,0.665419581027224
"2012 - 2025","AO","Artisanal opportunities","average_yearly_change_in_scores",215,"Jordan",0.772681318681342,0.46623120102172
"2012 - 2025","AO","Artisanal opportunities","average_yearly_change_in_scores",216,"Indonesia",-1.01046153846161,0.0256511383157022
"2012 - 2025","AO","Artisanal opportunities","average_yearly_change_in_scores",218,"Canada",-1.60797802197809,1.21523565215844e-05
"2012 - 2025","AO","Artisanal opportunities","average_yearly_change_in_scores",219,"Saint Pierre and Miquelon",1.03560439560442,2.08300084877678e-05
"2012 - 2025","AO","Artisanal opportunities","average_yearly_change_in_scores",220,"Sint Maarten",-0.5314285714286,0.0742684709878036
"2012 - 2025","AO","Artisanal opportunities","average_yearly_change_in_scores",221,"Northern Saint-Martin",-0.501186813186845,0.166612249011288
"2012 - 2025","AO","Artisanal opportunities","average_yearly_change_in_scores",222,"Sweden",-0.350351648351663,0.0196890848320816
"2012 - 2025","AO","Artisanal opportunities","average_yearly_change_in_scores",223,"Norway",-0.145604395604395,0.0164149197795733
"2012 - 2025","AO","Artisanal opportunities","average_yearly_change_in_scores",224,"Chile",1.96657142857158,0.00235965366504863
"2012 - 2025","AO","Artisanal opportunities","average_yearly_change_in_scores",227,"Jersey",0.382351648351662,6.63865113388613e-06
"2012 - 2025","AO","Artisanal opportunities","average_yearly_change_in_scores",228,"Guernsey",0.382351648351662,6.63865113388613e-06
"2012 - 2025","AO","Artisanal opportunities","average_yearly_change_in_scores",231,"East Timor",-0.325780219780221,0.00285576911694196
"2012 - 2025","AO","Artisanal opportunities","average_yearly_change_in_scores",232,"Bosnia and Herzegovina",0.586263736263767,8.14398081021523e-10
"2012 - 2025","AO","Artisanal opportunities","average_yearly_change_in_scores",237,"Oecussi Ambeno",0.874263736263775,0.0291375019990992
"2012 - 2025","AO","Artisanal opportunities","average_yearly_change_in_scores",244,"Curacao",-0.799604395604429,0.0567677592954507
"2012 - 2025","AO","Artisanal opportunities","average_yearly_change_in_scores",245,"Bonaire",-0.651736263736293,0.0901750117263817
"2012 - 2025","AO","Artisanal opportunities","average_yearly_change_in_scores",247,"Brunei",1.52536263736275,0.00198794135925917
"2012 - 2025","AO","Artisanal opportunities","average_yearly_change_in_scores",248,"Saba",-0.499890109890138,0.216291625507828
"2012 - 2025","AO","Artisanal opportunities","average_yearly_change_in_scores",249,"Sint Eustatius",-0.499890109890138,0.216291625507828
"2012 - 2025","AO","Artisanal opportunities","average_yearly_change_in_scores",250,"Aruba",-0.396219780219808,0.35316249516417
"2012 - 2025","BD","Biodiversity","average_yearly_change_in_scores",0,"Global average",-0.0212967032967091,0.339533943405533
"2012 - 2025","BD","Biodiversity","average_yearly_change_in_scores",1,"Cocos Islands",0.087780219780214,0.119884160901792
"2012 - 2025","BD","Biodiversity","average_yearly_change_in_scores",2,"Christmas Island",0.77925274725276,0.00553684644288479
"2012 - 2025","BD","Biodiversity","average_yearly_change_in_scores",3,"Norfolk Island",0.243164835164838,0.00264010091942718
"2012 - 2025","BD","Biodiversity","average_yearly_change_in_scores",4,"Macquarie Island",0.424043956043966,0.00109323916363504
"2012 - 2025","BD","Biodiversity","average_yearly_change_in_scores",5,"New Caledonia",-0.168351648351658,5.287272586068e-12
"2012 - 2025","BD","Biodiversity","average_yearly_change_in_scores",6,"Vanuatu",-0.143670329670339,1.36585388743032e-10
"2012 - 2025","BD","Biodiversity","average_yearly_change_in_scores",7,"Solomon Islands",-0.182241758241766,0.000272609746600346
"2012 - 2025","BD","Biodiversity","average_yearly_change_in_scores",8,"Palau",-0.121450549450557,1.89882169836876e-05
"2012 - 2025","BD","Biodiversity","average_yearly_change_in_scores",9,"Micronesia",-0.0391648351648405,0.036745928613243
"2012 - 2025","BD","Biodiversity","average_yearly_change_in_scores",10,"Nauru",-0.872505494505508,0.00592232527585296
"2012 - 2025","BD","Biodiversity","average_yearly_change_in_scores",11,"Marshall Islands",-0.115384615384622,4.1876611471809e-07
"2012 - 2025","BD","Biodiversity","average_yearly_change_in_scores",12,"Wake Island",-0.248417582417596,3.16330960973236e-16
"2012 - 2025","BD","Biodiversity","average_yearly_change_in_scores",13,"Northern Mariana Islands and Guam",0.312571428571451,0.0132413462405484
"2012 - 2025","BD","Biodiversity","average_yearly_change_in_scores",14,"Taiwan",-0.316659340659355,2.86672459203315e-09
"2012 - 2025","BD","Biodiversity","average_yearly_change_in_scores",15,"Philippines",0.222637362637371,0.005538164353537
"2012 - 2025","BD","Biodiversity","average_yearly_change_in_scores",16,"Australia",-0.130879120879129,3.77167937792692e-08
"2012 - 2025","BD","Biodiversity","average_yearly_change_in_scores",17,"Papua New Guinea",-0.318021978021988,1.25158772736413e-05
"2012 - 2025","BD","Biodiversity","average_yearly_change_in_scores",18,"Fiji",-0.140637362637371,2.36541958063694e-15
"2012 - 2025","BD","Biodiversity","average_yearly_change_in_scores",19,"Tuvalu",-0.166175824175832,1.18737127857425e-09
"2012 - 2025","BD","Biodiversity","average_yearly_change_in_scores",20,"South Korea",-0.275384615384631,8.27259346408518e-08
"2012 - 2025","BD","Biodiversity","average_yearly_change_in_scores",21,"North Korea",-0.0361098901098971,0.171775603336657
"2012 - 2025","BD","Biodiversity","average_yearly_change_in_scores",24,"Cambodia",0.208769230769233,0.022368776327734
"2012 - 2025","BD","Biodiversity","average_yearly_change_in_scores",25,"Thailand",0.120593406593403,0.0915791193185938
"2012 - 2025","BD","Biodiversity","average_yearly_change_in_scores",26,"Andaman and Nicobar",0.361428571428564,0.0964294014295952
"2012 - 2025","BD","Biodiversity","average_yearly_change_in_scores",28,"Comoro Islands",0.000505494505491552,0.982052466928585
"2012 - 2025","BD","Biodiversity","average_yearly_change_in_scores",29,"Mayotte",0.016197802197807,0.717603708721685
"2012 - 2025","BD","Biodiversity","average_yearly_change_in_scores",30,"Glorioso Islands",0.163934065934086,0.192328135020099
"2012 - 2025","BD","Biodiversity","average_yearly_change_in_scores",31,"Seychelles",-0.129582417582424,5.83824443129331e-15
"2012 - 2025","BD","Biodiversity","average_yearly_change_in_scores",32,"Réunion",0.165142857142818,0.307054607252441
"2012 - 2025","BD","Biodiversity","average_yearly_change_in_scores",33,"Juan de Nova Island",0.30010989010987,0.371821621529697
"2012 - 2025","BD","Biodiversity","average_yearly_change_in_scores",34,"Bassas da India",0.474285714285717,0.016967980159424
"2012 - 2025","BD","Biodiversity","average_yearly_change_in_scores",35,"Ile Europa",-0.0555164835164859,2.10493607133033e-16
"2012 - 2025","BD","Biodiversity","average_yearly_change_in_scores",36,"Ile Tromelin",-0.208791208791219,4.39177073470378e-16
"2012 - 2025","BD","Biodiversity","average_yearly_change_in_scores",37,"Mauritius",-0.371032967032985,3.18980768939136e-06
"2012 - 2025","BD","Biodiversity","average_yearly_change_in_scores",38,"British Indian Ocean Territory",-0.13373626373627,2.09185496693978e-11
"2012 - 2025","BD","Biodiversity","average_yearly_change_in_scores",39,"Maldives",-0.0456703296703384,0.120441189435777
"2012 - 2025","BD","Biodiversity","average_yearly_change_in_scores",40,"Sri Lanka",-0.0165714285714373,0.690946844273861
"2012 - 2025","BD","Biodiversity","average_yearly_change_in_scores",41,"Mozambique",-0.143714285714292,1.71620852603839e-05
"2012 - 2025","BD","Biodiversity","average_yearly_change_in_scores",42,"Madagascar",0.25558241758242,0.0053124246330148
"2012 - 2025","BD","Biodiversity","average_yearly_change_in_scores",43,"Kenya",-0.115428571428579,1.02345800665803e-13
"2012 - 2025","BD","Biodiversity","average_yearly_change_in_scores",44,"Somalia",-0.207824175824192,1.16417466161464e-05
"2012 - 2025","BD","Biodiversity","average_yearly_change_in_scores",45,"Eritrea",-0.167054945054957,0.000223997717935907
"2012 - 2025","BD","Biodiversity","average_yearly_change_in_scores",46,"Djibouti",-0.109538461538473,0.00031811010308345
"2012 - 2025","BD","Biodiversity","average_yearly_change_in_scores",47,"Yemen",-0.220021978021994,2.14417411174625e-06
"2012 - 2025","BD","Biodiversity","average_yearly_change_in_scores",48,"Oman",-0.349516483516503,9.69369554443995e-10
"2012 - 2025","BD","Biodiversity","average_yearly_change_in_scores",49,"Sudan",-0.136285714285726,4.31194206082729e-05
"2012 - 2025","BD","Biodiversity","average_yearly_change_in_scores",50,"Saudi Arabia",-0.161824175824188,3.05660004565144e-06
"2012 - 2025","BD","Biodiversity","average_yearly_change_in_scores",51,"Kuwait",-0.166373626373635,0.0011076296690785
"2012 - 2025","BD","Biodiversity","average_yearly_change_in_scores",52,"Bahrain",-0.123692307692317,0.0123925891966025
"2012 - 2025","BD","Biodiversity","average_yearly_change_in_scores",53,"Pakistan",-0.167538461538472,8.42630894813528e-09
"2012 - 2025","BD","Biodiversity","average_yearly_change_in_scores",54,"United Arab Emirates",-0.287978021978036,5.29784587244657e-08
"2012 - 2025","BD","Biodiversity","average_yearly_change_in_scores",55,"Azores",-0.0247252747252776,0.0485903536653533
"2012 - 2025","BD","Biodiversity","average_yearly_change_in_scores",56,"Cape Verde",0.138000000000016,0.0574290873653987
"2012 - 2025","BD","Biodiversity","average_yearly_change_in_scores",57,"Madeira",0.348549450549453,0.0176449363928869
"2012 - 2025","BD","Biodiversity","average_yearly_change_in_scores",58,"Canary Islands",-0.0194725274725338,0.556911672311251
"2012 - 2025","BD","Biodiversity","average_yearly_change_in_scores",59,"Belgium",0.0340879120879135,0.0161391897517085
"2012 - 2025","BD","Biodiversity","average_yearly_change_in_scores",60,"Gibraltar",-0.257010989010998,1.55106663298218e-09
"2012 - 2025","BD","Biodiversity","average_yearly_change_in_scores",61,"Tunisia",-0.299450549450559,4.88958016385385e-07
"2012 - 2025","BD","Biodiversity","average_yearly_change_in_scores",62,"Morocco",0.0463516483516427,0.454958884562666
"2012 - 2025","BD","Biodiversity","average_yearly_change_in_scores",63,"Western Sahara",-0.0782197802197844,7.01655642983971e-05
"2012 - 2025","BD","Biodiversity","average_yearly_change_in_scores",64,"Mauritania",-0.0598241758241818,0.26824929933123
"2012 - 2025","BD","Biodiversity","average_yearly_change_in_scores",65,"Gambia",-0.0381098901098925,0.00401560059848975
"2012 - 2025","BD","Biodiversity","average_yearly_change_in_scores",66,"Senegal",-0.0729010989011,0.0193869189195201
"2012 - 2025","BD","Biodiversity","average_yearly_change_in_scores",67,"Libya",-0.260791208791229,6.63516448842796e-07
"2012 - 2025","BD","Biodiversity","average_yearly_change_in_scores",68,"Malta",-0.351032967032976,7.69243608103203e-06
"2012 - 2025","BD","Biodiversity","average_yearly_change_in_scores",69,"Latvia",0.101648351648355,0.0136562622633816
"2012 - 2025","BD","Biodiversity","average_yearly_change_in_scores",70,"Estonia",0.0587252747252755,0.113151926075522
"2012 - 2025","BD","Biodiversity","average_yearly_change_in_scores",71,"Bulgaria",-0.307824175824187,3.15975616118062e-10
"2012 - 2025","BD","Biodiversity","average_yearly_change_in_scores",72,"Romania",0.0952307692307713,0.190693978699654
"2012 - 2025","BD","Biodiversity","average_yearly_change_in_scores",73,"Russia",0.0390329670329656,0.0544295645530444
"2012 - 2025","BD","Biodiversity","average_yearly_change_in_scores",74,"Georgia",-0.289670329670347,1.40066895747448e-05
"2012 - 2025","BD","Biodiversity","average_yearly_change_in_scores",75,"Ukraine",-0.136461538461549,0.000146716022242729
"2012 - 2025","BD","Biodiversity","average_yearly_change_in_scores",76,"Turkey",-0.10098901098902,0.0098987574678314
"2012 - 2025","BD","Biodiversity","average_yearly_change_in_scores",77,"Syria",-0.276043956043961,0.00120631350885995
"2012 - 2025","BD","Biodiversity","average_yearly_change_in_scores",78,"Lebanon",-0.200505494505502,0.000973967756380284
"2012 - 2025","BD","Biodiversity","average_yearly_change_in_scores",79,"Israel",-0.210857142857153,6.88561760522416e-09
"2012 - 2025","BD","Biodiversity","average_yearly_change_in_scores",80,"Greece",-0.245868131868145,2.20825271089194e-10
"2012 - 2025","BD","Biodiversity","average_yearly_change_in_scores",81,"Cyprus",-0.267802197802212,1.09739993333516e-10
"2012 - 2025","BD","Biodiversity","average_yearly_change_in_scores",82,"Albania",-0.289912087912087,0.00027690245147113
"2012 - 2025","BD","Biodiversity","average_yearly_change_in_scores",84,"Algeria",0.0272087912087845,0.639938499490583
"2012 - 2025","BD","Biodiversity","average_yearly_change_in_scores",85,"Ascension",0.285098901098928,0.0886212123853017
"2012 - 2025","BD","Biodiversity","average_yearly_change_in_scores",86,"Saint Helena",-0.0397142857142917,0.00246253830704373
"2012 - 2025","BD","Biodiversity","average_yearly_change_in_scores",88,"Tristan da Cunha",0.48967032967034,0.000794076612117368
"2012 - 2025","BD","Biodiversity","average_yearly_change_in_scores",89,"South Georgia and the South Sandwich Islands",-0.531890109890144,0.00385490155354097
"2012 - 2025","BD","Biodiversity","average_yearly_change_in_scores",90,"Prince Edward Islands",0.0738021978022024,0.00391271530480443
"2012 - 2025","BD","Biodiversity","average_yearly_change_in_scores",91,"Crozet Islands",0.0640000000000014,8.68739598201669e-16
"2012 - 2025","BD","Biodiversity","average_yearly_change_in_scores",92,"Amsterdam Island and Saint Paul Island",0.399164835164844,0.00352819659593808
"2012 - 2025","BD","Biodiversity","average_yearly_change_in_scores",93,"Kerguelen Islands",0.304087912087917,0.0119447952909796
"2012 - 2025","BD","Biodiversity","average_yearly_change_in_scores",94,"Heard and McDonald Islands",0.74973626373628,0.00151773054296639
"2012 - 2025","BD","Biodiversity","average_yearly_change_in_scores",95,"Falkland Islands",0.0809450549450537,3.09375700263112e-05
"2012 - 2025","BD","Biodiversity","average_yearly_change_in_scores",96,"Sierra Leone",-0.311340659340676,2.52222653817012e-05
"2012 - 2025","BD","Biodiversity","average_yearly_change_in_scores",97,"Liberia",-0.205560439560456,0.000903577130599499
"2012 - 2025","BD","Biodiversity","average_yearly_change_in_scores",98,"Togo",-0.0930769230769299,8.47916369744362e-06
"2012 - 2025","BD","Biodiversity","average_yearly_change_in_scores",99,"Benin",-0.216725274725292,1.38426421292871e-05
"2012 - 2025","BD","Biodiversity","average_yearly_change_in_scores",100,"Republique du Congo",-0.145472527472537,0.000644843455191742
"2012 - 2025","BD","Biodiversity","average_yearly_change_in_scores",101,"Namibia",-0.13134065934066,0.00176939273578618
"2012 - 2025","BD","Biodiversity","average_yearly_change_in_scores",102,"South Africa",-0.0538681318681361,0.00160274686255815
"2012 - 2025","BD","Biodiversity","average_yearly_change_in_scores",103,"Sao Tome and Principe",0.0146373626373628,0.632557180741727
"2012 - 2025","BD","Biodiversity","average_yearly_change_in_scores",104,"Equatorial Guinea",-0.157252747252762,0.000585660480514842
"2012 - 2025","BD","Biodiversity","average_yearly_change_in_scores",105,"Bouvet Island",-1.65815384615396,0.0109710868091047
"2012 - 2025","BD","Biodiversity","average_yearly_change_in_scores",106,"Ghana",-0.152703296703305,6.64174908524825e-07
"2012 - 2025","BD","Biodiversity","average_yearly_change_in_scores",107,"Clipperton Island",0.493758241758245,0.0231480097618388
"2012 - 2025","BD","Biodiversity","average_yearly_change_in_scores",108,"Bermuda",0.163802197802199,0.0176890173976082
"2012 - 2025","BD","Biodiversity","average_yearly_change_in_scores",110,"Bahamas",-0.152527472527484,3.96277297309519e-09
"2012 - 2025","BD","Biodiversity","average_yearly_change_in_scores",111,"Turks and Caicos Islands",0.0242197802197786,0.14940723484423
"2012 - 2025","BD","Biodiversity","average_yearly_change_in_scores",112,"Cuba",-0.200615384615396,6.34977827387847e-09
"2012 - 2025","BD","Biodiversity","average_yearly_change_in_scores",113,"Cayman Islands",-0.0516043956044007,0.001625010708101
"2012 - 2025","BD","Biodiversity","average_yearly_change_in_scores",114,"Haiti",-0.120197802197816,0.000264060628823661
"2012 - 2025","BD","Biodiversity","average_yearly_change_in_scores",115,"Dominican Republic",-0.122505494505501,7.66461943936044e-14
"2012 - 2025","BD","Biodiversity","average_yearly_change_in_scores",116,"Puerto Rico and Virgin Islands of the United States",-0.142175824175836,0.00809868214938681
"2012 - 2025","BD","Biodiversity","average_yearly_change_in_scores",117,"British Virgin Islands",-0.183516483516489,0.024252684398871
"2012 - 2025","BD","Biodiversity","average_yearly_change_in_scores",118,"Anguilla",-0.0848571428571491,9.11376407874021e-09
"2012 - 2025","BD","Biodiversity","average_yearly_change_in_scores",119,"Saint Kitts and Nevis",-0.135714285714296,0.000139353532154539
"2012 - 2025","BD","Biodiversity","average_yearly_change_in_scores",120,"Antigua and Barbuda",-0.129450549450562,0.000197786464959818
"2012 - 2025","BD","Biodiversity","average_yearly_change_in_scores",121,"Montserrat",-0.172769230769241,2.86118517616728e-15
"2012 - 2025","BD","Biodiversity","average_yearly_change_in_scores",122,"Saint Lucia",-0.141142857142869,0.0134125690217004
"2012 - 2025","BD","Biodiversity","average_yearly_change_in_scores",123,"Dominica",-0.129780219780229,3.64698164923836e-07
"2012 - 2025","BD","Biodiversity","average_yearly_change_in_scores",124,"Barbados",-0.020197802197805,0.0153553567634018
"2012 - 2025","BD","Biodiversity","average_yearly_change_in_scores",125,"Grenada",-0.181780219780231,4.22285971330031e-09
"2012 - 2025","BD","Biodiversity","average_yearly_change_in_scores",126,"Trinidad and Tobago",-0.241274725274737,3.36307742402861e-21
"2012 - 2025","BD","Biodiversity","average_yearly_change_in_scores",127,"Saint Vincent and the Grenadines",-0.0911208791208853,0.0371541847430409
"2012 - 2025","BD","Biodiversity","average_yearly_change_in_scores",129,"Panama",-0.173824175824186,4.69707833819916e-11
"2012 - 2025","BD","Biodiversity","average_yearly_change_in_scores",130,"Costa Rica",-0.132351648351652,3.43979727843716e-08
"2012 - 2025","BD","Biodiversity","average_yearly_change_in_scores",131,"Nicaragua",-0.266483516483531,1.15553037030165e-12
"2012 - 2025","BD","Biodiversity","average_yearly_change_in_scores",132,"Colombia",-0.134593406593413,8.75526634190641e-12
"2012 - 2025","BD","Biodiversity","average_yearly_change_in_scores",133,"Honduras",-0.264747252747267,6.7177483591423e-13
"2012 - 2025","BD","Biodiversity","average_yearly_change_in_scores",134,"El Salvador",-0.0844835164835255,0.000282198124888044
"2012 - 2025","BD","Biodiversity","average_yearly_change_in_scores",135,"Mexico",-0.173230769230779,1.77320949006638e-13
"2012 - 2025","BD","Biodiversity","average_yearly_change_in_scores",136,"Guatemala",-0.0445714285714329,0.0796491052001483
"2012 - 2025","BD","Biodiversity","average_yearly_change_in_scores",137,"Ecuador",-0.0904835164835233,2.08011454998227e-05
"2012 - 2025","BD","Biodiversity","average_yearly_change_in_scores",138,"Peru",-0.0109670329670325,0.602855892021949
"2012 - 2025","BD","Biodiversity","average_yearly_change_in_scores",139,"Venezuela",-0.244923076923087,7.72365392963711e-09
"2012 - 2025","BD","Biodiversity","average_yearly_change_in_scores",140,"Guadeloupe and Martinique",-0.11828571428572,3.55748182691605e-11
"2012 - 2025","BD","Biodiversity","average_yearly_change_in_scores",141,"Faeroe Islands",0.0841098901098917,0.00117500141780383
"2012 - 2025","BD","Biodiversity","average_yearly_change_in_scores",143,"Iceland",0.362593406593431,0.0064278003649695
"2012 - 2025","BD","Biodiversity","average_yearly_change_in_scores",144,"Jan Mayen",0.795582417582461,9.52995057679606e-06
"2012 - 2025","BD","Biodiversity","average_yearly_change_in_scores",145,"Greenland",-0.0539120879120902,0.0206304211187297
"2012 - 2025","BD","Biodiversity","average_yearly_change_in_scores",146,"Pitcairn",-0.0936923076923133,2.99549688754423e-16
"2012 - 2025","BD","Biodiversity","average_yearly_change_in_scores",147,"French Polynesia",-0.119582417582424,6.17948202330771e-17
"2012 - 2025","BD","Biodiversity","average_yearly_change_in_scores",148,"Line Islands (Kiribati)",-0.199340659340671,2.78383195650453e-09
"2012 - 2025","BD","Biodiversity","average_yearly_change_in_scores",149,"Jarvis Island",0.565868131868126,0.00653324719537916
"2012 - 2025","BD","Biodiversity","average_yearly_change_in_scores",150,"Palmyra Atoll",-0.19200000000004,0.461365961585628
"2012 - 2025","BD","Biodiversity","average_yearly_change_in_scores",151,"American Samoa",-0.144835164835173,3.1059795289232e-16
"2012 - 2025","BD","Biodiversity","average_yearly_change_in_scores",152,"Samoa",-0.143846153846162,3.35743847611479e-16
"2012 - 2025","BD","Biodiversity","average_yearly_change_in_scores",153,"Cook Islands",-0.134351648351655,1.024059435665e-14
"2012 - 2025","BD","Biodiversity","average_yearly_change_in_scores",154,"Niue",-0.176813186813192,4.71145388221677e-08
"2012 - 2025","BD","Biodiversity","average_yearly_change_in_scores",155,"Tonga",-0.130593406593416,1.08842831461545e-09
"2012 - 2025","BD","Biodiversity","average_yearly_change_in_scores",156,"Tokelau",-0.163274725274734,3.90337865207535e-16
"2012 - 2025","BD","Biodiversity","average_yearly_change_in_scores",157,"Phoenix Islands (Kiribati)",-0.213098901098915,2.35094878980943e-07
"2012 - 2025","BD","Biodiversity","average_yearly_change_in_scores",158,"Howland Island and Baker Island",0.523164835164795,0.0601237697660287
"2012 - 2025","BD","Biodiversity","average_yearly_change_in_scores",159,"Johnston Atoll",0.45094505494506,0.107302685475336
"2012 - 2025","BD","Biodiversity","average_yearly_change_in_scores",161,"Wallis and Futuna",-0.146043956043962,8.1340251354507e-15
"2012 - 2025","BD","Biodiversity","average_yearly_change_in_scores",162,"New Zealand",0.0362197802197814,2.6608028445275e-05
"2012 - 2025","BD","Biodiversity","average_yearly_change_in_scores",163,"United States",-0.00340659340659278,0.919169477634728
"2012 - 2025","BD","Biodiversity","average_yearly_change_in_scores",164,"Belize",-0.208043956043967,8.7202903602035e-10
"2012 - 2025","BD","Biodiversity","average_yearly_change_in_scores",166,"Jamaica",-0.177802197802207,1.99934015491359e-09
"2012 - 2025","BD","Biodiversity","average_yearly_change_in_scores",167,"Guyana",-0.0260879120879195,0.663676597460468
"2012 - 2025","BD","Biodiversity","average_yearly_change_in_scores",168,"Suriname",-0.0159560439560488,0.677380942792827
"2012 - 2025","BD","Biodiversity","average_yearly_change_in_scores",169,"French Guiana",-0.0934285714285768,1.29400259814648e-07
"2012 - 2025","BD","Biodiversity","average_yearly_change_in_scores",171,"Brazil",-0.0699560439560495,7.4516842798159e-05
"2012 - 2025","BD","Biodiversity","average_yearly_change_in_scores",172,"Argentina",-0.00129670329670497,0.939481352500414
"2012 - 2025","BD","Biodiversity","average_yearly_change_in_scores",173,"Uruguay",-0.144021978021982,0.00096504161075737
"2012 - 2025","BD","Biodiversity","average_yearly_change_in_scores",174,"Finland",-0.0121098901098898,0.780252369393982
"2012 - 2025","BD","Biodiversity","average_yearly_change_in_scores",175,"Denmark",0.0523736263736303,0.00190414789478852
"2012 - 2025","BD","Biodiversity","average_yearly_change_in_scores",176,"Germany",0.0827472527472562,2.18976473953989e-06
"2012 - 2025","BD","Biodiversity","average_yearly_change_in_scores",177,"Netherlands",0.432945054945079,6.61665536626956e-06
"2012 - 2025","BD","Biodiversity","average_yearly_change_in_scores",178,"Poland",0.255626373626385,1.49982054369007e-05
"2012 - 2025","BD","Biodiversity","average_yearly_change_in_scores",179,"France",0.321010989011005,1.99024173400636e-08
"2012 - 2025","BD","Biodiversity","average_yearly_change_in_scores",180,"United Kingdom",0.181802197802205,4.64698412763324e-07
"2012 - 2025","BD","Biodiversity","average_yearly_change_in_scores",181,"Ireland",0.11859340659341,1.91937776286003e-08
"2012 - 2025","BD","Biodiversity","average_yearly_change_in_scores",182,"Spain",-0.0715604395604424,8.12581824853599e-08
"2012 - 2025","BD","Biodiversity","average_yearly_change_in_scores",183,"Portugal",-0.0144835164835175,0.173574583698955
"2012 - 2025","BD","Biodiversity","average_yearly_change_in_scores",184,"Italy",-0.24503296703298,1.91637212863896e-11
"2012 - 2025","BD","Biodiversity","average_yearly_change_in_scores",185,"Monaco",-0.328505494505512,3.41722179837661e-16
"2012 - 2025","BD","Biodiversity","average_yearly_change_in_scores",186,"Montenegro",-0.249780219780234,5.13756701433767e-12
"2012 - 2025","BD","Biodiversity","average_yearly_change_in_scores",187,"Croatia",-0.252989010989025,8.93111121568753e-11
"2012 - 2025","BD","Biodiversity","average_yearly_change_in_scores",188,"Slovenia",-0.262637362637378,2.73745196634026e-17
"2012 - 2025","BD","Biodiversity","average_yearly_change_in_scores",189,"Lithuania",0.200065934065942,0.000269017630939143
"2012 - 2025","BD","Biodiversity","average_yearly_change_in_scores",190,"Qatar",-0.289604395604408,4.83740318510082e-08
"2012 - 2025","BD","Biodiversity","average_yearly_change_in_scores",191,"Iran",-0.250901098901111,8.57755502882199e-07
"2012 - 2025","BD","Biodiversity","average_yearly_change_in_scores",192,"Iraq",-0.118263736263739,0.0518427071890822
"2012 - 2025","BD","Biodiversity","average_yearly_change_in_scores",193,"Guinea Bissau",-0.178571428571436,4.21949603701654e-05
"2012 - 2025","BD","Biodiversity","average_yearly_change_in_scores",194,"Guinea",-0.453428571428596,8.63969273378348e-06
"2012 - 2025","BD","Biodiversity","average_yearly_change_in_scores",195,"Ivory Coast",-0.189516483516494,0.0609053409568328
"2012 - 2025","BD","Biodiversity","average_yearly_change_in_scores",196,"Nigeria",-0.00925274725275884,0.845706227032308
"2012 - 2025","BD","Biodiversity","average_yearly_change_in_scores",197,"Cameroon",-0.00358241758242049,0.886179558895248
"2012 - 2025","BD","Biodiversity","average_yearly_change_in_scores",198,"Gabon",-0.252285714285734,0.000167102279163146
"2012 - 2025","BD","Biodiversity","average_yearly_change_in_scores",199,"Democratic Republic of the Congo",-0.254373626373636,2.14517691320247e-08
"2012 - 2025","BD","Biodiversity","average_yearly_change_in_scores",200,"Angola",0.324043956043965,0.00528526320635354
"2012 - 2025","BD","Biodiversity","average_yearly_change_in_scores",202,"Tanzania",-0.124659340659347,4.54264224525963e-13
"2012 - 2025","BD","Biodiversity","average_yearly_change_in_scores",203,"India",0.142087912087897,0.220930636374511
"2012 - 2025","BD","Biodiversity","average_yearly_change_in_scores",204,"Bangladesh",-0.270637362637381,3.62303199852472e-06
"2012 - 2025","BD","Biodiversity","average_yearly_change_in_scores",205,"Myanmar",-0.127824175824195,0.0832304988734585
"2012 - 2025","BD","Biodiversity","average_yearly_change_in_scores",206,"Malaysia",0.117758241758241,0.0462412921416066
"2012 - 2025","BD","Biodiversity","average_yearly_change_in_scores",207,"Vietnam",0.389802197802208,0.00416834908975639
"2012 - 2025","BD","Biodiversity","average_yearly_change_in_scores",208,"Singapore",0.0173406593406547,0.779657287818238
"2012 - 2025","BD","Biodiversity","average_yearly_change_in_scores",209,"China",-0.143494505494517,6.40196947829293e-05
"2012 - 2025","BD","Biodiversity","average_yearly_change_in_scores",210,"Japan",-0.130373626373634,5.77584010884122e-12
"2012 - 2025","BD","Biodiversity","average_yearly_change_in_scores",212,"Gilbert Islands (Kiribati)",-0.166439560439564,0.0193103509229358
"2012 - 2025","BD","Biodiversity","average_yearly_change_in_scores",214,"Egypt",-0.157472527472528,0.0295388027660575
"2012 - 2025","BD","Biodiversity","average_yearly_change_in_scores",215,"Jordan",-0.170000000000014,2.09220113710884e-09
"2012 - 2025","BD","Biodiversity","average_yearly_change_in_scores",216,"Indonesia",0.336329670329671,0.0154447144683789
"2012 - 2025","BD","Biodiversity","average_yearly_change_in_scores",218,"Canada",0.0990989010989006,0.0849736674166975
"2012 - 2025","BD","Biodiversity","average_yearly_change_in_scores",219,"Saint Pierre and Miquelon",0.542021978021997,0.00043180025851319
"2012 - 2025","BD","Biodiversity","average_yearly_change_in_scores",220,"Sint Maarten",-0.239054945054956,6.29478501195024e-05
"2012 - 2025","BD","Biodiversity","average_yearly_change_in_scores",221,"Northern Saint-Martin",-0.21793406593408,0.000107634035658164
"2012 - 2025","BD","Biodiversity","average_yearly_change_in_scores",222,"Sweden",-0.00993406593406972,0.730852144707747
"2012 - 2025","BD","Biodiversity","average_yearly_change_in_scores",223,"Norway",0.0849890109890158,0.00202035463657149
"2012 - 2025","BD","Biodiversity","average_yearly_change_in_scores",224,"Chile",0.0895164835164904,1.78098614460659e-05
"2012 - 2025","BD","Biodiversity","average_yearly_change_in_scores",227,"Jersey",0.0792087912087902,1.24349431260448e-05
"2012 - 2025","BD","Biodiversity","average_yearly_change_in_scores",228,"Guernsey",0.0105714285714289,0.441568828592024
"2012 - 2025","BD","Biodiversity","average_yearly_change_in_scores",231,"East Timor",0.205494505494505,0.0184602154961639
"2012 - 2025","BD","Biodiversity","average_yearly_change_in_scores",232,"Bosnia and Herzegovina",-0.502417582417609,8.73982932390928e-13
"2012 - 2025","BD","Biodiversity","average_yearly_change_in_scores",237,"Oecussi Ambeno",0.458967032967033,0.0248661979621819
"2012 - 2025","BD","Biodiversity","average_yearly_change_in_scores",244,"Curacao",-0.111164835164841,4.28748207513449e-16
"2012 - 2025","BD","Biodiversity","average_yearly_change_in_scores",245,"Bonaire",-0.166043956043974,0.484086957955592
"2012 - 2025","BD","Biodiversity","average_yearly_change_in_scores",247,"Brunei",-0.118065934065938,1.19809499552632e-07
"2012 - 2025","BD","Biodiversity","average_yearly_change_in_scores",248,"Saba",-0.270373626373636,0.000545372177079759
"2012 - 2025","BD","Biodiversity","average_yearly_change_in_scores",249,"Sint Eustatius",-0.142747252747261,0.00319408143765452
"2012 - 2025","BD","Biodiversity","average_yearly_change_in_scores",250,"Aruba",-0.147582417582427,4.54844143508042e-16
"2012 - 2025","CP","Coastal protection","average_yearly_change_in_scores",0,"Global average",0.0211208791208812,0.428208407450582
"2012 - 2025","CP","Coastal protection","average_yearly_change_in_scores",1,"Cocos Islands",-3.29913351606191e-15,0.108864301063032
"2012 - 2025","CP","Coastal protection","average_yearly_change_in_scores",2,"Christmas Island",3.21458788603511e-15,0.108864301063032
"2012 - 2025","CP","Coastal protection","average_yearly_change_in_scores",3,"Norfolk Island",-2.63148192562387e-16,0.108864301063032
"2012 - 2025","CP","Coastal protection","average_yearly_change_in_scores",4,"Macquarie Island",-2.63148192562387e-16,0.108864301063032
"2012 - 2025","CP","Coastal protection","average_yearly_change_in_scores",5,"New Caledonia",0.00206593406593367,6.1299267545817e-06
"2012 - 2025","CP","Coastal protection","average_yearly_change_in_scores",6,"Vanuatu",-0.0284175824175858,0.079483788107751
"2012 - 2025","CP","Coastal protection","average_yearly_change_in_scores",7,"Solomon Islands",9.78842834321696e-17,0.999999999999996
"2012 - 2025","CP","Coastal protection","average_yearly_change_in_scores",8,"Palau",0.00197802197802409,0.000223310793385263
"2012 - 2025","CP","Coastal protection","average_yearly_change_in_scores",9,"Micronesia",0.00575824175823941,0.108702471494872
"2012 - 2025","CP","Coastal protection","average_yearly_change_in_scores",10,"Nauru",-0.0247032967032977,0.474196171205476
"2012 - 2025","CP","Coastal protection","average_yearly_change_in_scores",11,"Marshall Islands",-4.29397518618673e-15,0.108864301063032
"2012 - 2025","CP","Coastal protection","average_yearly_change_in_scores",12,"Wake Island",-3.98013697127875e-16,0.108864301063032
"2012 - 2025","CP","Coastal protection","average_yearly_change_in_scores",13,"Northern Mariana Islands and Guam",-1.97454275279974e-15,0.108864301063032
"2012 - 2025","CP","Coastal protection","average_yearly_change_in_scores",14,"Taiwan",-0.00516483516483443,2.5196755356642e-06
"2012 - 2025","CP","Coastal protection","average_yearly_change_in_scores",15,"Philippines",0.186285714285722,1.87128860599395e-05
"2012 - 2025","CP","Coastal protection","average_yearly_change_in_scores",16,"Australia",0.00659340659340421,0.00162426240690914
"2012 - 2025","CP","Coastal protection","average_yearly_change_in_scores",17,"Papua New Guinea",-0.0104835164835198,0.456393684793661
"2012 - 2025","CP","Coastal protection","average_yearly_change_in_scores",18,"Fiji",0.00131868131868075,0.0222703567056486
"2012 - 2025","CP","Coastal protection","average_yearly_change_in_scores",19,"Tuvalu",-0.00131868131868615,0.725522280809299
"2012 - 2025","CP","Coastal protection","average_yearly_change_in_scores",20,"South Korea",-2.01854688898469e-16,0.108864301063032
"2012 - 2025","CP","Coastal protection","average_yearly_change_in_scores",21,"North Korea",-0.0748131868131899,0.00469153258979088
"2012 - 2025","CP","Coastal protection","average_yearly_change_in_scores",24,"Cambodia",0.20076923076924,1.67430712796978e-05
"2012 - 2025","CP","Coastal protection","average_yearly_change_in_scores",25,"Thailand",0.170131868131878,3.13842472506794e-06
"2012 - 2025","CP","Coastal protection","average_yearly_change_in_scores",26,"Andaman and Nicobar",0.090527472527476,0.00168438537573712
"2012 - 2025","CP","Coastal protection","average_yearly_change_in_scores",28,"Comoro Islands",3.47742905144577e-15,0.108864301063032
"2012 - 2025","CP","Coastal protection","average_yearly_change_in_scores",29,"Mayotte",0.000879120879124167,0.000893505495884864
"2012 - 2025","CP","Coastal protection","average_yearly_change_in_scores",30,"Glorioso Islands",-4.66030141366841e-15,0.108864301063032
"2012 - 2025","CP","Coastal protection","average_yearly_change_in_scores",31,"Seychelles",-1.07843677024154e-15,0.108864301063032
"2012 - 2025","CP","Coastal protection","average_yearly_change_in_scores",32,"Réunion",-4.66030141366841e-15,0.108864301063032
"2012 - 2025","CP","Coastal protection","average_yearly_change_in_scores",33,"Juan de Nova Island",-4.66030141366841e-15,0.108864301063032
"2012 - 2025","CP","Coastal protection","average_yearly_change_in_scores",34,"Bassas da India",-4.66030141366841e-15,0.108864301063032
"2012 - 2025","CP","Coastal protection","average_yearly_change_in_scores",35,"Ile Europa",-1.97996835356336e-15,0.108864301063032
"2012 - 2025","CP","Coastal protection","average_yearly_change_in_scores",36,"Ile Tromelin",-4.66030141366841e-15,0.108864301063032
"2012 - 2025","CP","Coastal protection","average_yearly_change_in_scores",37,"Mauritius",2.1600910542748e-15,0.108864301063032
"2012 - 2025","CP","Coastal protection","average_yearly_change_in_scores",38,"British Indian Ocean Territory",-2.05394336245039e-15,0.108864301063032
"2012 - 2025","CP","Coastal protection","average_yearly_change_in_scores",39,"Maldives",0.0266153846153852,0.050170099611191
"2012 - 2025","CP","Coastal protection","average_yearly_change_in_scores",40,"Sri Lanka",0.126615384615386,0.00158509757674202
"2012 - 2025","CP","Coastal protection","average_yearly_change_in_scores",41,"Mozambique",-0.100175824175829,0.000474089939411804
"2012 - 2025","CP","Coastal protection","average_yearly_change_in_scores",42,"Madagascar",0.165340659340662,0.00181823572853778
"2012 - 2025","CP","Coastal protection","average_yearly_change_in_scores",43,"Kenya",0.109494505494513,3.08716486419478e-05
"2012 - 2025","CP","Coastal protection","average_yearly_change_in_scores",44,"Somalia",0.0185274725274725,0.0130420392279198
"2012 - 2025","CP","Coastal protection","average_yearly_change_in_scores",45,"Eritrea",-0.0863076923076961,0.000103668629959289
"2012 - 2025","CP","Coastal protection","average_yearly_change_in_scores",46,"Djibouti",-0.0502417582417603,0.0245978575213028
"2012 - 2025","CP","Coastal protection","average_yearly_change_in_scores",47,"Yemen",-0.071208791208795,0.0107653435313692
"2012 - 2025","CP","Coastal protection","average_yearly_change_in_scores",48,"Oman",0.00331868131867652,0.00155581034327195
"2012 - 2025","CP","Coastal protection","average_yearly_change_in_scores",49,"Sudan",0.00428571428571703,0.67090684963225
"2012 - 2025","CP","Coastal protection","average_yearly_change_in_scores",50,"Saudi Arabia",0.00105494505494516,8.20192563218564e-05
"2012 - 2025","CP","Coastal protection","average_yearly_change_in_scores",51,"Kuwait",-1.12860163035906e-15,0.108864301063032
"2012 - 2025","CP","Coastal protection","average_yearly_change_in_scores",52,"Bahrain",-0.0373406593406585,0.215329338498055
"2012 - 2025","CP","Coastal protection","average_yearly_change_in_scores",53,"Pakistan",-0.142373626373638,0.055925553749378
"2012 - 2025","CP","Coastal protection","average_yearly_change_in_scores",54,"United Arab Emirates",0.00197802197801991,0.00407699483462784
"2012 - 2025","CP","Coastal protection","average_yearly_change_in_scores",55,"Azores",-2.63148192562387e-16,0.108864301063032
"2012 - 2025","CP","Coastal protection","average_yearly_change_in_scores",58,"Canary Islands",-1.41343000295706e-15,0.108864301063032
"2012 - 2025","CP","Coastal protection","average_yearly_change_in_scores",59,"Belgium",-3.10434276995548e-15,0.108864301063032
"2012 - 2025","CP","Coastal protection","average_yearly_change_in_scores",61,"Tunisia",-1.88939479100631e-15,0.108864301063032
"2012 - 2025","CP","Coastal protection","average_yearly_change_in_scores",62,"Morocco",-2.63148192562387e-16,0.108864301063032
"2012 - 2025","CP","Coastal protection","average_yearly_change_in_scores",63,"Western Sahara",2.59131235922472e-15,0.108864301063032
"2012 - 2025","CP","Coastal protection","average_yearly_change_in_scores",64,"Mauritania",-1.44854603271298e-15,0.108864301063032
"2012 - 2025","CP","Coastal protection","average_yearly_change_in_scores",65,"Gambia",0.00402197802197513,0.894436868887122
"2012 - 2025","CP","Coastal protection","average_yearly_change_in_scores",66,"Senegal",2.19780219790218e-05,0.996066127460284
"2012 - 2025","CP","Coastal protection","average_yearly_change_in_scores",67,"Libya",-0.085978021978026,4.85406750943206e-05
"2012 - 2025","CP","Coastal protection","average_yearly_change_in_scores",68,"Malta",-3.71069799171668e-15,0.108864301063032
"2012 - 2025","CP","Coastal protection","average_yearly_change_in_scores",69,"Latvia",7.2799906129268e-16,0.108864301063032
"2012 - 2025","CP","Coastal protection","average_yearly_change_in_scores",70,"Estonia",4.85683998480962e-16,0.108864301063032
"2012 - 2025","CP","Coastal protection","average_yearly_change_in_scores",71,"Bulgaria",-4.26014112618034e-16,0.108864301063032
"2012 - 2025","CP","Coastal protection","average_yearly_change_in_scores",72,"Romania",-4.26014112618034e-16,0.108864301063032
"2012 - 2025","CP","Coastal protection","average_yearly_change_in_scores",73,"Russia",0.0710109890110007,0.72805868232513
"2012 - 2025","CP","Coastal protection","average_yearly_change_in_scores",74,"Georgia",-4.26014112618034e-16,0.108864301063032
"2012 - 2025","CP","Coastal protection","average_yearly_change_in_scores",75,"Ukraine",-7.47552547640379e-16,0.108864301063032
"2012 - 2025","CP","Coastal protection","average_yearly_change_in_scores",76,"Turkey",-0.0650989010989046,1.25102246900026e-06
"2012 - 2025","CP","Coastal protection","average_yearly_change_in_scores",77,"Syria",-0.0929010989011008,3.21965125872386e-05
"2012 - 2025","CP","Coastal protection","average_yearly_change_in_scores",78,"Lebanon",-0.0724175824175844,3.48487027092317e-08
"2012 - 2025","CP","Coastal protection","average_yearly_change_in_scores",79,"Israel",0.0550769230769301,0.00175978146054174
"2012 - 2025","CP","Coastal protection","average_yearly_change_in_scores",80,"Greece",-6.29598241841115e-15,0.108864301063032
"2012 - 2025","CP","Coastal protection","average_yearly_change_in_scores",81,"Cyprus",-8.00502465109285e-16,0.108864301063032
"2012 - 2025","CP","Coastal protection","average_yearly_change_in_scores",82,"Albania",-3.20632241807809e-15,0.108864301063032
"2012 - 2025","CP","Coastal protection","average_yearly_change_in_scores",84,"Algeria",0.0218901098901082,0.0160698304701414
"2012 - 2025","CP","Coastal protection","average_yearly_change_in_scores",88,"Tristan da Cunha",1.7698660593036e-15,0.108864301063032
"2012 - 2025","CP","Coastal protection","average_yearly_change_in_scores",90,"Prince Edward Islands",-2.01854688898469e-16,0.108864301063032
"2012 - 2025","CP","Coastal protection","average_yearly_change_in_scores",91,"Crozet Islands",-2.01854688898469e-16,0.108864301063032
"2012 - 2025","CP","Coastal protection","average_yearly_change_in_scores",95,"Falkland Islands",1.7698660593036e-15,0.108864301063032
"2012 - 2025","CP","Coastal protection","average_yearly_change_in_scores",96,"Sierra Leone",-0.0853406593406636,2.36573016138768e-06
"2012 - 2025","CP","Coastal protection","average_yearly_change_in_scores",97,"Liberia",-0.136307692307701,0.00104555642497939
"2012 - 2025","CP","Coastal protection","average_yearly_change_in_scores",98,"Togo",-2.63148192562387e-16,0.108864301063032
"2012 - 2025","CP","Coastal protection","average_yearly_change_in_scores",99,"Benin",-2.63148192562387e-16,0.108864301063032
"2012 - 2025","CP","Coastal protection","average_yearly_change_in_scores",100,"Republique du Congo",0.000989010989010664,0.000223310793386909
"2012 - 2025","CP","Coastal protection","average_yearly_change_in_scores",101,"Namibia",-2.63148192562387e-16,0.108864301063032
"2012 - 2025","CP","Coastal protection","average_yearly_change_in_scores",102,"South Africa",0.000879120879118298,0.00396667998755042
"2012 - 2025","CP","Coastal protection","average_yearly_change_in_scores",103,"Sao Tome and Principe",0.0436263736263755,9.95498949830874e-08
"2012 - 2025","CP","Coastal protection","average_yearly_change_in_scores",104,"Equatorial Guinea",-0.0636043956044032,0.000540655505742291
"2012 - 2025","CP","Coastal protection","average_yearly_change_in_scores",106,"Ghana",-0.00632967032967126,1.92476352390175e-05
"2012 - 2025","CP","Coastal protection","average_yearly_change_in_scores",107,"Clipperton Island",-1.69245512819312e-15,0.108864301063032
"2012 - 2025","CP","Coastal protection","average_yearly_change_in_scores",108,"Bermuda",-0.00127472527472519,0.580047244165713
"2012 - 2025","CP","Coastal protection","average_yearly_change_in_scores",110,"Bahamas",0.0114945054945068,1.27686806103064e-06
"2012 - 2025","CP","Coastal protection","average_yearly_change_in_scores",111,"Turks and Caicos Islands",0.0409670329670334,1.60807500101063e-06
"2012 - 2025","CP","Coastal protection","average_yearly_change_in_scores",112,"Cuba",-0.00138461538461562,0.537650154333881
"2012 - 2025","CP","Coastal protection","average_yearly_change_in_scores",113,"Cayman Islands",0.00826373626373653,0.0425726563243151
"2012 - 2025","CP","Coastal protection","average_yearly_change_in_scores",114,"Haiti",0.118659340659339,0.00161776227018295
"2012 - 2025","CP","Coastal protection","average_yearly_change_in_scores",115,"Dominican Republic",0.0156043956043961,2.79504066387344e-06
"2012 - 2025","CP","Coastal protection","average_yearly_change_in_scores",116,"Puerto Rico and Virgin Islands of the United States",-0.00305494505494723,0.276121798817312
"2012 - 2025","CP","Coastal protection","average_yearly_change_in_scores",117,"British Virgin Islands",-0.00676923076923183,6.58150233128371e-05
"2012 - 2025","CP","Coastal protection","average_yearly_change_in_scores",118,"Anguilla",-1.62445638036262e-15,0.108864301063032
"2012 - 2025","CP","Coastal protection","average_yearly_change_in_scores",119,"Saint Kitts and Nevis",-2.8030086861529e-15,0.108864301063032
"2012 - 2025","CP","Coastal protection","average_yearly_change_in_scores",120,"Antigua and Barbuda",-0.00527472527472719,0.503868293506702
"2012 - 2025","CP","Coastal protection","average_yearly_change_in_scores",121,"Montserrat",-4.19341233329252e-15,0.108864301063032
"2012 - 2025","CP","Coastal protection","average_yearly_change_in_scores",122,"Saint Lucia",-1.81833354380525e-15,0.108864301063032
"2012 - 2025","CP","Coastal protection","average_yearly_change_in_scores",123,"Dominica",0.00217582417582472,0.000631149504695576
"2012 - 2025","CP","Coastal protection","average_yearly_change_in_scores",124,"Barbados",2.92739641204405e-15,0.108864301063032
"2012 - 2025","CP","Coastal protection","average_yearly_change_in_scores",125,"Grenada",0.00364835164835186,0.163765343610458
"2012 - 2025","CP","Coastal protection","average_yearly_change_in_scores",126,"Trinidad and Tobago",-0.00545054945054977,0.626446005775227
"2012 - 2025","CP","Coastal protection","average_yearly_change_in_scores",127,"Saint Vincent and the Grenadines",-1.66345251131916e-15,0.108864301063032
"2012 - 2025","CP","Coastal protection","average_yearly_change_in_scores",129,"Panama",-0.0297362637362702,8.34784357795669e-07
"2012 - 2025","CP","Coastal protection","average_yearly_change_in_scores",130,"Costa Rica",-0.0547912087912105,0.0100945322528381
"2012 - 2025","CP","Coastal protection","average_yearly_change_in_scores",131,"Nicaragua",-0.0408351648351706,3.22002829931369e-06
"2012 - 2025","CP","Coastal protection","average_yearly_change_in_scores",132,"Colombia",0.074527472527475,6.22943112020113e-06
"2012 - 2025","CP","Coastal protection","average_yearly_change_in_scores",133,"Honduras",0.00105494505494523,8.20192563237671e-05
"2012 - 2025","CP","Coastal protection","average_yearly_change_in_scores",134,"El Salvador",0.0275824175824174,0.171444942376967
"2012 - 2025","CP","Coastal protection","average_yearly_change_in_scores",135,"Mexico",0.0443076923076904,0.0113464310260978
"2012 - 2025","CP","Coastal protection","average_yearly_change_in_scores",136,"Guatemala",-5.19117621259417e-15,0.108864301063032
"2012 - 2025","CP","Coastal protection","average_yearly_change_in_scores",137,"Ecuador",0.0847912087912112,0.00150428120740777
"2012 - 2025","CP","Coastal protection","average_yearly_change_in_scores",138,"Peru",0.00971428571428555,0.000152045106792281
"2012 - 2025","CP","Coastal protection","average_yearly_change_in_scores",139,"Venezuela",0.0112967032967003,2.07912478913532e-06
"2012 - 2025","CP","Coastal protection","average_yearly_change_in_scores",140,"Guadeloupe and Martinique",-0.00887912087912599,4.39514991716377e-07
"2012 - 2025","CP","Coastal protection","average_yearly_change_in_scores",141,"Faeroe Islands",-1.02060877393363e-15,0.108864301063032
"2012 - 2025","CP","Coastal protection","average_yearly_change_in_scores",143,"Iceland",-3.44042682277481e-15,0.108864301063032
"2012 - 2025","CP","Coastal protection","average_yearly_change_in_scores",144,"Jan Mayen",1.7698660593036e-15,0.108864301063032
"2012 - 2025","CP","Coastal protection","average_yearly_change_in_scores",145,"Greenland",0.0201318681318698,0.885873100837405
"2012 - 2025","CP","Coastal protection","average_yearly_change_in_scores",146,"Pitcairn",-4.29972253832952e-15,0.108864301063032
"2012 - 2025","CP","Coastal protection","average_yearly_change_in_scores",147,"French Polynesia",-2.83767003644964e-15,0.108864301063032
"2012 - 2025","CP","Coastal protection","average_yearly_change_in_scores",148,"Line Islands (Kiribati)",0.00250549450549192,0.725522280810525
"2012 - 2025","CP","Coastal protection","average_yearly_change_in_scores",149,"Jarvis Island",-2.02653477824485e-15,0.108864301063032
"2012 - 2025","CP","Coastal protection","average_yearly_change_in_scores",150,"Palmyra Atoll",-3.98013697127875e-16,0.108864301063032
"2012 - 2025","CP","Coastal protection","average_yearly_change_in_scores",151,"American Samoa",-6.38113038020459e-15,0.108864301063032
"2012 - 2025","CP","Coastal protection","average_yearly_change_in_scores",152,"Samoa",3.06629894854482e-16,0.108864301063032
"2012 - 2025","CP","Coastal protection","average_yearly_change_in_scores",153,"Cook Islands",0.037120879120878,0.00550295981053599
"2012 - 2025","CP","Coastal protection","average_yearly_change_in_scores",154,"Niue",0.0412087912087995,0.217464004480996
"2012 - 2025","CP","Coastal protection","average_yearly_change_in_scores",155,"Tonga",0.000791208791205003,0.535547387388083
"2012 - 2025","CP","Coastal protection","average_yearly_change_in_scores",156,"Tokelau",-3.13134098406184e-15,0.108864301063032
"2012 - 2025","CP","Coastal protection","average_yearly_change_in_scores",157,"Phoenix Islands (Kiribati)",-3.05978074804159e-15,0.108864301063032
"2012 - 2025","CP","Coastal protection","average_yearly_change_in_scores",158,"Howland Island and Baker Island",-4.64488652256763e-15,0.108864301063032
"2012 - 2025","CP","Coastal protection","average_yearly_change_in_scores",159,"Johnston Atoll",-3.98013697127875e-16,0.108864301063032
"2012 - 2025","CP","Coastal protection","average_yearly_change_in_scores",161,"Wallis and Futuna",7.73518975230366e-16,0.108864301063032
"2012 - 2025","CP","Coastal protection","average_yearly_change_in_scores",162,"New Zealand",2.37494899977556e-15,0.108864301063032
"2012 - 2025","CP","Coastal protection","average_yearly_change_in_scores",163,"United States",0.310901098901134,0.335094786671724
"2012 - 2025","CP","Coastal protection","average_yearly_change_in_scores",164,"Belize",0.0365274725274756,0.000601317976896533
"2012 - 2025","CP","Coastal protection","average_yearly_change_in_scores",166,"Jamaica",-0.0308351648351695,0.00028487633978922
"2012 - 2025","CP","Coastal protection","average_yearly_change_in_scores",167,"Guyana",0.0120659340659326,0.551515686503973
"2012 - 2025","CP","Coastal protection","average_yearly_change_in_scores",168,"Suriname",-0.23582417582419,8.19761974695256e-07
"2012 - 2025","CP","Coastal protection","average_yearly_change_in_scores",169,"French Guiana",-2.63148192562387e-16,0.108864301063032
"2012 - 2025","CP","Coastal protection","average_yearly_change_in_scores",171,"Brazil",0.0213186813186775,2.09671220199005e-05
"2012 - 2025","CP","Coastal protection","average_yearly_change_in_scores",172,"Argentina",1.21075771222852e-15,0.108864301063032
"2012 - 2025","CP","Coastal protection","average_yearly_change_in_scores",173,"Uruguay",-1.92834238885742e-15,0.108864301063032
"2012 - 2025","CP","Coastal protection","average_yearly_change_in_scores",174,"Finland",-2.27500756329854e-15,0.108864301063032
"2012 - 2025","CP","Coastal protection","average_yearly_change_in_scores",175,"Denmark",1.72677972952787e-16,0.108864301063032
"2012 - 2025","CP","Coastal protection","average_yearly_change_in_scores",176,"Germany",-3.28280626435215e-16,0.108864301063032
"2012 - 2025","CP","Coastal protection","average_yearly_change_in_scores",177,"Netherlands",-1.12495888556303e-15,0.108864301063032
"2012 - 2025","CP","Coastal protection","average_yearly_change_in_scores",178,"Poland",-1.40283743215383e-16,0.108864301063032
"2012 - 2025","CP","Coastal protection","average_yearly_change_in_scores",179,"France",0.052021978021981,0.000129498143588229
"2012 - 2025","CP","Coastal protection","average_yearly_change_in_scores",180,"United Kingdom",-1.11150408786985e-15,0.108864301063032
"2012 - 2025","CP","Coastal protection","average_yearly_change_in_scores",181,"Ireland",-1.24563747095699e-15,0.108864301063032
"2012 - 2025","CP","Coastal protection","average_yearly_change_in_scores",182,"Spain",3.10461462949673e-16,0.108864301063032
"2012 - 2025","CP","Coastal protection","average_yearly_change_in_scores",183,"Portugal",5.03746795107686e-16,0.108864301063032
"2012 - 2025","CP","Coastal protection","average_yearly_change_in_scores",184,"Italy",-1.23131339996003e-15,0.108864301063032
"2012 - 2025","CP","Coastal protection","average_yearly_change_in_scores",185,"Monaco",7.47201211128639e-16,0.108864301063032
"2012 - 2025","CP","Coastal protection","average_yearly_change_in_scores",186,"Montenegro",-4.26014112618034e-16,0.108864301063032
"2012 - 2025","CP","Coastal protection","average_yearly_change_in_scores",187,"Croatia",-1.8913105750539e-15,0.108864301063032
"2012 - 2025","CP","Coastal protection","average_yearly_change_in_scores",188,"Slovenia",-4.62390151676409e-15,0.108864301063032
"2012 - 2025","CP","Coastal protection","average_yearly_change_in_scores",189,"Lithuania",2.24583084735285e-15,0.108864301063032
"2012 - 2025","CP","Coastal protection","average_yearly_change_in_scores",190,"Qatar",1.39953102628672e-15,0.108864301063032
"2012 - 2025","CP","Coastal protection","average_yearly_change_in_scores",191,"Iran",-0.0558901098901136,0.0107171296295349
"2012 - 2025","CP","Coastal protection","average_yearly_change_in_scores",192,"Iraq",-0.021164835164835,0.0117687968640491
"2012 - 2025","CP","Coastal protection","average_yearly_change_in_scores",193,"Guinea Bissau",-0.0122637362637385,6.38042506761224e-05
"2012 - 2025","CP","Coastal protection","average_yearly_change_in_scores",194,"Guinea",-0.0211868131868157,6.98809518685451e-07
"2012 - 2025","CP","Coastal protection","average_yearly_change_in_scores",195,"Ivory Coast",-0.0165054945054947,0.329083526935609
"2012 - 2025","CP","Coastal protection","average_yearly_change_in_scores",196,"Nigeria",-0.0317142857142891,0.00123996778872559
"2012 - 2025","CP","Coastal protection","average_yearly_change_in_scores",197,"Cameroon",0.0560439560439607,0.000297159025483179
"2012 - 2025","CP","Coastal protection","average_yearly_change_in_scores",198,"Gabon",-0.0476703296703347,4.79097665411367e-06
"2012 - 2025","CP","Coastal protection","average_yearly_change_in_scores",199,"Democratic Republic of the Congo",0.142000000000007,5.05144670982611e-07
"2012 - 2025","CP","Coastal protection","average_yearly_change_in_scores",200,"Angola",-0.0324835164835183,0.00351511398620096
"2012 - 2025","CP","Coastal protection","average_yearly_change_in_scores",202,"Tanzania",0.0345494505494522,0.0111220369165822
"2012 - 2025","CP","Coastal protection","average_yearly_change_in_scores",203,"India",-0.0256263736263787,0.0554254329162911
"2012 - 2025","CP","Coastal protection","average_yearly_change_in_scores",204,"Bangladesh",0.417340659340674,4.16698081174252e-06
"2012 - 2025","CP","Coastal protection","average_yearly_change_in_scores",205,"Myanmar",0.166307692307695,0.00788994239218076
"2012 - 2025","CP","Coastal protection","average_yearly_change_in_scores",206,"Malaysia",-0.00802197802198084,0.146414164086295
"2012 - 2025","CP","Coastal protection","average_yearly_change_in_scores",207,"Vietnam",-0.0160000000000009,0.120447346869691
"2012 - 2025","CP","Coastal protection","average_yearly_change_in_scores",208,"Singapore",0.00782417582417699,0.00661152938230448
"2012 - 2025","CP","Coastal protection","average_yearly_change_in_scores",209,"China",0.0298901098901119,0.0703078373328317
"2012 - 2025","CP","Coastal protection","average_yearly_change_in_scores",210,"Japan",-0.00490109890110204,0.433052933967253
"2012 - 2025","CP","Coastal protection","average_yearly_change_in_scores",212,"Gilbert Islands (Kiribati)",0.00490109890109578,0.550481529123481
"2012 - 2025","CP","Coastal protection","average_yearly_change_in_scores",214,"Egypt",0.000109890109890678,0.713351452376272
"2012 - 2025","CP","Coastal protection","average_yearly_change_in_scores",215,"Jordan",-0.0407252747252722,0.0802015691213493
"2012 - 2025","CP","Coastal protection","average_yearly_change_in_scores",216,"Indonesia",0.00828571428571817,0.176835877196273
"2012 - 2025","CP","Coastal protection","average_yearly_change_in_scores",218,"Canada",-0.436241758241789,0.00232267111601305
"2012 - 2025","CP","Coastal protection","average_yearly_change_in_scores",220,"Sint Maarten",3.73859573960344e-16,0.108864301063032
"2012 - 2025","CP","Coastal protection","average_yearly_change_in_scores",221,"Northern Saint-Martin",-3.72178232590307e-15,0.108864301063032
"2012 - 2025","CP","Coastal protection","average_yearly_change_in_scores",222,"Sweden",-7.76377927074321e-16,0.108864301063032
"2012 - 2025","CP","Coastal protection","average_yearly_change_in_scores",223,"Norway",0.586681318681352,0.127453661628389
"2012 - 2025","CP","Coastal protection","average_yearly_change_in_scores",224,"Chile",4.55446047564035e-16,0.108864301063032
"2012 - 2025","CP","Coastal protection","average_yearly_change_in_scores",227,"Jersey",-5.56182999529962e-16,0.108864301063032
"2012 - 2025","CP","Coastal protection","average_yearly_change_in_scores",228,"Guernsey",-5.56182999529962e-16,0.108864301063032
"2012 - 2025","CP","Coastal protection","average_yearly_change_in_scores",231,"East Timor",0.0132967032967028,0.000664409641989055
"2012 - 2025","CP","Coastal protection","average_yearly_change_in_scores",237,"Oecussi Ambeno",0.144791208791216,0.000733142529864937
"2012 - 2025","CP","Coastal protection","average_yearly_change_in_scores",244,"Curacao",-1.18625238922695e-15,0.108864301063032
"2012 - 2025","CP","Coastal protection","average_yearly_change_in_scores",245,"Bonaire",-0.00465934065934424,0.907058711263016
"2012 - 2025","CP","Coastal protection","average_yearly_change_in_scores",247,"Brunei",0.00213186813186819,0.888927089606675
"2012 - 2025","CP","Coastal protection","average_yearly_change_in_scores",248,"Saba",-2.41661525927689e-15,0.108864301063032
"2012 - 2025","CP","Coastal protection","average_yearly_change_in_scores",249,"Sint Eustatius",3.74177563080483e-15,0.108864301063032
"2012 - 2025","CP","Coastal protection","average_yearly_change_in_scores",250,"Aruba",2.81966009030354e-17,0.108864301063032
"2012 - 2025","CS","Carbon storage","average_yearly_change_in_scores",0,"Global average",0.0157362637362623,2.96713733646314e-05
"2012 - 2025","CS","Carbon storage","average_yearly_change_in_scores",1,"Cocos Islands",-3.77218031867976e-15,0.108864301063032
"2012 - 2025","CS","Carbon storage","average_yearly_change_in_scores",2,"Christmas Island",-3.77218031867976e-15,0.108864301063032
"2012 - 2025","CS","Carbon storage","average_yearly_change_in_scores",5,"New Caledonia",0.00206593406593459,6.12992675460835e-06
"2012 - 2025","CS","Carbon storage","average_yearly_change_in_scores",6,"Vanuatu",-0.0133626373626393,0.221072483977299
"2012 - 2025","CS","Carbon storage","average_yearly_change_in_scores",7,"Solomon Islands",0.0372087912087917,0.0565012619737678
"2012 - 2025","CS","Carbon storage","average_yearly_change_in_scores",8,"Palau",0.00402197802197613,7.28551267403653e-05
"2012 - 2025","CS","Carbon storage","average_yearly_change_in_scores",9,"Micronesia",0.0448131868131865,0.0025471547419119
"2012 - 2025","CS","Carbon storage","average_yearly_change_in_scores",11,"Marshall Islands",-2.63148192562387e-16,0.108864301063032
"2012 - 2025","CS","Carbon storage","average_yearly_change_in_scores",13,"Northern Mariana Islands and Guam",1.57941009385698e-15,0.108864301063032
"2012 - 2025","CS","Carbon storage","average_yearly_change_in_scores",14,"Taiwan",-0.00428571428571572,2.17031278053601e-05
"2012 - 2025","CS","Carbon storage","average_yearly_change_in_scores",15,"Philippines",0.140285714285722,1.29497460033146e-05
"2012 - 2025","CS","Carbon storage","average_yearly_change_in_scores",16,"Australia",0.00999999999999756,0.00148749824144021
"2012 - 2025","CS","Carbon storage","average_yearly_change_in_scores",17,"Papua New Guinea",-0.00417582417582489,0.674495905271746
"2012 - 2025","CS","Carbon storage","average_yearly_change_in_scores",18,"Fiji",0.00573626373626326,0.0404664862152665
"2012 - 2025","CS","Carbon storage","average_yearly_change_in_scores",19,"Tuvalu",-2.63148192562387e-16,0.108864301063032
"2012 - 2025","CS","Carbon storage","average_yearly_change_in_scores",20,"South Korea",8.58666937023799e-16,0.108864301063032
"2012 - 2025","CS","Carbon storage","average_yearly_change_in_scores",21,"North Korea",0.0511648351648207,0.385259556951178
"2012 - 2025","CS","Carbon storage","average_yearly_change_in_scores",24,"Cambodia",0.218219780219789,3.27550697488327e-05
"2012 - 2025","CS","Carbon storage","average_yearly_change_in_scores",25,"Thailand",0.17945054945056,2.98143522699648e-06
"2012 - 2025","CS","Carbon storage","average_yearly_change_in_scores",26,"Andaman and Nicobar",0.126527472527476,0.00148251989743794
"2012 - 2025","CS","Carbon storage","average_yearly_change_in_scores",28,"Comoro Islands",3.71678181946608e-15,0.108864301063032
"2012 - 2025","CS","Carbon storage","average_yearly_change_in_scores",29,"Mayotte",-2.63148192562387e-16,0.108864301063032
"2012 - 2025","CS","Carbon storage","average_yearly_change_in_scores",31,"Seychelles",-5.19117621259417e-15,0.108864301063032
"2012 - 2025","CS","Carbon storage","average_yearly_change_in_scores",32,"Réunion",-2.63148192562387e-16,0.108864301063032
"2012 - 2025","CS","Carbon storage","average_yearly_change_in_scores",35,"Ile Europa",-2.63148192562387e-16,0.108864301063032
"2012 - 2025","CS","Carbon storage","average_yearly_change_in_scores",37,"Mauritius",1.88648730605693e-15,0.108864301063032
"2012 - 2025","CS","Carbon storage","average_yearly_change_in_scores",38,"British Indian Ocean Territory",-2.09043187807471e-15,0.108864301063032
"2012 - 2025","CS","Carbon storage","average_yearly_change_in_scores",39,"Maldives",0.0579560439560476,0.000848849609108745
"2012 - 2025","CS","Carbon storage","average_yearly_change_in_scores",40,"Sri Lanka",0.122681318681319,0.000720845027669625
"2012 - 2025","CS","Carbon storage","average_yearly_change_in_scores",41,"Mozambique",-0.126813186813196,0.000524526239154911
"2012 - 2025","CS","Carbon storage","average_yearly_change_in_scores",42,"Madagascar",0.19191208791209,0.00208678033331034
"2012 - 2025","CS","Carbon storage","average_yearly_change_in_scores",43,"Kenya",0.133890109890115,2.62213396756627e-05
"2012 - 2025","CS","Carbon storage","average_yearly_change_in_scores",44,"Somalia",0.0973626373626296,0.037609685581847
"2012 - 2025","CS","Carbon storage","average_yearly_change_in_scores",45,"Eritrea",-0.00775824175825109,0.769702515778533
"2012 - 2025","CS","Carbon storage","average_yearly_change_in_scores",46,"Djibouti",-0.103450549450564,0.140152972565683
"2012 - 2025","CS","Carbon storage","average_yearly_change_in_scores",47,"Yemen",-0.0643296703296739,0.0122433073697875
"2012 - 2025","CS","Carbon storage","average_yearly_change_in_scores",48,"Oman",0.0432527472527488,8.20192563233448e-05
"2012 - 2025","CS","Carbon storage","average_yearly_change_in_scores",49,"Sudan",0.00892307692307755,0.29613156489833
"2012 - 2025","CS","Carbon storage","average_yearly_change_in_scores",50,"Saudi Arabia",1.64430939507064e-15,0.108864301063032
"2012 - 2025","CS","Carbon storage","average_yearly_change_in_scores",51,"Kuwait",-5.17576132149339e-15,0.108864301063032
"2012 - 2025","CS","Carbon storage","average_yearly_change_in_scores",52,"Bahrain",-0.025868131868131,0.0905893389673333
"2012 - 2025","CS","Carbon storage","average_yearly_change_in_scores",53,"Pakistan",0.136000000000002,4.40628788098066e-07
"2012 - 2025","CS","Carbon storage","average_yearly_change_in_scores",54,"United Arab Emirates",0.00597802197802427,1.3132813687465e-05
"2012 - 2025","CS","Carbon storage","average_yearly_change_in_scores",58,"Canary Islands",8.99578852027935e-16,0.108864301063032
"2012 - 2025","CS","Carbon storage","average_yearly_change_in_scores",59,"Belgium",-3.89974138568032e-15,0.108864301063032
"2012 - 2025","CS","Carbon storage","average_yearly_change_in_scores",61,"Tunisia",-5.15319617631249e-16,0.108864301063032
"2012 - 2025","CS","Carbon storage","average_yearly_change_in_scores",62,"Morocco",0.00971428571428315,0.108864301063032
"2012 - 2025","CS","Carbon storage","average_yearly_change_in_scores",63,"Western Sahara",-6.42153908264411e-15,0.108864301063032
"2012 - 2025","CS","Carbon storage","average_yearly_change_in_scores",64,"Mauritania",1.14458612972561e-15,0.108864301063032
"2012 - 2025","CS","Carbon storage","average_yearly_change_in_scores",65,"Gambia",0.0173406593406595,0.544197036248346
"2012 - 2025","CS","Carbon storage","average_yearly_change_in_scores",66,"Senegal",0.00090109890110225,0.749502794731581
"2012 - 2025","CS","Carbon storage","average_yearly_change_in_scores",67,"Libya",-0.0619120879121042,0.138473180555637
"2012 - 2025","CS","Carbon storage","average_yearly_change_in_scores",68,"Malta",1.53234045661087e-15,0.108864301063032
"2012 - 2025","CS","Carbon storage","average_yearly_change_in_scores",69,"Latvia",-1.68517291364705e-16,0.108864301063032
"2012 - 2025","CS","Carbon storage","average_yearly_change_in_scores",70,"Estonia",1.0222618401895e-15,0.108864301063032
"2012 - 2025","CS","Carbon storage","average_yearly_change_in_scores",71,"Bulgaria",-4.26014112618034e-16,0.108864301063032
"2012 - 2025","CS","Carbon storage","average_yearly_change_in_scores",72,"Romania",-4.26014112618034e-16,0.108864301063032
"2012 - 2025","CS","Carbon storage","average_yearly_change_in_scores",73,"Russia",1.28349083698061e-16,0.108864301063032
"2012 - 2025","CS","Carbon storage","average_yearly_change_in_scores",74,"Georgia",-4.26014112618034e-16,0.108864301063032
"2012 - 2025","CS","Carbon storage","average_yearly_change_in_scores",75,"Ukraine",-7.47552547640379e-16,0.108864301063032
"2012 - 2025","CS","Carbon storage","average_yearly_change_in_scores",76,"Turkey",-0.0554945054945137,0.000767804395363004
"2012 - 2025","CS","Carbon storage","average_yearly_change_in_scores",77,"Syria",-0.00210989010989059,0.14971328072298
"2012 - 2025","CS","Carbon storage","average_yearly_change_in_scores",78,"Lebanon",-0.00162637362637451,0.505704036241618
"2012 - 2025","CS","Carbon storage","average_yearly_change_in_scores",79,"Israel",0.0290109890109881,0.000154231691452957
"2012 - 2025","CS","Carbon storage","average_yearly_change_in_scores",80,"Greece",-3.30054608754489e-15,0.108864301063032
"2012 - 2025","CS","Carbon storage","average_yearly_change_in_scores",81,"Cyprus",1.53416762193846e-15,0.108864301063032
"2012 - 2025","CS","Carbon storage","average_yearly_change_in_scores",82,"Albania",-3.65687880094399e-15,0.108864301063032
"2012 - 2025","CS","Carbon storage","average_yearly_change_in_scores",84,"Algeria",0.0163076923076891,0.103399308053644
"2012 - 2025","CS","Carbon storage","average_yearly_change_in_scores",86,"Saint Helena",8.97481606794901e-16,0.108864301063032
"2012 - 2025","CS","Carbon storage","average_yearly_change_in_scores",96,"Sierra Leone",-0.0447912087912146,2.38622997984322e-06
"2012 - 2025","CS","Carbon storage","average_yearly_change_in_scores",97,"Liberia",-0.0560219780219833,0.061384005633792
"2012 - 2025","CS","Carbon storage","average_yearly_change_in_scores",98,"Togo",-5.54317414533346e-15,0.108864301063032
"2012 - 2025","CS","Carbon storage","average_yearly_change_in_scores",99,"Benin",1.82058580345946e-15,0.108864301063032
"2012 - 2025","CS","Carbon storage","average_yearly_change_in_scores",100,"Republique du Congo",0.0038681318681322,1.5653660385671e-06
"2012 - 2025","CS","Carbon storage","average_yearly_change_in_scores",101,"Namibia",-1.42834168149322e-15,0.108864301063032
"2012 - 2025","CS","Carbon storage","average_yearly_change_in_scores",102,"South Africa",0.00437362637362528,0.00670421126152044
"2012 - 2025","CS","Carbon storage","average_yearly_change_in_scores",103,"Sao Tome and Principe",0.0438021978021991,1.12268397001704e-07
"2012 - 2025","CS","Carbon storage","average_yearly_change_in_scores",104,"Equatorial Guinea",-0.0633626373626446,0.00080648651548652
"2012 - 2025","CS","Carbon storage","average_yearly_change_in_scores",106,"Ghana",-0.00210989010988933,8.20192563236685e-05
"2012 - 2025","CS","Carbon storage","average_yearly_change_in_scores",108,"Bermuda",9.51300797567594e-16,0.108864301063032
"2012 - 2025","CS","Carbon storage","average_yearly_change_in_scores",110,"Bahamas",0.209384615384623,9.38726891985061e-07
"2012 - 2025","CS","Carbon storage","average_yearly_change_in_scores",111,"Turks and Caicos Islands",0.1287032967033,1.33004791785972e-06
"2012 - 2025","CS","Carbon storage","average_yearly_change_in_scores",112,"Cuba",0.00481318681318696,0.220309527952879
"2012 - 2025","CS","Carbon storage","average_yearly_change_in_scores",113,"Cayman Islands",0.020395604395605,0.000390554611371142
"2012 - 2025","CS","Carbon storage","average_yearly_change_in_scores",114,"Haiti",0.26940659340659,0.0013781443920621
"2012 - 2025","CS","Carbon storage","average_yearly_change_in_scores",115,"Dominican Republic",0.0325274725274771,6.31531852598079e-06
"2012 - 2025","CS","Carbon storage","average_yearly_change_in_scores",116,"Puerto Rico and Virgin Islands of the United States",0.00395604395604277,0.0258337337646006
"2012 - 2025","CS","Carbon storage","average_yearly_change_in_scores",117,"British Virgin Islands",-0.0802417582417644,0.00450704833089695
"2012 - 2025","CS","Carbon storage","average_yearly_change_in_scores",118,"Anguilla",-2.63148192562387e-16,0.108864301063032
"2012 - 2025","CS","Carbon storage","average_yearly_change_in_scores",119,"Saint Kitts and Nevis",-2.63148192562387e-16,0.108864301063032
"2012 - 2025","CS","Carbon storage","average_yearly_change_in_scores",120,"Antigua and Barbuda",-0.00158241758241967,0.592204439241672
"2012 - 2025","CS","Carbon storage","average_yearly_change_in_scores",121,"Montserrat",-2.63148192562387e-16,0.108864301063032
"2012 - 2025","CS","Carbon storage","average_yearly_change_in_scores",122,"Saint Lucia",-2.63489440277366e-15,0.108864301063032
"2012 - 2025","CS","Carbon storage","average_yearly_change_in_scores",123,"Dominica",-2.63148192562387e-16,0.108864301063032
"2012 - 2025","CS","Carbon storage","average_yearly_change_in_scores",124,"Barbados",-2.63148192562387e-16,0.108864301063032
"2012 - 2025","CS","Carbon storage","average_yearly_change_in_scores",125,"Grenada",0.0300439560439589,0.0243365546780892
"2012 - 2025","CS","Carbon storage","average_yearly_change_in_scores",126,"Trinidad and Tobago",0.00391208791208489,0.606095548522718
"2012 - 2025","CS","Carbon storage","average_yearly_change_in_scores",127,"Saint Vincent and the Grenadines",-2.63148192562387e-16,0.108864301063032
"2012 - 2025","CS","Carbon storage","average_yearly_change_in_scores",129,"Panama",-0.00714285714285853,8.27783031894418e-07
"2012 - 2025","CS","Carbon storage","average_yearly_change_in_scores",130,"Costa Rica",-0.0630769230769267,0.00825720873075474
"2012 - 2025","CS","Carbon storage","average_yearly_change_in_scores",131,"Nicaragua",-0.0109670329670363,5.22562095254776e-06
"2012 - 2025","CS","Carbon storage","average_yearly_change_in_scores",132,"Colombia",0.102197802197808,6.14841425160536e-06
"2012 - 2025","CS","Carbon storage","average_yearly_change_in_scores",133,"Honduras",0.00437362637362533,3.51794770445985e-05
"2012 - 2025","CS","Carbon storage","average_yearly_change_in_scores",134,"El Salvador",0.024923076923081,0.184231941342523
"2012 - 2025","CS","Carbon storage","average_yearly_change_in_scores",135,"Mexico",0.0312087912087906,0.0108768258776109
"2012 - 2025","CS","Carbon storage","average_yearly_change_in_scores",136,"Guatemala",0.0211868131868104,0.0525466966701265
"2012 - 2025","CS","Carbon storage","average_yearly_change_in_scores",137,"Ecuador",0.102043956043962,0.00168714759194089
"2012 - 2025","CS","Carbon storage","average_yearly_change_in_scores",138,"Peru",0.0445274725274731,0.000153608588880098
"2012 - 2025","CS","Carbon storage","average_yearly_change_in_scores",139,"Venezuela",0.00806593406593137,9.24628676315002e-07
"2012 - 2025","CS","Carbon storage","average_yearly_change_in_scores",140,"Guadeloupe and Martinique",-2.63148192562387e-16,0.108864301063032
"2012 - 2025","CS","Carbon storage","average_yearly_change_in_scores",143,"Iceland",-4.26014112618034e-16,0.108864301063032
"2012 - 2025","CS","Carbon storage","average_yearly_change_in_scores",145,"Greenland",-2.44384660604241e-15,0.108864301063032
"2012 - 2025","CS","Carbon storage","average_yearly_change_in_scores",147,"French Polynesia",-2.63148192562387e-16,0.108864301063032
"2012 - 2025","CS","Carbon storage","average_yearly_change_in_scores",151,"American Samoa",-2.63148192562387e-16,0.108864301063032
"2012 - 2025","CS","Carbon storage","average_yearly_change_in_scores",152,"Samoa",0.000967032967026255,0.182157432028794
"2012 - 2025","CS","Carbon storage","average_yearly_change_in_scores",153,"Cook Islands",0.0937142857142901,0.000277000178425457
"2012 - 2025","CS","Carbon storage","average_yearly_change_in_scores",155,"Tonga",-6.59340659374206e-05,0.82587203066389
"2012 - 2025","CS","Carbon storage","average_yearly_change_in_scores",156,"Tokelau",-2.63148192562387e-16,0.108864301063032
"2012 - 2025","CS","Carbon storage","average_yearly_change_in_scores",162,"New Zealand",-0.0159999999999992,7.62220337488338e-07
"2012 - 2025","CS","Carbon storage","average_yearly_change_in_scores",163,"United States",0.00892307692307709,0.000248841758138809
"2012 - 2025","CS","Carbon storage","average_yearly_change_in_scores",164,"Belize",0.0213406593406579,0.000201148700695025
"2012 - 2025","CS","Carbon storage","average_yearly_change_in_scores",166,"Jamaica",-0.00731868131868862,0.000181959071289163
"2012 - 2025","CS","Carbon storage","average_yearly_change_in_scores",167,"Guyana",0.0392747252747186,0.0514683321373023
"2012 - 2025","CS","Carbon storage","average_yearly_change_in_scores",168,"Suriname",-0.134703296703304,6.60236309337574e-07
"2012 - 2025","CS","Carbon storage","average_yearly_change_in_scores",169,"French Guiana",-2.63148192562387e-16,0.108864301063032
"2012 - 2025","CS","Carbon storage","average_yearly_change_in_scores",171,"Brazil",-5.19117621259417e-15,0.108864301063032
"2012 - 2025","CS","Carbon storage","average_yearly_change_in_scores",172,"Argentina",-2.23523500150364e-15,0.108864301063032
"2012 - 2025","CS","Carbon storage","average_yearly_change_in_scores",173,"Uruguay",-4.40161356773212e-15,0.108864301063032
"2012 - 2025","CS","Carbon storage","average_yearly_change_in_scores",174,"Finland",1.53416762193846e-15,0.108864301063032
"2012 - 2025","CS","Carbon storage","average_yearly_change_in_scores",175,"Denmark",-1.19998462893929e-15,0.108864301063032
"2012 - 2025","CS","Carbon storage","average_yearly_change_in_scores",176,"Germany",-2.07469523559477e-15,0.108864301063032
"2012 - 2025","CS","Carbon storage","average_yearly_change_in_scores",177,"Netherlands",-3.47285063764478e-15,0.108864301063032
"2012 - 2025","CS","Carbon storage","average_yearly_change_in_scores",178,"Poland",5.32041557056005e-16,0.108864301063032
"2012 - 2025","CS","Carbon storage","average_yearly_change_in_scores",179,"France",-5.16410437735062e-16,0.108864301063032
"2012 - 2025","CS","Carbon storage","average_yearly_change_in_scores",180,"United Kingdom",3.60298571567872e-15,0.108864301063032
"2012 - 2025","CS","Carbon storage","average_yearly_change_in_scores",181,"Ireland",1.9149909341117e-15,0.108864301063032
"2012 - 2025","CS","Carbon storage","average_yearly_change_in_scores",182,"Spain",5.28686608626145e-17,0.108864301063032
"2012 - 2025","CS","Carbon storage","average_yearly_change_in_scores",183,"Portugal",1.23698685761024e-15,0.108864301063032
"2012 - 2025","CS","Carbon storage","average_yearly_change_in_scores",184,"Italy",-5.16820807834244e-16,0.108864301063032
"2012 - 2025","CS","Carbon storage","average_yearly_change_in_scores",185,"Monaco",7.47201211128639e-16,0.108864301063032
"2012 - 2025","CS","Carbon storage","average_yearly_change_in_scores",186,"Montenegro",5.33800146470874e-16,0.108864301063032
"2012 - 2025","CS","Carbon storage","average_yearly_change_in_scores",187,"Croatia",-3.57168652979055e-15,0.108864301063032
"2012 - 2025","CS","Carbon storage","average_yearly_change_in_scores",188,"Slovenia",-2.21145457454439e-16,0.108864301063032
"2012 - 2025","CS","Carbon storage","average_yearly_change_in_scores",189,"Lithuania",-7.6050992569851e-16,0.108864301063032
"2012 - 2025","CS","Carbon storage","average_yearly_change_in_scores",190,"Qatar",4.67121478715138e-15,0.108864301063032
"2012 - 2025","CS","Carbon storage","average_yearly_change_in_scores",191,"Iran",-0.031274725274735,0.210101850666849
"2012 - 2025","CS","Carbon storage","average_yearly_change_in_scores",192,"Iraq",0.0168791208791111,0.584166348914916
"2012 - 2025","CS","Carbon storage","average_yearly_change_in_scores",193,"Guinea Bissau",-0.00562637362637764,5.53674766303932e-05
"2012 - 2025","CS","Carbon storage","average_yearly_change_in_scores",194,"Guinea",-0.0100439560439627,9.20636509744087e-07
"2012 - 2025","CS","Carbon storage","average_yearly_change_in_scores",195,"Ivory Coast",0.0955164835164778,0.0137796240315256
"2012 - 2025","CS","Carbon storage","average_yearly_change_in_scores",196,"Nigeria",-0.0207912087912098,0.0103303064404695
"2012 - 2025","CS","Carbon storage","average_yearly_change_in_scores",197,"Cameroon",0.0509670329670354,0.000148847606089617
"2012 - 2025","CS","Carbon storage","average_yearly_change_in_scores",198,"Gabon",-0.0436263736263782,4.99680128299425e-06
"2012 - 2025","CS","Carbon storage","average_yearly_change_in_scores",199,"Democratic Republic of the Congo",0.111230769230773,2.20733715534463e-07
"2012 - 2025","CS","Carbon storage","average_yearly_change_in_scores",200,"Angola",0.00810989010988778,0.224105499680343
"2012 - 2025","CS","Carbon storage","average_yearly_change_in_scores",202,"Tanzania",0.0580439560439613,0.0068860354631251
"2012 - 2025","CS","Carbon storage","average_yearly_change_in_scores",203,"India",0.0241098901098878,0.074945712093255
"2012 - 2025","CS","Carbon storage","average_yearly_change_in_scores",204,"Bangladesh",0.331582417582428,5.34871131352928e-06
"2012 - 2025","CS","Carbon storage","average_yearly_change_in_scores",205,"Myanmar",0.191560439560444,0.0040584040264255
"2012 - 2025","CS","Carbon storage","average_yearly_change_in_scores",206,"Malaysia",-0.00707692307692668,0.183860231208248
"2012 - 2025","CS","Carbon storage","average_yearly_change_in_scores",207,"Vietnam",-0.0237802197802231,0.0932926710877597
"2012 - 2025","CS","Carbon storage","average_yearly_change_in_scores",208,"Singapore",0.00373626373626062,0.0666289664165213
"2012 - 2025","CS","Carbon storage","average_yearly_change_in_scores",209,"China",0.074835164835162,0.00349789439781606
"2012 - 2025","CS","Carbon storage","average_yearly_change_in_scores",210,"Japan",-0.00870329670329779,0.00185436022213376
"2012 - 2025","CS","Carbon storage","average_yearly_change_in_scores",212,"Gilbert Islands (Kiribati)",0.0339560439560415,0.000507702215717438
"2012 - 2025","CS","Carbon storage","average_yearly_change_in_scores",214,"Egypt",-5.05253081140721e-15,0.108864301063032
"2012 - 2025","CS","Carbon storage","average_yearly_change_in_scores",215,"Jordan",0.0188131868131882,0.00249552250397039
"2012 - 2025","CS","Carbon storage","average_yearly_change_in_scores",216,"Indonesia",0.0108351648351653,0.228456796528522
"2012 - 2025","CS","Carbon storage","average_yearly_change_in_scores",218,"Canada",-8.67909381655167e-16,0.108864301063032
"2012 - 2025","CS","Carbon storage","average_yearly_change_in_scores",219,"Saint Pierre and Miquelon",-1.24452341956519e-17,0.108864301063032
"2012 - 2025","CS","Carbon storage","average_yearly_change_in_scores",220,"Sint Maarten",-2.63148192562387e-16,0.108864301063032
"2012 - 2025","CS","Carbon storage","average_yearly_change_in_scores",221,"Northern Saint-Martin",-2.63148192562387e-16,0.108864301063032
"2012 - 2025","CS","Carbon storage","average_yearly_change_in_scores",222,"Sweden",-1.00523819219287e-15,0.108864301063032
"2012 - 2025","CS","Carbon storage","average_yearly_change_in_scores",223,"Norway",-4.20089523035228e-16,0.108864301063032
"2012 - 2025","CS","Carbon storage","average_yearly_change_in_scores",224,"Chile",3.45034194526401e-16,0.108864301063032
"2012 - 2025","CS","Carbon storage","average_yearly_change_in_scores",227,"Jersey",8.97481606794901e-16,0.108864301063032
"2012 - 2025","CS","Carbon storage","average_yearly_change_in_scores",228,"Guernsey",-1.13083916578583e-15,0.108864301063032
"2012 - 2025","CS","Carbon storage","average_yearly_change_in_scores",231,"East Timor",0.0141758241758238,0.000676645101358539
"2012 - 2025","CS","Carbon storage","average_yearly_change_in_scores",237,"Oecussi Ambeno",0.146989010989013,1.72749249359579e-05
"2012 - 2025","CS","Carbon storage","average_yearly_change_in_scores",244,"Curacao",-2.11962331824783e-15,0.108864301063032
"2012 - 2025","CS","Carbon storage","average_yearly_change_in_scores",245,"Bonaire",-0.0333626373626491,0.907058711263055
"2012 - 2025","CS","Carbon storage","average_yearly_change_in_scores",247,"Brunei",0.00210989010989094,0.877637810885344
"2012 - 2025","CS","Carbon storage","average_yearly_change_in_scores",248,"Saba",-2.63148192562387e-16,0.108864301063032
"2012 - 2025","CS","Carbon storage","average_yearly_change_in_scores",249,"Sint Eustatius",-2.63148192562387e-16,0.108864301063032
"2012 - 2025","CS","Carbon storage","average_yearly_change_in_scores",250,"Aruba",-2.66755135030279e-15,0.108864301063032
"2012 - 2025","CW","Clean water","average_yearly_change_in_scores",0,"Global average",0.22443956043957,2.65376794037321e-09
"2012 - 2025","CW","Clean water","average_yearly_change_in_scores",1,"Cocos Islands",0.218901098901095,0.0211650983618332
"2012 - 2025","CW","Clean water","average_yearly_change_in_scores",2,"Christmas Island",0.331648351648353,0.00183978028777803
"2012 - 2025","CW","Clean water","average_yearly_change_in_scores",3,"Norfolk Island",0.619978021978033,2.20688473394499e-05
"2012 - 2025","CW","Clean water","average_yearly_change_in_scores",4,"Macquarie Island",-0.0525934065934123,0.00320676731865619
"2012 - 2025","CW","Clean water","average_yearly_change_in_scores",5,"New Caledonia",0.00120879120878894,0.905161240448431
"2012 - 2025","CW","Clean water","average_yearly_change_in_scores",6,"Vanuatu",-0.106989010989015,2.29390215408886e-06
"2012 - 2025","CW","Clean water","average_yearly_change_in_scores",7,"Solomon Islands",0.182571428571429,0.000875028107569421
"2012 - 2025","CW","Clean water","average_yearly_change_in_scores",8,"Palau",0.536527472527491,2.20708348606894e-09
"2012 - 2025","CW","Clean water","average_yearly_change_in_scores",9,"Micronesia",1.94175824175834,1.9212292254625e-05
"2012 - 2025","CW","Clean water","average_yearly_change_in_scores",10,"Nauru",0.0319780219780254,0.0177157890228936
"2012 - 2025","CW","Clean water","average_yearly_change_in_scores",11,"Marshall Islands",-0.0310769230769252,0.0509263352785774
"2012 - 2025","CW","Clean water","average_yearly_change_in_scores",12,"Wake Island",0.00949450549450541,0.0211650983618335
"2012 - 2025","CW","Clean water","average_yearly_change_in_scores",13,"Northern Mariana Islands and Guam",0.0185934065934039,0.0212270925941398
"2012 - 2025","CW","Clean water","average_yearly_change_in_scores",14,"Taiwan",0.434879120879137,1.18331585075742e-12
"2012 - 2025","CW","Clean water","average_yearly_change_in_scores",15,"Philippines",0.435472527472544,2.24466562676454e-10
"2012 - 2025","CW","Clean water","average_yearly_change_in_scores",16,"Australia",0.508615384615393,6.29792719340746e-05
"2012 - 2025","CW","Clean water","average_yearly_change_in_scores",17,"Papua New Guinea",0.0539560439560376,0.183973630792645
"2012 - 2025","CW","Clean water","average_yearly_change_in_scores",18,"Fiji",0.206285714285704,0.0311375528155871
"2012 - 2025","CW","Clean water","average_yearly_change_in_scores",19,"Tuvalu",0.0410329670329641,0.0141617342327414
"2012 - 2025","CW","Clean water","average_yearly_change_in_scores",20,"South Korea",-0.137670329670304,0.47817882873122
"2012 - 2025","CW","Clean water","average_yearly_change_in_scores",21,"North Korea",0.439978021978042,3.75801428271595e-07
"2012 - 2025","CW","Clean water","average_yearly_change_in_scores",24,"Cambodia",0.594549450549475,7.23022844856491e-13
"2012 - 2025","CW","Clean water","average_yearly_change_in_scores",25,"Thailand",0.935274725274768,4.14947571716655e-12
"2012 - 2025","CW","Clean water","average_yearly_change_in_scores",26,"Andaman and Nicobar",0.315582417582431,2.32390186969237e-12
"2012 - 2025","CW","Clean water","average_yearly_change_in_scores",28,"Comoro Islands",-0.25756043956045,2.48669694994744e-07
"2012 - 2025","CW","Clean water","average_yearly_change_in_scores",29,"Mayotte",3.25158241758258,4.16455037023576e-06
"2012 - 2025","CW","Clean water","average_yearly_change_in_scores",30,"Glorioso Islands",-4.00172103380293e-15,0.108864301063032
"2012 - 2025","CW","Clean water","average_yearly_change_in_scores",31,"Seychelles",0.807142857142889,3.60820371502633e-07
"2012 - 2025","CW","Clean water","average_yearly_change_in_scores",32,"Réunion",0.164197802197804,6.79961351144874e-06
"2012 - 2025","CW","Clean water","average_yearly_change_in_scores",33,"Juan de Nova Island",-9.73720597872969e-16,0.108864301063032
"2012 - 2025","CW","Clean water","average_yearly_change_in_scores",34,"Bassas da India",1.35328635298439e-15,0.108864301063032
"2012 - 2025","CW","Clean water","average_yearly_change_in_scores",35,"Ile Europa",1.35711792107959e-15,0.108864301063032
"2012 - 2025","CW","Clean water","average_yearly_change_in_scores",36,"Ile Tromelin",-4.62390151676409e-15,0.108864301063032
"2012 - 2025","CW","Clean water","average_yearly_change_in_scores",37,"Mauritius",0.63408791208794,2.76410362123823e-07
"2012 - 2025","CW","Clean water","average_yearly_change_in_scores",38,"British Indian Ocean Territory",0.0189890109890076,0.0211650983618352
"2012 - 2025","CW","Clean water","average_yearly_change_in_scores",39,"Maldives",2.65448351648366,7.6935131912374e-09
"2012 - 2025","CW","Clean water","average_yearly_change_in_scores",40,"Sri Lanka",0.405164835164847,0.0117458231165161
"2012 - 2025","CW","Clean water","average_yearly_change_in_scores",41,"Mozambique",0.0809230769230774,0.0284561126249028
"2012 - 2025","CW","Clean water","average_yearly_change_in_scores",42,"Madagascar",-0.00892307692308457,0.812057256002079
"2012 - 2025","CW","Clean water","average_yearly_change_in_scores",43,"Kenya",0.0519120879120865,0.0172485656625292
"2012 - 2025","CW","Clean water","average_yearly_change_in_scores",44,"Somalia",0.115956043956043,0.000441434888073618
"2012 - 2025","CW","Clean water","average_yearly_change_in_scores",45,"Eritrea",-0.0525714285714349,0.0124161223802085
"2012 - 2025","CW","Clean water","average_yearly_change_in_scores",46,"Djibouti",0.137978021978024,6.9501708545739e-05
"2012 - 2025","CW","Clean water","average_yearly_change_in_scores",47,"Yemen",-0.0883516483516577,0.00724535341694672
"2012 - 2025","CW","Clean water","average_yearly_change_in_scores",48,"Oman",-0.0272967032967415,0.901114131020479
"2012 - 2025","CW","Clean water","average_yearly_change_in_scores",49,"Sudan",-0.00571428571428997,0.739411262852076
"2012 - 2025","CW","Clean water","average_yearly_change_in_scores",50,"Saudi Arabia",0.0911868131868243,0.0160320402316843
"2012 - 2025","CW","Clean water","average_yearly_change_in_scores",51,"Kuwait",-0.00371428571428329,0.917116743873601
"2012 - 2025","CW","Clean water","average_yearly_change_in_scores",52,"Bahrain",-0.165890109890163,0.582839144567757
"2012 - 2025","CW","Clean water","average_yearly_change_in_scores",53,"Pakistan",0.408065934065948,2.69337140087895e-10
"2012 - 2025","CW","Clean water","average_yearly_change_in_scores",54,"United Arab Emirates",-0.0684175824175901,0.0786688647800977
"2012 - 2025","CW","Clean water","average_yearly_change_in_scores",55,"Azores",0.172505494505495,0.0161211207456875
"2012 - 2025","CW","Clean water","average_yearly_change_in_scores",56,"Cape Verde",0.499912087912107,8.68136651926786e-12
"2012 - 2025","CW","Clean water","average_yearly_change_in_scores",57,"Madeira",0.218571428571433,0.000907050603531894
"2012 - 2025","CW","Clean water","average_yearly_change_in_scores",58,"Canary Islands",0.154307692307697,0.000770839371069833
"2012 - 2025","CW","Clean water","average_yearly_change_in_scores",59,"Belgium",0.0369450549450544,0.011057876212196
"2012 - 2025","CW","Clean water","average_yearly_change_in_scores",60,"Gibraltar",0.00751648351648332,0.689346119108804
"2012 - 2025","CW","Clean water","average_yearly_change_in_scores",61,"Tunisia",0.761164835164868,8.08712091615697e-09
"2012 - 2025","CW","Clean water","average_yearly_change_in_scores",62,"Morocco",0.283978021978032,1.4632180663078e-08
"2012 - 2025","CW","Clean water","average_yearly_change_in_scores",63,"Western Sahara",0.0585714285714284,0.000781340003919105
"2012 - 2025","CW","Clean water","average_yearly_change_in_scores",64,"Mauritania",0.2036043956044,1.03175186442727e-07
"2012 - 2025","CW","Clean water","average_yearly_change_in_scores",65,"Gambia",-0.115450549450555,2.13717622349046e-06
"2012 - 2025","CW","Clean water","average_yearly_change_in_scores",66,"Senegal",0.127362637362637,0.000748070371040646
"2012 - 2025","CW","Clean water","average_yearly_change_in_scores",67,"Libya",0.145692307692291,0.171648844943496
"2012 - 2025","CW","Clean water","average_yearly_change_in_scores",68,"Malta",-0.041868131868116,0.603051983397463
"2012 - 2025","CW","Clean water","average_yearly_change_in_scores",69,"Latvia",0.147208791208794,0.000461884023196523
"2012 - 2025","CW","Clean water","average_yearly_change_in_scores",70,"Estonia",0.110967032967039,0.109565059749245
"2012 - 2025","CW","Clean water","average_yearly_change_in_scores",71,"Bulgaria",0.456637362637367,0.00167283047969787
"2012 - 2025","CW","Clean water","average_yearly_change_in_scores",72,"Romania",0.603780219780242,1.43103143473236e-08
"2012 - 2025","CW","Clean water","average_yearly_change_in_scores",73,"Russia",0.23918681318682,6.09085735302114e-08
"2012 - 2025","CW","Clean water","average_yearly_change_in_scores",74,"Georgia",0.035142857142853,0.160535605216718
"2012 - 2025","CW","Clean water","average_yearly_change_in_scores",75,"Ukraine",0.0688351648351705,0.0666797125978993
"2012 - 2025","CW","Clean water","average_yearly_change_in_scores",76,"Turkey",0.755274725274762,5.38041797988896e-08
"2012 - 2025","CW","Clean water","average_yearly_change_in_scores",77,"Syria",0.375956043956043,0.000593887758070161
"2012 - 2025","CW","Clean water","average_yearly_change_in_scores",78,"Lebanon",0.986769230769283,2.78258878861948e-07
"2012 - 2025","CW","Clean water","average_yearly_change_in_scores",79,"Israel",0.196087912087926,0.000358157290594536
"2012 - 2025","CW","Clean water","average_yearly_change_in_scores",80,"Greece",-0.0277142857142938,0.593186987440306
"2012 - 2025","CW","Clean water","average_yearly_change_in_scores",81,"Cyprus",0.166879120879132,0.000838353696890119
"2012 - 2025","CW","Clean water","average_yearly_change_in_scores",82,"Albania",0.655186813186833,5.53375204096064e-06
"2012 - 2025","CW","Clean water","average_yearly_change_in_scores",84,"Algeria",-0.176527472527478,7.56569851459986e-05
"2012 - 2025","CW","Clean water","average_yearly_change_in_scores",85,"Ascension",-0.0166373626373659,0.229278555950308
"2012 - 2025","CW","Clean water","average_yearly_change_in_scores",86,"Saint Helena",-0.0953406593406931,0.625018046922269
"2012 - 2025","CW","Clean water","average_yearly_change_in_scores",88,"Tristan da Cunha",-0.0175384615384667,0.234864612546401
"2012 - 2025","CW","Clean water","average_yearly_change_in_scores",89,"South Georgia and the South Sandwich Islands",0.00685714285713857,0.0211650983618418
"2012 - 2025","CW","Clean water","average_yearly_change_in_scores",90,"Prince Edward Islands",-0.595824175824185,0.00120846689773662
"2012 - 2025","CW","Clean water","average_yearly_change_in_scores",91,"Crozet Islands",0.139780219780213,0.0211650983618335
"2012 - 2025","CW","Clean water","average_yearly_change_in_scores",92,"Amsterdam Island and Saint Paul Island",3.79527585810329e-17,0.108864301063032
"2012 - 2025","CW","Clean water","average_yearly_change_in_scores",93,"Kerguelen Islands",0.00949450549450877,0.021165098361828
"2012 - 2025","CW","Clean water","average_yearly_change_in_scores",94,"Heard and McDonald Islands",1.13500720948763e-15,0.108864301063032
"2012 - 2025","CW","Clean water","average_yearly_change_in_scores",95,"Falkland Islands",-0.51567032967036,0.130180697314021
"2012 - 2025","CW","Clean water","average_yearly_change_in_scores",96,"Sierra Leone",0.0219340659340652,0.213957228218556
"2012 - 2025","CW","Clean water","average_yearly_change_in_scores",97,"Liberia",-0.0517802197802253,0.00743694823280526
"2012 - 2025","CW","Clean water","average_yearly_change_in_scores",98,"Togo",0.00553846153846064,0.469291929957084
"2012 - 2025","CW","Clean water","average_yearly_change_in_scores",99,"Benin",0.0190329670329668,0.0731910392901327
"2012 - 2025","CW","Clean water","average_yearly_change_in_scores",100,"Republique du Congo",0.307450549450559,8.83781360049319e-09
"2012 - 2025","CW","Clean water","average_yearly_change_in_scores",101,"Namibia",-0.0826153846153845,0.00382964065384127
"2012 - 2025","CW","Clean water","average_yearly_change_in_scores",102,"South Africa",0.00189010989012448,0.973808274404472
"2012 - 2025","CW","Clean water","average_yearly_change_in_scores",103,"Sao Tome and Principe",0.164131868131872,7.01119805332686e-07
"2012 - 2025","CW","Clean water","average_yearly_change_in_scores",104,"Equatorial Guinea",0.0440439560439564,0.0840554102937733
"2012 - 2025","CW","Clean water","average_yearly_change_in_scores",105,"Bouvet Island",6.91042921617528e-17,0.108864301063032
"2012 - 2025","CW","Clean water","average_yearly_change_in_scores",106,"Ghana",0.00668131868130603,0.890751959781784
"2012 - 2025","CW","Clean water","average_yearly_change_in_scores",107,"Clipperton Island",1.47109126230696e-15,0.108864301063032
"2012 - 2025","CW","Clean water","average_yearly_change_in_scores",108,"Bermuda",0.0417802197802251,0.20705470842034
"2012 - 2025","CW","Clean water","average_yearly_change_in_scores",110,"Bahamas",0.406087912087941,0.0389642345717811
"2012 - 2025","CW","Clean water","average_yearly_change_in_scores",111,"Turks and Caicos Islands",-0.0161978021978035,0.0337855956644605
"2012 - 2025","CW","Clean water","average_yearly_change_in_scores",112,"Cuba",0.404307692307716,1.55525246089265e-08
"2012 - 2025","CW","Clean water","average_yearly_change_in_scores",113,"Cayman Islands",-0.0633406593406658,7.63797334956675e-09
"2012 - 2025","CW","Clean water","average_yearly_change_in_scores",114,"Haiti",0.0638021978021976,0.0190247741415928
"2012 - 2025","CW","Clean water","average_yearly_change_in_scores",115,"Dominican Republic",0.363010989010998,6.46206837876086e-06
"2012 - 2025","CW","Clean water","average_yearly_change_in_scores",116,"Puerto Rico and Virgin Islands of the United States",-0.0976923076923477,0.688834860735842
"2012 - 2025","CW","Clean water","average_yearly_change_in_scores",117,"British Virgin Islands",-0.0279780219780213,0.000105340621162121
"2012 - 2025","CW","Clean water","average_yearly_change_in_scores",118,"Anguilla",0.975714285714338,9.65847867609449e-06
"2012 - 2025","CW","Clean water","average_yearly_change_in_scores",119,"Saint Kitts and Nevis",0.733802197802245,0.000808409452187637
"2012 - 2025","CW","Clean water","average_yearly_change_in_scores",120,"Antigua and Barbuda",-0.0204615384615381,0.0529853443133238
"2012 - 2025","CW","Clean water","average_yearly_change_in_scores",121,"Montserrat",0.127714285714286,9.3953547888552e-05
"2012 - 2025","CW","Clean water","average_yearly_change_in_scores",122,"Saint Lucia",0.00428571428571586,0.8441791194782
"2012 - 2025","CW","Clean water","average_yearly_change_in_scores",123,"Dominica",0.25393406593408,2.74280619425684e-05
"2012 - 2025","CW","Clean water","average_yearly_change_in_scores",124,"Barbados",0.608527472527504,1.07312116161774e-06
"2012 - 2025","CW","Clean water","average_yearly_change_in_scores",125,"Grenada",0.0627472527472585,0.0308122899964509
"2012 - 2025","CW","Clean water","average_yearly_change_in_scores",126,"Trinidad and Tobago",0.0761758241758254,0.000238030130532847
"2012 - 2025","CW","Clean water","average_yearly_change_in_scores",127,"Saint Vincent and the Grenadines",1.3336703296704,1.02987656185944e-05
"2012 - 2025","CW","Clean water","average_yearly_change_in_scores",129,"Panama",0.192263736263752,0.000360319850181712
"2012 - 2025","CW","Clean water","average_yearly_change_in_scores",130,"Costa Rica",0.622989010989034,1.53091583167909e-05
"2012 - 2025","CW","Clean water","average_yearly_change_in_scores",131,"Nicaragua",0.382835164835165,0.00867998673304478
"2012 - 2025","CW","Clean water","average_yearly_change_in_scores",132,"Colombia",0.572637362637392,9.81162584639298e-12
"2012 - 2025","CW","Clean water","average_yearly_change_in_scores",133,"Honduras",0.264461538461547,2.40458522619082e-06
"2012 - 2025","CW","Clean water","average_yearly_change_in_scores",134,"El Salvador",0.135494505494505,0.00281751632947426
"2012 - 2025","CW","Clean water","average_yearly_change_in_scores",135,"Mexico",0.363670329670345,9.48002645002308e-10
"2012 - 2025","CW","Clean water","average_yearly_change_in_scores",136,"Guatemala",-0.0919560439560411,0.00366215560927174
"2012 - 2025","CW","Clean water","average_yearly_change_in_scores",137,"Ecuador",0.678197802197839,9.80515176834094e-07
"2012 - 2025","CW","Clean water","average_yearly_change_in_scores",138,"Peru",0.0807032967032989,9.64498506082938e-07
"2012 - 2025","CW","Clean water","average_yearly_change_in_scores",139,"Venezuela",0.630879120879148,1.42190496012465e-07
"2012 - 2025","CW","Clean water","average_yearly_change_in_scores",140,"Guadeloupe and Martinique",0.761032967032999,3.0702375202085e-11
"2012 - 2025","CW","Clean water","average_yearly_change_in_scores",141,"Faeroe Islands",0.0101758241758248,0.18900760093055
"2012 - 2025","CW","Clean water","average_yearly_change_in_scores",143,"Iceland",-0.148263736263732,0.177145758684829
"2012 - 2025","CW","Clean water","average_yearly_change_in_scores",144,"Jan Mayen",-2.23290884735686e-15,0.108864301063032
"2012 - 2025","CW","Clean water","average_yearly_change_in_scores",145,"Greenland",0.0139999999999966,0.139336237394324
"2012 - 2025","CW","Clean water","average_yearly_change_in_scores",146,"Pitcairn",-0.0314285714285725,0.0842057274756583
"2012 - 2025","CW","Clean water","average_yearly_change_in_scores",147,"French Polynesia",-0.0468791208791241,0.0298150791005618
"2012 - 2025","CW","Clean water","average_yearly_change_in_scores",148,"Line Islands (Kiribati)",0.0683516483516472,0.0223506270528591
"2012 - 2025","CW","Clean water","average_yearly_change_in_scores",149,"Jarvis Island",5.8255979721913e-16,0.108864301063032
"2012 - 2025","CW","Clean water","average_yearly_change_in_scores",150,"Palmyra Atoll",1.89556723747571e-15,0.108864301063032
"2012 - 2025","CW","Clean water","average_yearly_change_in_scores",151,"American Samoa",-0.129032967032971,1.54806861463483e-05
"2012 - 2025","CW","Clean water","average_yearly_change_in_scores",152,"Samoa",0.51301098901101,1.62197634523763e-10
"2012 - 2025","CW","Clean water","average_yearly_change_in_scores",153,"Cook Islands",0.0542637362637329,0.0168160657031028
"2012 - 2025","CW","Clean water","average_yearly_change_in_scores",154,"Niue",0.142637362637396,0.435227765477601
"2012 - 2025","CW","Clean water","average_yearly_change_in_scores",155,"Tonga",0.348945054945061,1.58210644344586e-06
"2012 - 2025","CW","Clean water","average_yearly_change_in_scores",156,"Tokelau",0.465252747252749,0.0130958961007063
"2012 - 2025","CW","Clean water","average_yearly_change_in_scores",157,"Phoenix Islands (Kiribati)",0.158131868131862,0.0154720699575018
"2012 - 2025","CW","Clean water","average_yearly_change_in_scores",158,"Howland Island and Baker Island",-1.33863003012624e-15,0.108864301063032
"2012 - 2025","CW","Clean water","average_yearly_change_in_scores",159,"Johnston Atoll",-1.88190889225595e-15,0.108864301063032
"2012 - 2025","CW","Clean water","average_yearly_change_in_scores",161,"Wallis and Futuna",-0.0264175824175858,0.00142812019357943
"2012 - 2025","CW","Clean water","average_yearly_change_in_scores",162,"New Zealand",-0.517186813186851,0.196158416887522
"2012 - 2025","CW","Clean water","average_yearly_change_in_scores",163,"United States",-0.0570109890109693,0.651408992227474
"2012 - 2025","CW","Clean water","average_yearly_change_in_scores",164,"Belize",0.252241758241789,0.137234796786861
"2012 - 2025","CW","Clean water","average_yearly_change_in_scores",166,"Jamaica",0.199010989010989,0.000931204115318872
"2012 - 2025","CW","Clean water","average_yearly_change_in_scores",167,"Guyana",0.100945054945051,0.121632817918118
"2012 - 2025","CW","Clean water","average_yearly_change_in_scores",168,"Suriname",0.36010989010989,7.82182649115721e-05
"2012 - 2025","CW","Clean water","average_yearly_change_in_scores",169,"French Guiana",0.134373626373624,0.00154060578715898
"2012 - 2025","CW","Clean water","average_yearly_change_in_scores",171,"Brazil",0.212571428571432,7.50483350966754e-07
"2012 - 2025","CW","Clean water","average_yearly_change_in_scores",172,"Argentina",0.72479120879124,1.0642579816285e-06
"2012 - 2025","CW","Clean water","average_yearly_change_in_scores",173,"Uruguay",0.277054945054961,2.67617979770037e-07
"2012 - 2025","CW","Clean water","average_yearly_change_in_scores",174,"Finland",-0.0487032967033076,0.15058614264349
"2012 - 2025","CW","Clean water","average_yearly_change_in_scores",175,"Denmark",-0.028109890109887,0.56213357883976
"2012 - 2025","CW","Clean water","average_yearly_change_in_scores",176,"Germany",0.0471428571428611,0.0322813559764623
"2012 - 2025","CW","Clean water","average_yearly_change_in_scores",177,"Netherlands",-0.0196483516483515,0.0105483583880249
"2012 - 2025","CW","Clean water","average_yearly_change_in_scores",178,"Poland",0.364857142857151,0.00259264219802597
"2012 - 2025","CW","Clean water","average_yearly_change_in_scores",179,"France",-0.0774725274725322,0.0760778525916842
"2012 - 2025","CW","Clean water","average_yearly_change_in_scores",180,"United Kingdom",0.0262197802197797,0.000196735249654903
"2012 - 2025","CW","Clean water","average_yearly_change_in_scores",181,"Ireland",-0.0547472527472541,0.00845236351894983
"2012 - 2025","CW","Clean water","average_yearly_change_in_scores",182,"Spain",-0.108923076923087,0.0120318822916055
"2012 - 2025","CW","Clean water","average_yearly_change_in_scores",183,"Portugal",0.315912087912091,0.00522510899558304
"2012 - 2025","CW","Clean water","average_yearly_change_in_scores",184,"Italy",-0.0174725274725209,0.712635206646506
"2012 - 2025","CW","Clean water","average_yearly_change_in_scores",185,"Monaco",-0.0280659340659345,0.0564177110605575
"2012 - 2025","CW","Clean water","average_yearly_change_in_scores",186,"Montenegro",0.3768131868132,7.55305000987844e-06
"2012 - 2025","CW","Clean water","average_yearly_change_in_scores",187,"Croatia",-0.094703296703296,0.105621196394366
"2012 - 2025","CW","Clean water","average_yearly_change_in_scores",188,"Slovenia",-0.0865494505494516,0.000218456534605767
"2012 - 2025","CW","Clean water","average_yearly_change_in_scores",189,"Lithuania",0.267780219780229,5.82052068275009e-09
"2012 - 2025","CW","Clean water","average_yearly_change_in_scores",190,"Qatar",0.155296703296724,0.0261447857038266
"2012 - 2025","CW","Clean water","average_yearly_change_in_scores",191,"Iran",-0.223406593406616,0.000829878858138099
"2012 - 2025","CW","Clean water","average_yearly_change_in_scores",192,"Iraq",0.597076923076947,2.35748069959376e-07
"2012 - 2025","CW","Clean water","average_yearly_change_in_scores",193,"Guinea Bissau",0.11914285714286,3.36431199390739e-07
"2012 - 2025","CW","Clean water","average_yearly_change_in_scores",194,"Guinea",-0.00694505494506252,0.809678817537888
"2012 - 2025","CW","Clean water","average_yearly_change_in_scores",195,"Ivory Coast",0.029318681318677,0.316566749209151
"2012 - 2025","CW","Clean water","average_yearly_change_in_scores",196,"Nigeria",-0.0452747252747282,0.108619529904862
"2012 - 2025","CW","Clean water","average_yearly_change_in_scores",197,"Cameroon",-0.0645934065934129,0.0394082112128408
"2012 - 2025","CW","Clean water","average_yearly_change_in_scores",198,"Gabon",0.0601318681318615,0.0992303730604929
"2012 - 2025","CW","Clean water","average_yearly_change_in_scores",199,"Democratic Republic of the Congo",0.056527472527472,0.00347376343963672
"2012 - 2025","CW","Clean water","average_yearly_change_in_scores",200,"Angola",-0.366505494505512,2.10662410902687e-08
"2012 - 2025","CW","Clean water","average_yearly_change_in_scores",202,"Tanzania",-0.108505494505506,0.00773844232888105
"2012 - 2025","CW","Clean water","average_yearly_change_in_scores",203,"India",0.970439560439609,9.36837267319222e-13
"2012 - 2025","CW","Clean water","average_yearly_change_in_scores",204,"Bangladesh",1.15210989010994,5.4706782255024e-12
"2012 - 2025","CW","Clean water","average_yearly_change_in_scores",205,"Myanmar",0.108329670329672,0.0689731889789967
"2012 - 2025","CW","Clean water","average_yearly_change_in_scores",206,"Malaysia",0.0694725274725131,0.555663539348931
"2012 - 2025","CW","Clean water","average_yearly_change_in_scores",207,"Vietnam",0.856945054945093,6.23565178241252e-14
"2012 - 2025","CW","Clean water","average_yearly_change_in_scores",208,"Singapore",0.0194725274725278,0.0425330023713904
"2012 - 2025","CW","Clean water","average_yearly_change_in_scores",209,"China",0.943340659340703,2.26275292147658e-11
"2012 - 2025","CW","Clean water","average_yearly_change_in_scores",210,"Japan",-0.0378021978021806,0.72065054413141
"2012 - 2025","CW","Clean water","average_yearly_change_in_scores",212,"Gilbert Islands (Kiribati)",0.0332527472527477,0.00802850604075608
"2012 - 2025","CW","Clean water","average_yearly_change_in_scores",214,"Egypt",0.391142857142876,1.21406314338196e-08
"2012 - 2025","CW","Clean water","average_yearly_change_in_scores",215,"Jordan",-0.160923076923071,0.262939645063292
"2012 - 2025","CW","Clean water","average_yearly_change_in_scores",216,"Indonesia",0.907516483516526,1.38230798830041e-13
"2012 - 2025","CW","Clean water","average_yearly_change_in_scores",218,"Canada",0.13868131868135,0.414892871224625
"2012 - 2025","CW","Clean water","average_yearly_change_in_scores",219,"Saint Pierre and Miquelon",-0.0257142857142815,0.447885419403439
"2012 - 2025","CW","Clean water","average_yearly_change_in_scores",220,"Sint Maarten",0.0381318681318694,0.0320352019942635
"2012 - 2025","CW","Clean water","average_yearly_change_in_scores",221,"Northern Saint-Martin",1.08351648351653,1.19819190594014e-08
"2012 - 2025","CW","Clean water","average_yearly_change_in_scores",222,"Sweden",-0.035604395604397,0.310291896458058
"2012 - 2025","CW","Clean water","average_yearly_change_in_scores",223,"Norway",-0.089538461538462,0.0335042883030555
"2012 - 2025","CW","Clean water","average_yearly_change_in_scores",224,"Chile",-0.334197802197862,0.302371268090679
"2012 - 2025","CW","Clean water","average_yearly_change_in_scores",227,"Jersey",-0.0149670329670323,0.408960117187834
"2012 - 2025","CW","Clean water","average_yearly_change_in_scores",228,"Guernsey",0.0118241758241741,0.0098805861955187
"2012 - 2025","CW","Clean water","average_yearly_change_in_scores",231,"East Timor",0.263032967032975,4.52954679433065e-07
"2012 - 2025","CW","Clean water","average_yearly_change_in_scores",232,"Bosnia and Herzegovina",0.158703296703303,0.000844010750979632
"2012 - 2025","CW","Clean water","average_yearly_change_in_scores",237,"Oecussi Ambeno",0.523670329670352,2.06260145194934e-12
"2012 - 2025","CW","Clean water","average_yearly_change_in_scores",244,"Curacao",0.253670329670343,3.26421703476685e-05
"2012 - 2025","CW","Clean water","average_yearly_change_in_scores",245,"Bonaire",-0.00410989010988838,0.808567291096227
"2012 - 2025","CW","Clean water","average_yearly_change_in_scores",247,"Brunei",1.20914285714291,1.35101783756943e-07
"2012 - 2025","CW","Clean water","average_yearly_change_in_scores",248,"Saba",0.0180439560439573,0.165245760518764
"2012 - 2025","CW","Clean water","average_yearly_change_in_scores",249,"Sint Eustatius",-0.0245274725274805,0.484079523136027
"2012 - 2025","CW","Clean water","average_yearly_change_in_scores",250,"Aruba",0.127296703296709,1.65034006176481e-10
"2012 - 2025","FIS","Fisheries (subgoal)","average_yearly_change_in_scores",0,"Global average",-0.0402637362637384,0.185810132574911
"2012 - 2025","FIS","Fisheries (subgoal)","average_yearly_change_in_scores",1,"Cocos Islands",-0.792241758241823,0.01736144400529
"2012 - 2025","FIS","Fisheries (subgoal)","average_yearly_change_in_scores",2,"Christmas Island",-0.166747252747267,0.00927409574715083
"2012 - 2025","FIS","Fisheries (subgoal)","average_yearly_change_in_scores",3,"Norfolk Island",0.0132747252747247,0.199440600805965
"2012 - 2025","FIS","Fisheries (subgoal)","average_yearly_change_in_scores",4,"Macquarie Island",1.91098212857649e-15,0.108864301063032
"2012 - 2025","FIS","Fisheries (subgoal)","average_yearly_change_in_scores",5,"New Caledonia",-0.315890109890122,8.90291446936291e-06
"2012 - 2025","FIS","Fisheries (subgoal)","average_yearly_change_in_scores",6,"Vanuatu",-0.41413186813188,2.77796482941809e-05
"2012 - 2025","FIS","Fisheries (subgoal)","average_yearly_change_in_scores",7,"Solomon Islands",-0.102769230769237,3.05944277532438e-05
"2012 - 2025","FIS","Fisheries (subgoal)","average_yearly_change_in_scores",8,"Palau",-0.0155824175824229,0.657118979560198
"2012 - 2025","FIS","Fisheries (subgoal)","average_yearly_change_in_scores",9,"Micronesia",0.0120439560439542,0.333108585895591
"2012 - 2025","FIS","Fisheries (subgoal)","average_yearly_change_in_scores",10,"Nauru",0.02208791208791,0.047713229270779
"2012 - 2025","FIS","Fisheries (subgoal)","average_yearly_change_in_scores",11,"Marshall Islands",0.00791208791208498,0.699872065147503
"2012 - 2025","FIS","Fisheries (subgoal)","average_yearly_change_in_scores",12,"Wake Island",0.0683516483516497,0.0216446885801983
"2012 - 2025","FIS","Fisheries (subgoal)","average_yearly_change_in_scores",13,"Northern Mariana Islands and Guam",0.140263736263742,0.000405696361471795
"2012 - 2025","FIS","Fisheries (subgoal)","average_yearly_change_in_scores",14,"Taiwan",0.380945054945036,0.207801910101507
"2012 - 2025","FIS","Fisheries (subgoal)","average_yearly_change_in_scores",15,"Philippines",0.0591208791208826,0.000241128102208151
"2012 - 2025","FIS","Fisheries (subgoal)","average_yearly_change_in_scores",16,"Australia",0.0928131868131919,0.200366083954632
"2012 - 2025","FIS","Fisheries (subgoal)","average_yearly_change_in_scores",17,"Papua New Guinea",-0.00389010989011105,0.473138022958532
"2012 - 2025","FIS","Fisheries (subgoal)","average_yearly_change_in_scores",18,"Fiji",-0.267186813186821,6.45102290108076e-05
"2012 - 2025","FIS","Fisheries (subgoal)","average_yearly_change_in_scores",19,"Tuvalu",-0.0444835164835191,0.000141679799709307
"2012 - 2025","FIS","Fisheries (subgoal)","average_yearly_change_in_scores",20,"South Korea",0.200967032967054,0.0411012347642001
"2012 - 2025","FIS","Fisheries (subgoal)","average_yearly_change_in_scores",21,"North Korea",0.138329670329692,0.0739983971659283
"2012 - 2025","FIS","Fisheries (subgoal)","average_yearly_change_in_scores",24,"Cambodia",-0.308175824175835,0.000108333105617887
"2012 - 2025","FIS","Fisheries (subgoal)","average_yearly_change_in_scores",25,"Thailand",-0.191582417582425,0.000154000424775901
"2012 - 2025","FIS","Fisheries (subgoal)","average_yearly_change_in_scores",26,"Andaman and Nicobar",-0.0765054945055012,0.0279189515263198
"2012 - 2025","FIS","Fisheries (subgoal)","average_yearly_change_in_scores",28,"Comoro Islands",-0.681736263736324,0.0238728707634277
"2012 - 2025","FIS","Fisheries (subgoal)","average_yearly_change_in_scores",29,"Mayotte",-0.352329670329691,0.0644121804233722
"2012 - 2025","FIS","Fisheries (subgoal)","average_yearly_change_in_scores",30,"Glorioso Islands",-0.0419120879120919,0.0751854866693304
"2012 - 2025","FIS","Fisheries (subgoal)","average_yearly_change_in_scores",31,"Seychelles",-0.454263736263771,0.00147791318035573
"2012 - 2025","FIS","Fisheries (subgoal)","average_yearly_change_in_scores",32,"Réunion",-0.109098901098911,0.0342898526825943
"2012 - 2025","FIS","Fisheries (subgoal)","average_yearly_change_in_scores",33,"Juan de Nova Island",-0.736153846153892,0.0106020993406768
"2012 - 2025","FIS","Fisheries (subgoal)","average_yearly_change_in_scores",34,"Bassas da India",-0.736153846153892,0.0106020993406768
"2012 - 2025","FIS","Fisheries (subgoal)","average_yearly_change_in_scores",35,"Ile Europa",-0.736153846153892,0.0106020993406768
"2012 - 2025","FIS","Fisheries (subgoal)","average_yearly_change_in_scores",36,"Ile Tromelin",-0.428637362637381,0.000655270373768251
"2012 - 2025","FIS","Fisheries (subgoal)","average_yearly_change_in_scores",37,"Mauritius",-0.129846153846159,0.0188990185236289
"2012 - 2025","FIS","Fisheries (subgoal)","average_yearly_change_in_scores",38,"British Indian Ocean Territory",-0.0770329670329734,0.031489974180123
"2012 - 2025","FIS","Fisheries (subgoal)","average_yearly_change_in_scores",39,"Maldives",-0.601978021978061,0.0257701253280573
"2012 - 2025","FIS","Fisheries (subgoal)","average_yearly_change_in_scores",40,"Sri Lanka",-0.0765054945054996,0.00750342001252147
"2012 - 2025","FIS","Fisheries (subgoal)","average_yearly_change_in_scores",41,"Mozambique",-0.0668131868131993,0.0823058729290935
"2012 - 2025","FIS","Fisheries (subgoal)","average_yearly_change_in_scores",42,"Madagascar",-0.148153846153858,0.00177599126229986
"2012 - 2025","FIS","Fisheries (subgoal)","average_yearly_change_in_scores",43,"Kenya",0.187186813186818,0.00291324161130127
"2012 - 2025","FIS","Fisheries (subgoal)","average_yearly_change_in_scores",44,"Somalia",-0.0207032967032979,0.407136525770364
"2012 - 2025","FIS","Fisheries (subgoal)","average_yearly_change_in_scores",45,"Eritrea",-0.00619780219780152,0.53530498465858
"2012 - 2025","FIS","Fisheries (subgoal)","average_yearly_change_in_scores",46,"Djibouti",1.61096703296713,0.000931115683175101
"2012 - 2025","FIS","Fisheries (subgoal)","average_yearly_change_in_scores",47,"Yemen",-0.37778021978026,0.00549503888247224
"2012 - 2025","FIS","Fisheries (subgoal)","average_yearly_change_in_scores",48,"Oman",-0.37419780219783,2.86081944432488e-05
"2012 - 2025","FIS","Fisheries (subgoal)","average_yearly_change_in_scores",49,"Sudan",0.0113186813186819,0.00844411584067745
"2012 - 2025","FIS","Fisheries (subgoal)","average_yearly_change_in_scores",50,"Saudi Arabia",0.0953186813186901,0.0612987931462716
"2012 - 2025","FIS","Fisheries (subgoal)","average_yearly_change_in_scores",51,"Kuwait",0.0207472527472543,0.0344677539810881
"2012 - 2025","FIS","Fisheries (subgoal)","average_yearly_change_in_scores",52,"Bahrain",0.202329670329677,0.00528756740083092
"2012 - 2025","FIS","Fisheries (subgoal)","average_yearly_change_in_scores",53,"Pakistan",0.0250329670329686,0.18322719023765
"2012 - 2025","FIS","Fisheries (subgoal)","average_yearly_change_in_scores",54,"United Arab Emirates",-0.185802197802203,0.000605440741184385
"2012 - 2025","FIS","Fisheries (subgoal)","average_yearly_change_in_scores",55,"Azores",-0.40052747252748,0.00106368555097584
"2012 - 2025","FIS","Fisheries (subgoal)","average_yearly_change_in_scores",56,"Cape Verde",-0.187670329670337,0.000369790775827661
"2012 - 2025","FIS","Fisheries (subgoal)","average_yearly_change_in_scores",57,"Madeira",-0.606835164835179,0.00199814077176309
"2012 - 2025","FIS","Fisheries (subgoal)","average_yearly_change_in_scores",58,"Canary Islands",-0.254747252747251,0.010378422975163
"2012 - 2025","FIS","Fisheries (subgoal)","average_yearly_change_in_scores",59,"Belgium",-0.287010989010995,0.00451217600825802
"2012 - 2025","FIS","Fisheries (subgoal)","average_yearly_change_in_scores",60,"Gibraltar",-0.161780219780223,0.000669802998929662
"2012 - 2025","FIS","Fisheries (subgoal)","average_yearly_change_in_scores",61,"Tunisia",-0.178329670329679,0.000647945987602151
"2012 - 2025","FIS","Fisheries (subgoal)","average_yearly_change_in_scores",62,"Morocco",-0.0733626373626398,5.30835018776744e-06
"2012 - 2025","FIS","Fisheries (subgoal)","average_yearly_change_in_scores",63,"Western Sahara",-0.0963076923076981,2.15805600836458e-06
"2012 - 2025","FIS","Fisheries (subgoal)","average_yearly_change_in_scores",64,"Mauritania",-0.0750109890109908,2.53073243324744e-05
"2012 - 2025","FIS","Fisheries (subgoal)","average_yearly_change_in_scores",65,"Gambia",-0.136527472527477,5.68802889856263e-05
"2012 - 2025","FIS","Fisheries (subgoal)","average_yearly_change_in_scores",66,"Senegal",-0.0125714285714258,0.497483671483193
"2012 - 2025","FIS","Fisheries (subgoal)","average_yearly_change_in_scores",67,"Libya",-0.0491208791208805,0.0019909198103855
"2012 - 2025","FIS","Fisheries (subgoal)","average_yearly_change_in_scores",68,"Malta",0.485450549450569,0.00142918844519098
"2012 - 2025","FIS","Fisheries (subgoal)","average_yearly_change_in_scores",69,"Latvia",-3.31114285714299,8.06270528433045e-06
"2012 - 2025","FIS","Fisheries (subgoal)","average_yearly_change_in_scores",70,"Estonia",-2.81043956043969,3.12688445339975e-06
"2012 - 2025","FIS","Fisheries (subgoal)","average_yearly_change_in_scores",71,"Bulgaria",-0.0474065934065951,0.0159522528794395
"2012 - 2025","FIS","Fisheries (subgoal)","average_yearly_change_in_scores",72,"Romania",0.147208791208801,0.00369015672966144
"2012 - 2025","FIS","Fisheries (subgoal)","average_yearly_change_in_scores",73,"Russia",0.157604395604432,0.727241281884377
"2012 - 2025","FIS","Fisheries (subgoal)","average_yearly_change_in_scores",74,"Georgia",-0.027846153846161,0.380461634417512
"2012 - 2025","FIS","Fisheries (subgoal)","average_yearly_change_in_scores",75,"Ukraine",-0.0810109890109972,0.0454458715011646
"2012 - 2025","FIS","Fisheries (subgoal)","average_yearly_change_in_scores",76,"Turkey",-0.361802197802224,0.000367927074737291
"2012 - 2025","FIS","Fisheries (subgoal)","average_yearly_change_in_scores",77,"Syria",-0.775428571428611,0.000211066130154225
"2012 - 2025","FIS","Fisheries (subgoal)","average_yearly_change_in_scores",78,"Lebanon",0.149560439560399,0.638620731002896
"2012 - 2025","FIS","Fisheries (subgoal)","average_yearly_change_in_scores",79,"Israel",-0.0714065934065977,0.180384069857083
"2012 - 2025","FIS","Fisheries (subgoal)","average_yearly_change_in_scores",80,"Greece",0.00949450549451023,0.644717244698739
"2012 - 2025","FIS","Fisheries (subgoal)","average_yearly_change_in_scores",81,"Cyprus",-0.779736263736342,0.00371437765717694
"2012 - 2025","FIS","Fisheries (subgoal)","average_yearly_change_in_scores",82,"Albania",-0.0532527472527528,0.045173286347692
"2012 - 2025","FIS","Fisheries (subgoal)","average_yearly_change_in_scores",84,"Algeria",-0.166703296703308,0.00152513076465548
"2012 - 2025","FIS","Fisheries (subgoal)","average_yearly_change_in_scores",85,"Ascension",-1.27650549450552,0.0011343584791153
"2012 - 2025","FIS","Fisheries (subgoal)","average_yearly_change_in_scores",86,"Saint Helena",-0.0887912087912239,0.284319481618445
"2012 - 2025","FIS","Fisheries (subgoal)","average_yearly_change_in_scores",88,"Tristan da Cunha",-0.0254065934065946,0.718217143269501
"2012 - 2025","FIS","Fisheries (subgoal)","average_yearly_change_in_scores",89,"South Georgia and the South Sandwich Islands",0.614043956043922,0.0519617418903024
"2012 - 2025","FIS","Fisheries (subgoal)","average_yearly_change_in_scores",90,"Prince Edward Islands",0.163010989010996,0.111019178852645
"2012 - 2025","FIS","Fisheries (subgoal)","average_yearly_change_in_scores",91,"Crozet Islands",-0.927868131868181,0.00169175115681396
"2012 - 2025","FIS","Fisheries (subgoal)","average_yearly_change_in_scores",92,"Amsterdam Island and Saint Paul Island",-0.0286153846153873,0.235744673609871
"2012 - 2025","FIS","Fisheries (subgoal)","average_yearly_change_in_scores",93,"Kerguelen Islands",-0.0612307692307549,0.676024953301583
"2012 - 2025","FIS","Fisheries (subgoal)","average_yearly_change_in_scores",94,"Heard and McDonald Islands",-1.16046153846159,4.30659044280831e-06
"2012 - 2025","FIS","Fisheries (subgoal)","average_yearly_change_in_scores",95,"Falkland Islands",0.3617142857143,0.00170089877586033
"2012 - 2025","FIS","Fisheries (subgoal)","average_yearly_change_in_scores",96,"Sierra Leone",-0.133472527472537,3.66664490736866e-06
"2012 - 2025","FIS","Fisheries (subgoal)","average_yearly_change_in_scores",97,"Liberia",0.0368131868131816,0.292786112293145
"2012 - 2025","FIS","Fisheries (subgoal)","average_yearly_change_in_scores",98,"Togo",-0.154197802197808,3.68921874555705e-06
"2012 - 2025","FIS","Fisheries (subgoal)","average_yearly_change_in_scores",99,"Benin",0.453164835164844,0.0019732090503109
"2012 - 2025","FIS","Fisheries (subgoal)","average_yearly_change_in_scores",100,"Republique du Congo",-0.374659340659353,2.02282125251572e-05
"2012 - 2025","FIS","Fisheries (subgoal)","average_yearly_change_in_scores",101,"Namibia",0.871846153846199,2.78714659310303e-05
"2012 - 2025","FIS","Fisheries (subgoal)","average_yearly_change_in_scores",102,"South Africa",-0.48485714285716,0.000187532351455388
"2012 - 2025","FIS","Fisheries (subgoal)","average_yearly_change_in_scores",103,"Sao Tome and Principe",-0.0141758241758254,0.442900438717763
"2012 - 2025","FIS","Fisheries (subgoal)","average_yearly_change_in_scores",104,"Equatorial Guinea",-0.0755164835164872,4.43015564862369e-06
"2012 - 2025","FIS","Fisheries (subgoal)","average_yearly_change_in_scores",105,"Bouvet Island",-0.0249010989010997,6.48572194711467e-05
"2012 - 2025","FIS","Fisheries (subgoal)","average_yearly_change_in_scores",106,"Ghana",-0.30991208791209,0.000510276931930669
"2012 - 2025","FIS","Fisheries (subgoal)","average_yearly_change_in_scores",107,"Clipperton Island",-1.98206593406604,4.41860965657649e-05
"2012 - 2025","FIS","Fisheries (subgoal)","average_yearly_change_in_scores",108,"Bermuda",0.0641318681318664,0.0616336761271435
"2012 - 2025","FIS","Fisheries (subgoal)","average_yearly_change_in_scores",110,"Bahamas",0.138681318681325,1.42663724405199e-05
"2012 - 2025","FIS","Fisheries (subgoal)","average_yearly_change_in_scores",111,"Turks and Caicos Islands",-0.00182417582417579,0.51856052664796
"2012 - 2025","FIS","Fisheries (subgoal)","average_yearly_change_in_scores",112,"Cuba",0.0231428571428574,0.0140632736962248
"2012 - 2025","FIS","Fisheries (subgoal)","average_yearly_change_in_scores",113,"Cayman Islands",-0.362461538461541,0.00139129129626556
"2012 - 2025","FIS","Fisheries (subgoal)","average_yearly_change_in_scores",114,"Haiti",-0.0393186813186826,0.00308591006270953
"2012 - 2025","FIS","Fisheries (subgoal)","average_yearly_change_in_scores",115,"Dominican Republic",-0.0941098901098938,0.000283744232189666
"2012 - 2025","FIS","Fisheries (subgoal)","average_yearly_change_in_scores",116,"Puerto Rico and Virgin Islands of the United States",0.00668131868131856,0.312284646631847
"2012 - 2025","FIS","Fisheries (subgoal)","average_yearly_change_in_scores",117,"British Virgin Islands",0.0424395604395607,0.000112697108535849
"2012 - 2025","FIS","Fisheries (subgoal)","average_yearly_change_in_scores",118,"Anguilla",0.0617582417582408,0.000314759540562091
"2012 - 2025","FIS","Fisheries (subgoal)","average_yearly_change_in_scores",119,"Saint Kitts and Nevis",-0.0492747252747279,0.0291531580122631
"2012 - 2025","FIS","Fisheries (subgoal)","average_yearly_change_in_scores",120,"Antigua and Barbuda",-0.0135824175824213,0.218817098307039
"2012 - 2025","FIS","Fisheries (subgoal)","average_yearly_change_in_scores",121,"Montserrat",0.0116703296703299,0.149012983601193
"2012 - 2025","FIS","Fisheries (subgoal)","average_yearly_change_in_scores",122,"Saint Lucia",-0.0769670329670362,3.23156244075869e-07
"2012 - 2025","FIS","Fisheries (subgoal)","average_yearly_change_in_scores",123,"Dominica",0.016109890109891,0.459958328371142
"2012 - 2025","FIS","Fisheries (subgoal)","average_yearly_change_in_scores",124,"Barbados",-0.00531868131868136,0.671330269119925
"2012 - 2025","FIS","Fisheries (subgoal)","average_yearly_change_in_scores",125,"Grenada",0.169714285714292,0.000390115740673125
"2012 - 2025","FIS","Fisheries (subgoal)","average_yearly_change_in_scores",126,"Trinidad and Tobago",0.0542197802197844,0.00795894163935572
"2012 - 2025","FIS","Fisheries (subgoal)","average_yearly_change_in_scores",127,"Saint Vincent and the Grenadines",0.0835164835164899,0.00881848522744373
"2012 - 2025","FIS","Fisheries (subgoal)","average_yearly_change_in_scores",129,"Panama",0.133736263736274,0.0921494502888589
"2012 - 2025","FIS","Fisheries (subgoal)","average_yearly_change_in_scores",130,"Costa Rica",-1.04610989010995,4.11848891498662e-05
"2012 - 2025","FIS","Fisheries (subgoal)","average_yearly_change_in_scores",131,"Nicaragua",0.00338461538462142,0.922001720037837
"2012 - 2025","FIS","Fisheries (subgoal)","average_yearly_change_in_scores",132,"Colombia",0.59630769230773,0.0014589712096186
"2012 - 2025","FIS","Fisheries (subgoal)","average_yearly_change_in_scores",133,"Honduras",-0.013604395604387,0.837276717267105
"2012 - 2025","FIS","Fisheries (subgoal)","average_yearly_change_in_scores",134,"El Salvador",-0.173758241758245,0.000323248516408971
"2012 - 2025","FIS","Fisheries (subgoal)","average_yearly_change_in_scores",135,"Mexico",-1.22938461538465,0.000461282573061911
"2012 - 2025","FIS","Fisheries (subgoal)","average_yearly_change_in_scores",136,"Guatemala",-0.291120879120889,1.15864586669704e-05
"2012 - 2025","FIS","Fisheries (subgoal)","average_yearly_change_in_scores",137,"Ecuador",0.339406593406616,0.0280776723824406
"2012 - 2025","FIS","Fisheries (subgoal)","average_yearly_change_in_scores",138,"Peru",0.476395604395628,0.00141823514355679
"2012 - 2025","FIS","Fisheries (subgoal)","average_yearly_change_in_scores",139,"Venezuela",1.07167032967037,0.000339179869985906
"2012 - 2025","FIS","Fisheries (subgoal)","average_yearly_change_in_scores",140,"Guadeloupe and Martinique",-0.0630769230769262,2.83265691886532e-06
"2012 - 2025","FIS","Fisheries (subgoal)","average_yearly_change_in_scores",141,"Faeroe Islands",-0.0780879120879137,0.00404512720746122
"2012 - 2025","FIS","Fisheries (subgoal)","average_yearly_change_in_scores",143,"Iceland",-0.0517362637362653,0.087635753789756
"2012 - 2025","FIS","Fisheries (subgoal)","average_yearly_change_in_scores",144,"Jan Mayen",0.0016263736263732,0.766547177483692
"2012 - 2025","FIS","Fisheries (subgoal)","average_yearly_change_in_scores",145,"Greenland",-0.0412307692307661,0.351747190540619
"2012 - 2025","FIS","Fisheries (subgoal)","average_yearly_change_in_scores",146,"Pitcairn",-0.106043956043961,8.34551651500079e-06
"2012 - 2025","FIS","Fisheries (subgoal)","average_yearly_change_in_scores",147,"French Polynesia",-0.164571428571432,8.48467242061519e-05
"2012 - 2025","FIS","Fisheries (subgoal)","average_yearly_change_in_scores",148,"Line Islands (Kiribati)",0.0296263736263732,0.108215212743914
"2012 - 2025","FIS","Fisheries (subgoal)","average_yearly_change_in_scores",149,"Jarvis Island",-0.332021978021999,0.00321412507311385
"2012 - 2025","FIS","Fisheries (subgoal)","average_yearly_change_in_scores",150,"Palmyra Atoll",0.0709890109890072,0.050655463840582
"2012 - 2025","FIS","Fisheries (subgoal)","average_yearly_change_in_scores",151,"American Samoa",-0.226395604395614,2.37976107696955e-05
"2012 - 2025","FIS","Fisheries (subgoal)","average_yearly_change_in_scores",152,"Samoa",-0.354000000000012,1.50075346855878e-05
"2012 - 2025","FIS","Fisheries (subgoal)","average_yearly_change_in_scores",153,"Cook Islands",-0.22485714285715,7.7048338112023e-05
"2012 - 2025","FIS","Fisheries (subgoal)","average_yearly_change_in_scores",154,"Niue",-0.089120879120883,7.44627061674731e-06
"2012 - 2025","FIS","Fisheries (subgoal)","average_yearly_change_in_scores",155,"Tonga",-0.190307692307697,8.00265437707726e-05
"2012 - 2025","FIS","Fisheries (subgoal)","average_yearly_change_in_scores",156,"Tokelau",-0.0565714285714327,1.13648778982113e-05
"2012 - 2025","FIS","Fisheries (subgoal)","average_yearly_change_in_scores",157,"Phoenix Islands (Kiribati)",-0.020000000000002,0.0108161889091685
"2012 - 2025","FIS","Fisheries (subgoal)","average_yearly_change_in_scores",158,"Howland Island and Baker Island",0.0147472527472512,0.25302633215852
"2012 - 2025","FIS","Fisheries (subgoal)","average_yearly_change_in_scores",159,"Johnston Atoll",0.0102197802197808,0.201231571093299
"2012 - 2025","FIS","Fisheries (subgoal)","average_yearly_change_in_scores",161,"Wallis and Futuna",-0.135934065934073,1.40480573982043e-05
"2012 - 2025","FIS","Fisheries (subgoal)","average_yearly_change_in_scores",162,"New Zealand",-0.280703296703298,0.00087340711415786
"2012 - 2025","FIS","Fisheries (subgoal)","average_yearly_change_in_scores",163,"United States",-0.386329670329704,0.00635732904459446
"2012 - 2025","FIS","Fisheries (subgoal)","average_yearly_change_in_scores",164,"Belize",-0.111912087912086,0.0041846331847597
"2012 - 2025","FIS","Fisheries (subgoal)","average_yearly_change_in_scores",166,"Jamaica",-0.0520659340659365,0.000326645245940393
"2012 - 2025","FIS","Fisheries (subgoal)","average_yearly_change_in_scores",167,"Guyana",0.0611868131868183,0.00108854001439939
"2012 - 2025","FIS","Fisheries (subgoal)","average_yearly_change_in_scores",168,"Suriname",0.021560439560443,0.381556812020773
"2012 - 2025","FIS","Fisheries (subgoal)","average_yearly_change_in_scores",169,"French Guiana",0.610461538461574,1.70242757341159e-05
"2012 - 2025","FIS","Fisheries (subgoal)","average_yearly_change_in_scores",171,"Brazil",0.0794725274725365,0.0196222967940773
"2012 - 2025","FIS","Fisheries (subgoal)","average_yearly_change_in_scores",172,"Argentina",1.34861538461544,6.70547606733125e-05
"2012 - 2025","FIS","Fisheries (subgoal)","average_yearly_change_in_scores",173,"Uruguay",1.22384615384621,0.000521835241509044
"2012 - 2025","FIS","Fisheries (subgoal)","average_yearly_change_in_scores",174,"Finland",-2.033098901099,2.00595677319877e-06
"2012 - 2025","FIS","Fisheries (subgoal)","average_yearly_change_in_scores",175,"Denmark",0.0333626373626381,0.55253476425719
"2012 - 2025","FIS","Fisheries (subgoal)","average_yearly_change_in_scores",176,"Germany",0.124373626373631,0.179842522309972
"2012 - 2025","FIS","Fisheries (subgoal)","average_yearly_change_in_scores",177,"Netherlands",-0.047736263736266,0.00467904383954512
"2012 - 2025","FIS","Fisheries (subgoal)","average_yearly_change_in_scores",178,"Poland",-3.39956043956058,5.52982385897371e-06
"2012 - 2025","FIS","Fisheries (subgoal)","average_yearly_change_in_scores",179,"France",-0.260021978021987,0.000116739188197376
"2012 - 2025","FIS","Fisheries (subgoal)","average_yearly_change_in_scores",180,"United Kingdom",-0.285648351648363,0.000164634332855783
"2012 - 2025","FIS","Fisheries (subgoal)","average_yearly_change_in_scores",181,"Ireland",-0.131736263736266,0.00521744416032317
"2012 - 2025","FIS","Fisheries (subgoal)","average_yearly_change_in_scores",182,"Spain",-0.0994945054945036,0.0139305444296938
"2012 - 2025","FIS","Fisheries (subgoal)","average_yearly_change_in_scores",183,"Portugal",0.000923076923085563,0.981408212105969
"2012 - 2025","FIS","Fisheries (subgoal)","average_yearly_change_in_scores",184,"Italy",0.074373626373621,0.240290193769221
"2012 - 2025","FIS","Fisheries (subgoal)","average_yearly_change_in_scores",185,"Monaco",-0.13435164835165,0.00583503822939421
"2012 - 2025","FIS","Fisheries (subgoal)","average_yearly_change_in_scores",186,"Montenegro",0.410923076923103,0.0141757542268128
"2012 - 2025","FIS","Fisheries (subgoal)","average_yearly_change_in_scores",187,"Croatia",-0.159076923076933,8.49210208480648e-06
"2012 - 2025","FIS","Fisheries (subgoal)","average_yearly_change_in_scores",188,"Slovenia",-0.742153846153891,1.06028309668056e-05
"2012 - 2025","FIS","Fisheries (subgoal)","average_yearly_change_in_scores",189,"Lithuania",-3.61076923076936,1.08279769051596e-05
"2012 - 2025","FIS","Fisheries (subgoal)","average_yearly_change_in_scores",190,"Qatar",0.204549450549459,0.000166231213747723
"2012 - 2025","FIS","Fisheries (subgoal)","average_yearly_change_in_scores",191,"Iran",0.049626373626366,0.175099741353858
"2012 - 2025","FIS","Fisheries (subgoal)","average_yearly_change_in_scores",192,"Iraq",0.0271648351648324,0.178669841571969
"2012 - 2025","FIS","Fisheries (subgoal)","average_yearly_change_in_scores",193,"Guinea Bissau",-0.0374505494505508,0.00258438177379799
"2012 - 2025","FIS","Fisheries (subgoal)","average_yearly_change_in_scores",194,"Guinea",-0.0495384615384661,0.000157765316655244
"2012 - 2025","FIS","Fisheries (subgoal)","average_yearly_change_in_scores",195,"Ivory Coast",-0.150989010989033,0.0158345753351089
"2012 - 2025","FIS","Fisheries (subgoal)","average_yearly_change_in_scores",196,"Nigeria",-0.170725274725279,0.000510314160327762
"2012 - 2025","FIS","Fisheries (subgoal)","average_yearly_change_in_scores",197,"Cameroon",-0.109252747252747,0.00258647196250218
"2012 - 2025","FIS","Fisheries (subgoal)","average_yearly_change_in_scores",198,"Gabon",-0.0968791208791263,0.000550798622842239
"2012 - 2025","FIS","Fisheries (subgoal)","average_yearly_change_in_scores",199,"Democratic Republic of the Congo",0.603362637362673,0.00699608324844149
"2012 - 2025","FIS","Fisheries (subgoal)","average_yearly_change_in_scores",200,"Angola",-0.167692307692316,5.51821945997374e-05
"2012 - 2025","FIS","Fisheries (subgoal)","average_yearly_change_in_scores",202,"Tanzania",-0.137516483516502,0.0123532887960282
"2012 - 2025","FIS","Fisheries (subgoal)","average_yearly_change_in_scores",203,"India",-0.174153846153856,7.19019666933931e-05
"2012 - 2025","FIS","Fisheries (subgoal)","average_yearly_change_in_scores",204,"Bangladesh",-0.0062857142857149,0.371785414770903
"2012 - 2025","FIS","Fisheries (subgoal)","average_yearly_change_in_scores",205,"Myanmar",-0.0233186813186851,0.102424160375705
"2012 - 2025","FIS","Fisheries (subgoal)","average_yearly_change_in_scores",206,"Malaysia",0.0332527472527464,0.00326695264149537
"2012 - 2025","FIS","Fisheries (subgoal)","average_yearly_change_in_scores",207,"Vietnam",-0.120901098901108,0.012474519894731
"2012 - 2025","FIS","Fisheries (subgoal)","average_yearly_change_in_scores",208,"Singapore",-0.176791208791213,2.47362202774495e-05
"2012 - 2025","FIS","Fisheries (subgoal)","average_yearly_change_in_scores",209,"China",0.0958901098901151,0.0250626000581671
"2012 - 2025","FIS","Fisheries (subgoal)","average_yearly_change_in_scores",210,"Japan",0.356549450549448,0.00135857393788075
"2012 - 2025","FIS","Fisheries (subgoal)","average_yearly_change_in_scores",212,"Gilbert Islands (Kiribati)",-0.00610989010989235,0.447803345425306
"2012 - 2025","FIS","Fisheries (subgoal)","average_yearly_change_in_scores",214,"Egypt",-0.063978021978015,0.289810070453046
"2012 - 2025","FIS","Fisheries (subgoal)","average_yearly_change_in_scores",215,"Jordan",0.0281978021978038,0.248522949302312
"2012 - 2025","FIS","Fisheries (subgoal)","average_yearly_change_in_scores",216,"Indonesia",0.00160439560439485,0.883669739194599
"2012 - 2025","FIS","Fisheries (subgoal)","average_yearly_change_in_scores",218,"Canada",-0.0208791208791026,0.883860230827107
"2012 - 2025","FIS","Fisheries (subgoal)","average_yearly_change_in_scores",219,"Saint Pierre and Miquelon",0.573692307692327,2.83843387160366e-05
"2012 - 2025","FIS","Fisheries (subgoal)","average_yearly_change_in_scores",220,"Sint Maarten",0.152461538461545,0.00422877185734588
"2012 - 2025","FIS","Fisheries (subgoal)","average_yearly_change_in_scores",221,"Northern Saint-Martin",-0.00402197802198036,0.533126809466934
"2012 - 2025","FIS","Fisheries (subgoal)","average_yearly_change_in_scores",222,"Sweden",-2.45661538461549,9.15845518096321e-06
"2012 - 2025","FIS","Fisheries (subgoal)","average_yearly_change_in_scores",223,"Norway",-0.119758241758242,0.00309452551399444
"2012 - 2025","FIS","Fisheries (subgoal)","average_yearly_change_in_scores",224,"Chile",1.87017582417593,0.000188419250091432
"2012 - 2025","FIS","Fisheries (subgoal)","average_yearly_change_in_scores",227,"Jersey",-0.32200000000002,0.000572724089251392
"2012 - 2025","FIS","Fisheries (subgoal)","average_yearly_change_in_scores",228,"Guernsey",-0.32200000000002,0.000572724089251392
"2012 - 2025","FIS","Fisheries (subgoal)","average_yearly_change_in_scores",231,"East Timor",-0.0920439560439558,0.0184907853365728
"2012 - 2025","FIS","Fisheries (subgoal)","average_yearly_change_in_scores",232,"Bosnia and Herzegovina",-0.0505714285714295,0.0078974076124215
"2012 - 2025","FIS","Fisheries (subgoal)","average_yearly_change_in_scores",237,"Oecussi Ambeno",-0.15725274725275,0.00250202621170645
"2012 - 2025","FIS","Fisheries (subgoal)","average_yearly_change_in_scores",244,"Curacao",0.150857142857148,8.91045100120248e-05
"2012 - 2025","FIS","Fisheries (subgoal)","average_yearly_change_in_scores",245,"Bonaire",0.161802197802198,0.00317951720406901
"2012 - 2025","FIS","Fisheries (subgoal)","average_yearly_change_in_scores",247,"Brunei",0.379054945054967,0.00234616630502841
"2012 - 2025","FIS","Fisheries (subgoal)","average_yearly_change_in_scores",248,"Saba",0.0490989010989028,7.91107925973779e-06
"2012 - 2025","FIS","Fisheries (subgoal)","average_yearly_change_in_scores",249,"Sint Eustatius",0.0490989010989028,7.91107925973779e-06
"2012 - 2025","FIS","Fisheries (subgoal)","average_yearly_change_in_scores",250,"Aruba",0.0627032967033019,0.00298906340915822
"2012 - 2025","FP","Food provision","average_yearly_change_in_scores",0,"Global average",-0.141560439560446,9.14532063950115e-06
"2012 - 2025","FP","Food provision","average_yearly_change_in_scores",1,"Cocos Islands",-0.792241758241823,0.01736144400529
"2012 - 2025","FP","Food provision","average_yearly_change_in_scores",2,"Christmas Island",-0.166747252747267,0.00927409574715083
"2012 - 2025","FP","Food provision","average_yearly_change_in_scores",3,"Norfolk Island",0.0132747252747247,0.199440600805965
"2012 - 2025","FP","Food provision","average_yearly_change_in_scores",4,"Macquarie Island",1.91098212857649e-15,0.108864301063032
"2012 - 2025","FP","Food provision","average_yearly_change_in_scores",5,"New Caledonia",-0.290175824175844,1.03115070681834e-05
"2012 - 2025","FP","Food provision","average_yearly_change_in_scores",6,"Vanuatu",-0.411736263736275,2.92680733537927e-05
"2012 - 2025","FP","Food provision","average_yearly_change_in_scores",7,"Solomon Islands",-0.101582417582419,4.01466850235739e-05
"2012 - 2025","FP","Food provision","average_yearly_change_in_scores",8,"Palau",-0.0119340659340685,0.745721913850447
"2012 - 2025","FP","Food provision","average_yearly_change_in_scores",9,"Micronesia",0.0120439560439542,0.333108585895591
"2012 - 2025","FP","Food provision","average_yearly_change_in_scores",10,"Nauru",0.02208791208791,0.047713229270779
"2012 - 2025","FP","Food provision","average_yearly_change_in_scores",11,"Marshall Islands",0.00410989010988472,0.843988941935695
"2012 - 2025","FP","Food provision","average_yearly_change_in_scores",12,"Wake Island",0.0683516483516497,0.0216446885801983
"2012 - 2025","FP","Food provision","average_yearly_change_in_scores",13,"Northern Mariana Islands and Guam",0.326329670329686,0.00418596755096859
"2012 - 2025","FP","Food provision","average_yearly_change_in_scores",14,"Taiwan",-0.685472527472561,5.44713746730181e-05
"2012 - 2025","FP","Food provision","average_yearly_change_in_scores",15,"Philippines",-0.00151648351647995,0.965562648156966
"2012 - 2025","FP","Food provision","average_yearly_change_in_scores",16,"Australia",-0.594131868131897,6.53518147540176e-07
"2012 - 2025","FP","Food provision","average_yearly_change_in_scores",17,"Papua New Guinea",-0.00505494505494728,0.356812218574595
"2012 - 2025","FP","Food provision","average_yearly_change_in_scores",18,"Fiji",-0.276131868131878,2.79277646165055e-05
"2012 - 2025","FP","Food provision","average_yearly_change_in_scores",19,"Tuvalu",-0.044483516483518,0.000111308873289285
"2012 - 2025","FP","Food provision","average_yearly_change_in_scores",20,"South Korea",0.624505494505516,1.11984352042043e-05
"2012 - 2025","FP","Food provision","average_yearly_change_in_scores",21,"North Korea",1.42514285714293,5.40075902725551e-07
"2012 - 2025","FP","Food provision","average_yearly_change_in_scores",24,"Cambodia",-0.358087912087914,0.0300140081540208
"2012 - 2025","FP","Food provision","average_yearly_change_in_scores",25,"Thailand",-0.438241758241781,5.73688253784638e-05
"2012 - 2025","FP","Food provision","average_yearly_change_in_scores",26,"Andaman and Nicobar",-0.0765054945055012,0.0279189515263198
"2012 - 2025","FP","Food provision","average_yearly_change_in_scores",28,"Comoro Islands",-0.681736263736324,0.0238728707634277
"2012 - 2025","FP","Food provision","average_yearly_change_in_scores",29,"Mayotte",-0.116637362637379,0.411911644716789
"2012 - 2025","FP","Food provision","average_yearly_change_in_scores",30,"Glorioso Islands",-0.0419120879120919,0.0751854866693304
"2012 - 2025","FP","Food provision","average_yearly_change_in_scores",31,"Seychelles",-0.464571428571465,0.00123144710217114
"2012 - 2025","FP","Food provision","average_yearly_change_in_scores",32,"Réunion",-0.0835824175824265,0.0688777036209014
"2012 - 2025","FP","Food provision","average_yearly_change_in_scores",33,"Juan de Nova Island",-0.736153846153892,0.0106020993406768
"2012 - 2025","FP","Food provision","average_yearly_change_in_scores",34,"Bassas da India",-0.736153846153892,0.0106020993406768
"2012 - 2025","FP","Food provision","average_yearly_change_in_scores",35,"Ile Europa",-0.736153846153892,0.0106020993406768
"2012 - 2025","FP","Food provision","average_yearly_change_in_scores",36,"Ile Tromelin",-0.428637362637381,0.000655270373768251
"2012 - 2025","FP","Food provision","average_yearly_change_in_scores",37,"Mauritius",-0.546021978021994,0.00168071466874748
"2012 - 2025","FP","Food provision","average_yearly_change_in_scores",38,"British Indian Ocean Territory",-0.0770329670329734,0.031489974180123
"2012 - 2025","FP","Food provision","average_yearly_change_in_scores",39,"Maldives",-0.602791208791246,0.0256450045235184
"2012 - 2025","FP","Food provision","average_yearly_change_in_scores",40,"Sri Lanka",-0.180527472527483,3.05438491137862e-05
"2012 - 2025","FP","Food provision","average_yearly_change_in_scores",41,"Mozambique",-0.0638901098901209,0.101137631714242
"2012 - 2025","FP","Food provision","average_yearly_change_in_scores",42,"Madagascar",-0.24687912087914,6.34450250830798e-05
"2012 - 2025","FP","Food provision","average_yearly_change_in_scores",43,"Kenya",0.179802197802203,0.00340296977486937
"2012 - 2025","FP","Food provision","average_yearly_change_in_scores",44,"Somalia",-0.0207032967032979,0.407136525770364
"2012 - 2025","FP","Food provision","average_yearly_change_in_scores",45,"Eritrea",-0.0079560439560437,0.437832960367894
"2012 - 2025","FP","Food provision","average_yearly_change_in_scores",46,"Djibouti",1.61096703296713,0.000931115683175101
"2012 - 2025","FP","Food provision","average_yearly_change_in_scores",47,"Yemen",-0.37778021978026,0.00549503888247224
"2012 - 2025","FP","Food provision","average_yearly_change_in_scores",48,"Oman",-0.496945054945091,3.1536531266732e-06
"2012 - 2025","FP","Food provision","average_yearly_change_in_scores",49,"Sudan",0.0113186813186819,0.00844411584067745
"2012 - 2025","FP","Food provision","average_yearly_change_in_scores",50,"Saudi Arabia",-1.39575824175825,0.000403802970437757
"2012 - 2025","FP","Food provision","average_yearly_change_in_scores",51,"Kuwait",0.022593406593408,0.0490721879900327
"2012 - 2025","FP","Food provision","average_yearly_change_in_scores",52,"Bahrain",0.201604395604402,0.00530793053805906
"2012 - 2025","FP","Food provision","average_yearly_change_in_scores",53,"Pakistan",0.0239780219780236,0.201853726327782
"2012 - 2025","FP","Food provision","average_yearly_change_in_scores",54,"United Arab Emirates",-0.232043956043958,0.0290960275943672
"2012 - 2025","FP","Food provision","average_yearly_change_in_scores",55,"Azores",-0.40052747252748,0.00106368555097584
"2012 - 2025","FP","Food provision","average_yearly_change_in_scores",56,"Cape Verde",-0.194901098901103,0.000287827108378908
"2012 - 2025","FP","Food provision","average_yearly_change_in_scores",57,"Madeira",-0.606835164835179,0.00199814077176309
"2012 - 2025","FP","Food provision","average_yearly_change_in_scores",58,"Canary Islands",-0.254747252747251,0.010378422975163
"2012 - 2025","FP","Food provision","average_yearly_change_in_scores",59,"Belgium",-0.287010989010995,0.00451217600825802
"2012 - 2025","FP","Food provision","average_yearly_change_in_scores",60,"Gibraltar",-0.161780219780223,0.000669802998929662
"2012 - 2025","FP","Food provision","average_yearly_change_in_scores",61,"Tunisia",-0.329648351648364,0.00013761444200614
"2012 - 2025","FP","Food provision","average_yearly_change_in_scores",62,"Morocco",-0.0770109890109914,3.3353944246992e-06
"2012 - 2025","FP","Food provision","average_yearly_change_in_scores",63,"Western Sahara",-0.0963076923076981,2.15805600836458e-06
"2012 - 2025","FP","Food provision","average_yearly_change_in_scores",64,"Mauritania",-0.0750109890109908,2.53073243324744e-05
"2012 - 2025","FP","Food provision","average_yearly_change_in_scores",65,"Gambia",-0.137428571428576,5.40915924893086e-05
"2012 - 2025","FP","Food provision","average_yearly_change_in_scores",66,"Senegal",-0.0357582417582413,0.0814243789303372
"2012 - 2025","FP","Food provision","average_yearly_change_in_scores",67,"Libya",-0.0491208791208805,0.0019909198103855
"2012 - 2025","FP","Food provision","average_yearly_change_in_scores",68,"Malta",0.108395604395596,0.223306199898202
"2012 - 2025","FP","Food provision","average_yearly_change_in_scores",69,"Latvia",-3.31114285714299,8.06270528433045e-06
"2012 - 2025","FP","Food provision","average_yearly_change_in_scores",70,"Estonia",-2.98092307692322,1.68365455490751e-06
"2012 - 2025","FP","Food provision","average_yearly_change_in_scores",71,"Bulgaria",-1.06898901098912,0.00241258686434897
"2012 - 2025","FP","Food provision","average_yearly_change_in_scores",72,"Romania",0.201076923076936,0.00259269760622073
"2012 - 2025","FP","Food provision","average_yearly_change_in_scores",73,"Russia",0.0106373626373883,0.9799880108369
"2012 - 2025","FP","Food provision","average_yearly_change_in_scores",74,"Georgia",-0.027846153846161,0.380461634417512
"2012 - 2025","FP","Food provision","average_yearly_change_in_scores",75,"Ukraine",-0.0138021978022055,0.780958045013598
"2012 - 2025","FP","Food provision","average_yearly_change_in_scores",76,"Turkey",-0.0963516483516569,0.295942358458237
"2012 - 2025","FP","Food provision","average_yearly_change_in_scores",77,"Syria",-0.775428571428611,0.000211066130154225
"2012 - 2025","FP","Food provision","average_yearly_change_in_scores",78,"Lebanon",0.146857142857101,0.645055651242886
"2012 - 2025","FP","Food provision","average_yearly_change_in_scores",79,"Israel",0.52217582417586,0.0213416950908763
"2012 - 2025","FP","Food provision","average_yearly_change_in_scores",80,"Greece",0.252703296703304,0.00753142802362093
"2012 - 2025","FP","Food provision","average_yearly_change_in_scores",81,"Cyprus",1.41032967032969,0.000891978979685269
"2012 - 2025","FP","Food provision","average_yearly_change_in_scores",82,"Albania",1.2638681318682,9.47752804157455e-07
"2012 - 2025","FP","Food provision","average_yearly_change_in_scores",84,"Algeria",-0.239494505494519,0.000776543866638798
"2012 - 2025","FP","Food provision","average_yearly_change_in_scores",85,"Ascension",-1.27650549450552,0.0011343584791153
"2012 - 2025","FP","Food provision","average_yearly_change_in_scores",86,"Saint Helena",-0.0887912087912239,0.284319481618445
"2012 - 2025","FP","Food provision","average_yearly_change_in_scores",88,"Tristan da Cunha",-0.0254065934065946,0.718217143269501
"2012 - 2025","FP","Food provision","average_yearly_change_in_scores",89,"South Georgia and the South Sandwich Islands",0.614043956043922,0.0519617418903024
"2012 - 2025","FP","Food provision","average_yearly_change_in_scores",90,"Prince Edward Islands",0.163010989010996,0.111019178852645
"2012 - 2025","FP","Food provision","average_yearly_change_in_scores",91,"Crozet Islands",-0.927868131868181,0.00169175115681396
"2012 - 2025","FP","Food provision","average_yearly_change_in_scores",92,"Amsterdam Island and Saint Paul Island",-0.0286153846153873,0.235744673609871
"2012 - 2025","FP","Food provision","average_yearly_change_in_scores",93,"Kerguelen Islands",-0.0612307692307549,0.676024953301583
"2012 - 2025","FP","Food provision","average_yearly_change_in_scores",94,"Heard and McDonald Islands",-1.16046153846159,4.30659044280831e-06
"2012 - 2025","FP","Food provision","average_yearly_change_in_scores",95,"Falkland Islands",0.3617142857143,0.00170089877586033
"2012 - 2025","FP","Food provision","average_yearly_change_in_scores",96,"Sierra Leone",-0.133472527472537,3.66664490736866e-06
"2012 - 2025","FP","Food provision","average_yearly_change_in_scores",97,"Liberia",0.0368131868131816,0.292786112293145
"2012 - 2025","FP","Food provision","average_yearly_change_in_scores",98,"Togo",-0.154197802197808,3.68921874555705e-06
"2012 - 2025","FP","Food provision","average_yearly_change_in_scores",99,"Benin",0.453164835164844,0.0019732090503109
"2012 - 2025","FP","Food provision","average_yearly_change_in_scores",100,"Republique du Congo",-0.374659340659353,2.02282125251572e-05
"2012 - 2025","FP","Food provision","average_yearly_change_in_scores",101,"Namibia",0.872901098901145,2.74390475316065e-05
"2012 - 2025","FP","Food provision","average_yearly_change_in_scores",102,"South Africa",-0.496263736263754,0.000228212730596628
"2012 - 2025","FP","Food provision","average_yearly_change_in_scores",103,"Sao Tome and Principe",-0.0141758241758254,0.442900438717763
"2012 - 2025","FP","Food provision","average_yearly_change_in_scores",104,"Equatorial Guinea",-0.0755164835164872,4.43015564862369e-06
"2012 - 2025","FP","Food provision","average_yearly_change_in_scores",105,"Bouvet Island",-0.0249010989010997,6.48572194711467e-05
"2012 - 2025","FP","Food provision","average_yearly_change_in_scores",106,"Ghana",-0.310615384615387,0.00050292652461984
"2012 - 2025","FP","Food provision","average_yearly_change_in_scores",107,"Clipperton Island",-1.98206593406604,4.41860965657649e-05
"2012 - 2025","FP","Food provision","average_yearly_change_in_scores",108,"Bermuda",0.0641318681318664,0.0616336761271435
"2012 - 2025","FP","Food provision","average_yearly_change_in_scores",110,"Bahamas",0.140725274725282,1.49427511156024e-05
"2012 - 2025","FP","Food provision","average_yearly_change_in_scores",111,"Turks and Caicos Islands",-0.00112087912088062,0.69424762229399
"2012 - 2025","FP","Food provision","average_yearly_change_in_scores",112,"Cuba",0.595670329670376,0.00216716107704505
"2012 - 2025","FP","Food provision","average_yearly_change_in_scores",113,"Cayman Islands",-0.362461538461541,0.00139129129626556
"2012 - 2025","FP","Food provision","average_yearly_change_in_scores",114,"Haiti",-0.0393186813186826,0.00308591006270953
"2012 - 2025","FP","Food provision","average_yearly_change_in_scores",115,"Dominican Republic",-0.089670329670332,0.000765651122410693
"2012 - 2025","FP","Food provision","average_yearly_change_in_scores",116,"Puerto Rico and Virgin Islands of the United States",0.00668131868131856,0.312284646631847
"2012 - 2025","FP","Food provision","average_yearly_change_in_scores",117,"British Virgin Islands",0.0424395604395607,0.000112697108535849
"2012 - 2025","FP","Food provision","average_yearly_change_in_scores",118,"Anguilla",0.0617582417582408,0.000314759540562091
"2012 - 2025","FP","Food provision","average_yearly_change_in_scores",119,"Saint Kitts and Nevis",-0.0492747252747279,0.0291531580122631
"2012 - 2025","FP","Food provision","average_yearly_change_in_scores",120,"Antigua and Barbuda",-0.0135824175824213,0.218817098307039
"2012 - 2025","FP","Food provision","average_yearly_change_in_scores",121,"Montserrat",0.0116703296703299,0.149012983601193
"2012 - 2025","FP","Food provision","average_yearly_change_in_scores",122,"Saint Lucia",-0.121978021978027,1.40282787164092e-08
"2012 - 2025","FP","Food provision","average_yearly_change_in_scores",123,"Dominica",0.016109890109891,0.459958328371142
"2012 - 2025","FP","Food provision","average_yearly_change_in_scores",124,"Barbados",-0.00531868131868136,0.671330269119925
"2012 - 2025","FP","Food provision","average_yearly_change_in_scores",125,"Grenada",0.166505494505503,0.00045481798183015
"2012 - 2025","FP","Food provision","average_yearly_change_in_scores",126,"Trinidad and Tobago",0.0542197802197844,0.00795894163935572
"2012 - 2025","FP","Food provision","average_yearly_change_in_scores",127,"Saint Vincent and the Grenadines",0.0830989010989076,0.00897374584676742
"2012 - 2025","FP","Food provision","average_yearly_change_in_scores",129,"Panama",-0.266835164835156,0.0866383867137896
"2012 - 2025","FP","Food provision","average_yearly_change_in_scores",130,"Costa Rica",-1.15441758241764,1.18701508361124e-06
"2012 - 2025","FP","Food provision","average_yearly_change_in_scores",131,"Nicaragua",0.353736263736283,8.39905859533285e-05
"2012 - 2025","FP","Food provision","average_yearly_change_in_scores",132,"Colombia",0.341142857142884,0.135462594013082
"2012 - 2025","FP","Food provision","average_yearly_change_in_scores",133,"Honduras",-0.65690109890117,0.0165984783625929
"2012 - 2025","FP","Food provision","average_yearly_change_in_scores",134,"El Salvador",-0.180527472527472,0.00654000426136381
"2012 - 2025","FP","Food provision","average_yearly_change_in_scores",135,"Mexico",-1.17826373626376,0.000602042549173895
"2012 - 2025","FP","Food provision","average_yearly_change_in_scores",136,"Guatemala",-0.564087912087942,0.000122382766629959
"2012 - 2025","FP","Food provision","average_yearly_change_in_scores",137,"Ecuador",2.49459340659355,7.07862092578538e-07
"2012 - 2025","FP","Food provision","average_yearly_change_in_scores",138,"Peru",0.498681318681339,0.000111965272258294
"2012 - 2025","FP","Food provision","average_yearly_change_in_scores",139,"Venezuela",0.333274725274738,0.134950094153422
"2012 - 2025","FP","Food provision","average_yearly_change_in_scores",140,"Guadeloupe and Martinique",-0.0764835164835204,4.76021048282548e-07
"2012 - 2025","FP","Food provision","average_yearly_change_in_scores",141,"Faeroe Islands",0.0417362637362608,0.362421385871536
"2012 - 2025","FP","Food provision","average_yearly_change_in_scores",143,"Iceland",-0.281934065934078,6.94765369519202e-05
"2012 - 2025","FP","Food provision","average_yearly_change_in_scores",144,"Jan Mayen",0.0016263736263732,0.766547177483692
"2012 - 2025","FP","Food provision","average_yearly_change_in_scores",145,"Greenland",-0.0415384615384586,0.348257786231852
"2012 - 2025","FP","Food provision","average_yearly_change_in_scores",146,"Pitcairn",-0.106043956043961,8.34551651500079e-06
"2012 - 2025","FP","Food provision","average_yearly_change_in_scores",147,"French Polynesia",0.0938241758241649,0.22682947753588
"2012 - 2025","FP","Food provision","average_yearly_change_in_scores",148,"Line Islands (Kiribati)",0.0296263736263732,0.108215212743914
"2012 - 2025","FP","Food provision","average_yearly_change_in_scores",149,"Jarvis Island",-0.332021978021999,0.00321412507311385
"2012 - 2025","FP","Food provision","average_yearly_change_in_scores",150,"Palmyra Atoll",0.0709890109890072,0.050655463840582
"2012 - 2025","FP","Food provision","average_yearly_change_in_scores",151,"American Samoa",-0.226395604395614,2.37976107696955e-05
"2012 - 2025","FP","Food provision","average_yearly_change_in_scores",152,"Samoa",-0.358747252747267,1.23302890062446e-05
"2012 - 2025","FP","Food provision","average_yearly_change_in_scores",153,"Cook Islands",-0.230417582417588,4.67628375498839e-05
"2012 - 2025","FP","Food provision","average_yearly_change_in_scores",154,"Niue",-0.089120879120883,7.44627061674731e-06
"2012 - 2025","FP","Food provision","average_yearly_change_in_scores",155,"Tonga",-0.201230769230776,3.7740066971905e-05
"2012 - 2025","FP","Food provision","average_yearly_change_in_scores",156,"Tokelau",-0.0565714285714327,1.13648778982113e-05
"2012 - 2025","FP","Food provision","average_yearly_change_in_scores",157,"Phoenix Islands (Kiribati)",-0.020000000000002,0.0108161889091685
"2012 - 2025","FP","Food provision","average_yearly_change_in_scores",158,"Howland Island and Baker Island",0.0147472527472512,0.25302633215852
"2012 - 2025","FP","Food provision","average_yearly_change_in_scores",159,"Johnston Atoll",0.0102197802197808,0.201231571093299
"2012 - 2025","FP","Food provision","average_yearly_change_in_scores",161,"Wallis and Futuna",-0.135934065934073,1.40480573982043e-05
"2012 - 2025","FP","Food provision","average_yearly_change_in_scores",162,"New Zealand",-0.50824175824177,3.65781152467626e-05
"2012 - 2025","FP","Food provision","average_yearly_change_in_scores",163,"United States",-0.461934065934104,0.00222420184202466
"2012 - 2025","FP","Food provision","average_yearly_change_in_scores",164,"Belize",1.48676923076922,0.0100747830693945
"2012 - 2025","FP","Food provision","average_yearly_change_in_scores",166,"Jamaica",-0.0507472527472557,0.000382890630334513
"2012 - 2025","FP","Food provision","average_yearly_change_in_scores",167,"Guyana",-0.0319560439560455,0.0806796832811302
"2012 - 2025","FP","Food provision","average_yearly_change_in_scores",168,"Suriname",0.0264175824175868,0.269836369956295
"2012 - 2025","FP","Food provision","average_yearly_change_in_scores",169,"French Guiana",0.610461538461574,1.70242757341159e-05
"2012 - 2025","FP","Food provision","average_yearly_change_in_scores",171,"Brazil",-0.341560439560461,0.00151068130504104
"2012 - 2025","FP","Food provision","average_yearly_change_in_scores",172,"Argentina",1.34839560439566,6.69194775170066e-05
"2012 - 2025","FP","Food provision","average_yearly_change_in_scores",173,"Uruguay",1.22384615384621,0.000521835241509044
"2012 - 2025","FP","Food provision","average_yearly_change_in_scores",174,"Finland",-1.25857142857149,1.59556340460174e-06
"2012 - 2025","FP","Food provision","average_yearly_change_in_scores",175,"Denmark",0.186351648351662,0.105641514836046
"2012 - 2025","FP","Food provision","average_yearly_change_in_scores",176,"Germany",1.16021978021982,0.000360964648417459
"2012 - 2025","FP","Food provision","average_yearly_change_in_scores",177,"Netherlands",-0.0218461538461891,0.942896000824632
"2012 - 2025","FP","Food provision","average_yearly_change_in_scores",178,"Poland",-3.39956043956058,5.52982385897371e-06
"2012 - 2025","FP","Food provision","average_yearly_change_in_scores",179,"France",-0.249208791208775,0.155988232544729
"2012 - 2025","FP","Food provision","average_yearly_change_in_scores",180,"United Kingdom",-0.101956043956047,0.146176561431276
"2012 - 2025","FP","Food provision","average_yearly_change_in_scores",181,"Ireland",-0.335274725274739,0.00365613687500087
"2012 - 2025","FP","Food provision","average_yearly_change_in_scores",182,"Spain",-0.119384615384634,0.11705938486342
"2012 - 2025","FP","Food provision","average_yearly_change_in_scores",183,"Portugal",0.430659340659369,0.000637490642007026
"2012 - 2025","FP","Food provision","average_yearly_change_in_scores",184,"Italy",-0.399252747252796,0.0248505225928468
"2012 - 2025","FP","Food provision","average_yearly_change_in_scores",185,"Monaco",-0.13435164835165,0.00583503822939421
"2012 - 2025","FP","Food provision","average_yearly_change_in_scores",186,"Montenegro",0.197626373626387,0.0442145354291932
"2012 - 2025","FP","Food provision","average_yearly_change_in_scores",187,"Croatia",2.09852747252761,6.4004353719873e-06
"2012 - 2025","FP","Food provision","average_yearly_change_in_scores",188,"Slovenia",0.0113406593406393,0.947584615172375
"2012 - 2025","FP","Food provision","average_yearly_change_in_scores",189,"Lithuania",-3.61076923076936,1.08279769051596e-05
"2012 - 2025","FP","Food provision","average_yearly_change_in_scores",190,"Qatar",0.196197802197811,0.000159431745132794
"2012 - 2025","FP","Food provision","average_yearly_change_in_scores",191,"Iran",0.115274725274732,0.129037457260927
"2012 - 2025","FP","Food provision","average_yearly_change_in_scores",192,"Iraq",0.0271648351648324,0.178669841571969
"2012 - 2025","FP","Food provision","average_yearly_change_in_scores",193,"Guinea Bissau",-0.0374505494505508,0.00258438177379799
"2012 - 2025","FP","Food provision","average_yearly_change_in_scores",194,"Guinea",-0.0495384615384661,0.000157765316655244
"2012 - 2025","FP","Food provision","average_yearly_change_in_scores",195,"Ivory Coast",-0.150989010989033,0.0158345753351089
"2012 - 2025","FP","Food provision","average_yearly_change_in_scores",196,"Nigeria",-0.171648351648357,0.000509928823543848
"2012 - 2025","FP","Food provision","average_yearly_change_in_scores",197,"Cameroon",-0.109252747252747,0.00258647196250218
"2012 - 2025","FP","Food provision","average_yearly_change_in_scores",198,"Gabon",-0.0968791208791263,0.000550798622842239
"2012 - 2025","FP","Food provision","average_yearly_change_in_scores",199,"Democratic Republic of the Congo",0.603362637362673,0.00699608324844149
"2012 - 2025","FP","Food provision","average_yearly_change_in_scores",200,"Angola",-0.167692307692316,5.51821945997374e-05
"2012 - 2025","FP","Food provision","average_yearly_change_in_scores",202,"Tanzania",-0.456109890109937,0.0215765742479274
"2012 - 2025","FP","Food provision","average_yearly_change_in_scores",203,"India",-0.636395604395626,6.09575310632021e-07
"2012 - 2025","FP","Food provision","average_yearly_change_in_scores",204,"Bangladesh",-0.0569450549450527,0.0803464694141078
"2012 - 2025","FP","Food provision","average_yearly_change_in_scores",205,"Myanmar",-0.0383956043956089,0.0673127083238227
"2012 - 2025","FP","Food provision","average_yearly_change_in_scores",206,"Malaysia",-0.080659340659348,0.125622569759657
"2012 - 2025","FP","Food provision","average_yearly_change_in_scores",207,"Vietnam",-0.209164835164832,0.0118660661984763
"2012 - 2025","FP","Food provision","average_yearly_change_in_scores",208,"Singapore",-0.332000000000033,0.00622197006576195
"2012 - 2025","FP","Food provision","average_yearly_change_in_scores",209,"China",0.2054065934066,2.5529146138255e-06
"2012 - 2025","FP","Food provision","average_yearly_change_in_scores",210,"Japan",0.189032967032964,0.0116928069917999
"2012 - 2025","FP","Food provision","average_yearly_change_in_scores",212,"Gilbert Islands (Kiribati)",0.0105714285714291,0.455313435096964
"2012 - 2025","FP","Food provision","average_yearly_change_in_scores",214,"Egypt",-0.675494505494472,0.0614015736560135
"2012 - 2025","FP","Food provision","average_yearly_change_in_scores",215,"Jordan",0.0281978021978038,0.248522949302312
"2012 - 2025","FP","Food provision","average_yearly_change_in_scores",216,"Indonesia",0.24621978021979,1.85079633367659e-08
"2012 - 2025","FP","Food provision","average_yearly_change_in_scores",218,"Canada",-0.0178241758241576,0.899212649476744
"2012 - 2025","FP","Food provision","average_yearly_change_in_scores",219,"Saint Pierre and Miquelon",0.573692307692327,2.83843387160366e-05
"2012 - 2025","FP","Food provision","average_yearly_change_in_scores",220,"Sint Maarten",0.152461538461545,0.00422877185734588
"2012 - 2025","FP","Food provision","average_yearly_change_in_scores",221,"Northern Saint-Martin",-0.00402197802198036,0.533126809466934
"2012 - 2025","FP","Food provision","average_yearly_change_in_scores",222,"Sweden",-2.46384615384627,4.27795060731534e-06
"2012 - 2025","FP","Food provision","average_yearly_change_in_scores",223,"Norway",-0.375538461538475,8.19434394597223e-08
"2012 - 2025","FP","Food provision","average_yearly_change_in_scores",224,"Chile",-0.00448351648350125,0.96947481620792
"2012 - 2025","FP","Food provision","average_yearly_change_in_scores",227,"Jersey",-0.292263736263759,0.00188630646818617
"2012 - 2025","FP","Food provision","average_yearly_change_in_scores",228,"Guernsey",-0.32200000000002,0.000572724089251392
"2012 - 2025","FP","Food provision","average_yearly_change_in_scores",231,"East Timor",-0.0915384615384644,0.0137209196771645
"2012 - 2025","FP","Food provision","average_yearly_change_in_scores",232,"Bosnia and Herzegovina",-0.2025274725275,0.030624464673486
"2012 - 2025","FP","Food provision","average_yearly_change_in_scores",237,"Oecussi Ambeno",-0.15725274725275,0.00250202621170645
"2012 - 2025","FP","Food provision","average_yearly_change_in_scores",244,"Curacao",0.150857142857148,8.91045100120248e-05
"2012 - 2025","FP","Food provision","average_yearly_change_in_scores",245,"Bonaire",0.161802197802198,0.00317951720406901
"2012 - 2025","FP","Food provision","average_yearly_change_in_scores",247,"Brunei",0.0557582417582533,0.645166089180665
"2012 - 2025","FP","Food provision","average_yearly_change_in_scores",248,"Saba",0.0490989010989028,7.91107925973779e-06
"2012 - 2025","FP","Food provision","average_yearly_change_in_scores",249,"Sint Eustatius",0.0490989010989028,7.91107925973779e-06
"2012 - 2025","FP","Food provision","average_yearly_change_in_scores",250,"Aruba",0.0627032967033019,0.00298906340915822
"2012 - 2025","HAB","Habitat (subgoal)","average_yearly_change_in_scores",0,"Global average",0.15153846153846,0.00261693692864315
"2012 - 2025","HAB","Habitat (subgoal)","average_yearly_change_in_scores",1,"Cocos Islands",0.374219780219784,0.00348617694699203
"2012 - 2025","HAB","Habitat (subgoal)","average_yearly_change_in_scores",2,"Christmas Island",1.74215384615388,0.00263842262539799
"2012 - 2025","HAB","Habitat (subgoal)","average_yearly_change_in_scores",3,"Norfolk Island",0.482175824175838,0.00280949450061258
"2012 - 2025","HAB","Habitat (subgoal)","average_yearly_change_in_scores",4,"Macquarie Island",0.669670329670343,0.00572254923116464
"2012 - 2025","HAB","Habitat (subgoal)","average_yearly_change_in_scores",5,"New Caledonia",-0.0416923076923092,0.00170357021345774
"2012 - 2025","HAB","Habitat (subgoal)","average_yearly_change_in_scores",6,"Vanuatu",0.000989010989010005,0.939244854591102
"2012 - 2025","HAB","Habitat (subgoal)","average_yearly_change_in_scores",7,"Solomon Islands",-0.163472527472531,0.0400579254970789
"2012 - 2025","HAB","Habitat (subgoal)","average_yearly_change_in_scores",8,"Palau",-0.0366813186813246,0.318793699363347
"2012 - 2025","HAB","Habitat (subgoal)","average_yearly_change_in_scores",9,"Micronesia",0.145956043956045,0.000757266658030674
"2012 - 2025","HAB","Habitat (subgoal)","average_yearly_change_in_scores",10,"Nauru",-1.52323076923078,0.0122603302551784
"2012 - 2025","HAB","Habitat (subgoal)","average_yearly_change_in_scores",11,"Marshall Islands",0.000417582417581179,0.98645745540783
"2012 - 2025","HAB","Habitat (subgoal)","average_yearly_change_in_scores",13,"Northern Mariana Islands and Guam",0.823714285714338,0.00248973759020675
"2012 - 2025","HAB","Habitat (subgoal)","average_yearly_change_in_scores",14,"Taiwan",-0.279582417582428,2.34632143334165e-05
"2012 - 2025","HAB","Habitat (subgoal)","average_yearly_change_in_scores",15,"Philippines",0.638769230769259,0.000287019354142278
"2012 - 2025","HAB","Habitat (subgoal)","average_yearly_change_in_scores",16,"Australia",0.0844615384615441,0.00081659259270593
"2012 - 2025","HAB","Habitat (subgoal)","average_yearly_change_in_scores",17,"Papua New Guinea",-0.353692307692313,0.00148095433839425
"2012 - 2025","HAB","Habitat (subgoal)","average_yearly_change_in_scores",18,"Fiji",-0.00259340659340855,0.299469628680997
"2012 - 2025","HAB","Habitat (subgoal)","average_yearly_change_in_scores",19,"Tuvalu",-0.0363076923076934,0.111174666940133
"2012 - 2025","HAB","Habitat (subgoal)","average_yearly_change_in_scores",20,"South Korea",-0.05017582417583,0.292708809421071
"2012 - 2025","HAB","Habitat (subgoal)","average_yearly_change_in_scores",21,"North Korea",0.217604395604396,0.000520264806136992
"2012 - 2025","HAB","Habitat (subgoal)","average_yearly_change_in_scores",24,"Cambodia",0.880285714285743,8.62848400803292e-05
"2012 - 2025","HAB","Habitat (subgoal)","average_yearly_change_in_scores",25,"Thailand",0.681296703296718,0.000230556415813148
"2012 - 2025","HAB","Habitat (subgoal)","average_yearly_change_in_scores",26,"Andaman and Nicobar",1.01843956043956,0.0210907748284004
"2012 - 2025","HAB","Habitat (subgoal)","average_yearly_change_in_scores",28,"Comoro Islands",0.151384615384625,0.000685975225665147
"2012 - 2025","HAB","Habitat (subgoal)","average_yearly_change_in_scores",29,"Mayotte",0.207604395604414,0.0368750382782106
"2012 - 2025","HAB","Habitat (subgoal)","average_yearly_change_in_scores",30,"Glorioso Islands",0.502725274725326,0.0567686779373922
"2012 - 2025","HAB","Habitat (subgoal)","average_yearly_change_in_scores",31,"Seychelles",0.00421978021977925,0.0211650983618378
"2012 - 2025","HAB","Habitat (subgoal)","average_yearly_change_in_scores",32,"Réunion",0.516285714285647,0.117731022287023
"2012 - 2025","HAB","Habitat (subgoal)","average_yearly_change_in_scores",33,"Juan de Nova Island",0.778637362637334,0.251207511459721
"2012 - 2025","HAB","Habitat (subgoal)","average_yearly_change_in_scores",34,"Bassas da India",1.0944175824176,0.00760739766529286
"2012 - 2025","HAB","Habitat (subgoal)","average_yearly_change_in_scores",35,"Ile Europa",-2.63148192562387e-16,0.108864301063032
"2012 - 2025","HAB","Habitat (subgoal)","average_yearly_change_in_scores",37,"Mauritius",-0.503252747252773,0.000133371621930259
"2012 - 2025","HAB","Habitat (subgoal)","average_yearly_change_in_scores",38,"British Indian Ocean Territory",-0.0197802197802184,0.0537329306835738
"2012 - 2025","HAB","Habitat (subgoal)","average_yearly_change_in_scores",39,"Maldives",0.169758241758237,0.00376898455044788
"2012 - 2025","HAB","Habitat (subgoal)","average_yearly_change_in_scores",40,"Sri Lanka",0.28492307692308,0.00206653666364543
"2012 - 2025","HAB","Habitat (subgoal)","average_yearly_change_in_scores",41,"Mozambique",0.0423516483516492,0.3644187264618
"2012 - 2025","HAB","Habitat (subgoal)","average_yearly_change_in_scores",42,"Madagascar",0.671934065934082,0.000279733128580322
"2012 - 2025","HAB","Habitat (subgoal)","average_yearly_change_in_scores",43,"Kenya",0.0296923076923075,0.000120039684078418
"2012 - 2025","HAB","Habitat (subgoal)","average_yearly_change_in_scores",44,"Somalia",-0.152571428571446,0.0196621675348583
"2012 - 2025","HAB","Habitat (subgoal)","average_yearly_change_in_scores",45,"Eritrea",0.154373626373625,0.0233335331108963
"2012 - 2025","HAB","Habitat (subgoal)","average_yearly_change_in_scores",46,"Djibouti",0.127978021978019,0.0111284631099089
"2012 - 2025","HAB","Habitat (subgoal)","average_yearly_change_in_scores",47,"Yemen",-0.000395604395616827,0.991713097738907
"2012 - 2025","HAB","Habitat (subgoal)","average_yearly_change_in_scores",48,"Oman",-0.350835164835182,1.78153692943434e-06
"2012 - 2025","HAB","Habitat (subgoal)","average_yearly_change_in_scores",49,"Sudan",0.131340659340654,0.00211552437559056
"2012 - 2025","HAB","Habitat (subgoal)","average_yearly_change_in_scores",50,"Saudi Arabia",0.0409230769230773,0.219327435238275
"2012 - 2025","HAB","Habitat (subgoal)","average_yearly_change_in_scores",51,"Kuwait",0.215824175824185,0.0167045063181754
"2012 - 2025","HAB","Habitat (subgoal)","average_yearly_change_in_scores",52,"Bahrain",0.23254945054946,0.000576230871309968
"2012 - 2025","HAB","Habitat (subgoal)","average_yearly_change_in_scores",53,"Pakistan",-0.0352527472527519,0.082516987732976
"2012 - 2025","HAB","Habitat (subgoal)","average_yearly_change_in_scores",54,"United Arab Emirates",0.118769230769245,0.0408182902783347
"2012 - 2025","HAB","Habitat (subgoal)","average_yearly_change_in_scores",55,"Azores",0.0798681318681349,0.00328630021294266
"2012 - 2025","HAB","Habitat (subgoal)","average_yearly_change_in_scores",56,"Cape Verde",0.329626373626406,0.0280358632652289
"2012 - 2025","HAB","Habitat (subgoal)","average_yearly_change_in_scores",57,"Madeira",0.884241758241771,0.00437223754096704
"2012 - 2025","HAB","Habitat (subgoal)","average_yearly_change_in_scores",58,"Canary Islands",0.202901098901099,0.00733771959478405
"2012 - 2025","HAB","Habitat (subgoal)","average_yearly_change_in_scores",59,"Belgium",-0.0689010989011009,0.0131328764932605
"2012 - 2025","HAB","Habitat (subgoal)","average_yearly_change_in_scores",60,"Gibraltar",-0.0933626373626341,0.0211650983618334
"2012 - 2025","HAB","Habitat (subgoal)","average_yearly_change_in_scores",61,"Tunisia",-0.126395604395603,0.068087528325434
"2012 - 2025","HAB","Habitat (subgoal)","average_yearly_change_in_scores",62,"Morocco",0.361978021978025,0.00509665589521245
"2012 - 2025","HAB","Habitat (subgoal)","average_yearly_change_in_scores",63,"Western Sahara",0.0596043956043979,0.016482906955137
"2012 - 2025","HAB","Habitat (subgoal)","average_yearly_change_in_scores",64,"Mauritania",0.0994725274725274,0.304866049119781
"2012 - 2025","HAB","Habitat (subgoal)","average_yearly_change_in_scores",65,"Gambia",0.0339340659340688,0.0759591688914132
"2012 - 2025","HAB","Habitat (subgoal)","average_yearly_change_in_scores",66,"Senegal",-0.0128571428571386,0.787072927738192
"2012 - 2025","HAB","Habitat (subgoal)","average_yearly_change_in_scores",67,"Libya",0.0251428571428447,0.59295050262901
"2012 - 2025","HAB","Habitat (subgoal)","average_yearly_change_in_scores",68,"Malta",-0.262879120879115,0.0203168849189234
"2012 - 2025","HAB","Habitat (subgoal)","average_yearly_change_in_scores",69,"Latvia",-0.0382637362637445,0.600976279833675
"2012 - 2025","HAB","Habitat (subgoal)","average_yearly_change_in_scores",70,"Estonia",-0.123098901098907,0.0975573059357621
"2012 - 2025","HAB","Habitat (subgoal)","average_yearly_change_in_scores",71,"Bulgaria",-0.0783956043956026,0.0621901227065682
"2012 - 2025","HAB","Habitat (subgoal)","average_yearly_change_in_scores",72,"Romania",0.705318681318709,0.000244487408160407
"2012 - 2025","HAB","Habitat (subgoal)","average_yearly_change_in_scores",73,"Russia",0.172725274725278,4.95575391437258e-05
"2012 - 2025","HAB","Habitat (subgoal)","average_yearly_change_in_scores",74,"Georgia",-0.148747252747263,0.0706058235531873
"2012 - 2025","HAB","Habitat (subgoal)","average_yearly_change_in_scores",75,"Ukraine",0.259692307692315,0.00014350426740699
"2012 - 2025","HAB","Habitat (subgoal)","average_yearly_change_in_scores",76,"Turkey",0.324835164835172,0.000216349639650546
"2012 - 2025","HAB","Habitat (subgoal)","average_yearly_change_in_scores",77,"Syria",-0.089538461538453,0.451091391075355
"2012 - 2025","HAB","Habitat (subgoal)","average_yearly_change_in_scores",78,"Lebanon",0.110593406593415,0.228246129130166
"2012 - 2025","HAB","Habitat (subgoal)","average_yearly_change_in_scores",79,"Israel",0.0313406593406636,0.340573392346515
"2012 - 2025","HAB","Habitat (subgoal)","average_yearly_change_in_scores",80,"Greece",0.0923516483516519,0.00140231306034998
"2012 - 2025","HAB","Habitat (subgoal)","average_yearly_change_in_scores",81,"Cyprus",-0.0119120879120829,0.69803235782497
"2012 - 2025","HAB","Habitat (subgoal)","average_yearly_change_in_scores",82,"Albania",-0.0733186813186546,0.531364823797194
"2012 - 2025","HAB","Habitat (subgoal)","average_yearly_change_in_scores",84,"Algeria",0.550967032967043,0.000256124762784267
"2012 - 2025","HAB","Habitat (subgoal)","average_yearly_change_in_scores",85,"Ascension",0.65252747252753,0.05586832743403
"2012 - 2025","HAB","Habitat (subgoal)","average_yearly_change_in_scores",86,"Saint Helena",0.0194725274725214,0.341770741707493
"2012 - 2025","HAB","Habitat (subgoal)","average_yearly_change_in_scores",88,"Tristan da Cunha",0.900065934065955,0.00153494466181687
"2012 - 2025","HAB","Habitat (subgoal)","average_yearly_change_in_scores",89,"South Georgia and the South Sandwich Islands",-1.25683516483525,0.00122992679479821
"2012 - 2025","HAB","Habitat (subgoal)","average_yearly_change_in_scores",90,"Prince Edward Islands",0.0599780219780281,0.170662120754296
"2012 - 2025","HAB","Habitat (subgoal)","average_yearly_change_in_scores",91,"Crozet Islands",-2.01854688898469e-16,0.108864301063032
"2012 - 2025","HAB","Habitat (subgoal)","average_yearly_change_in_scores",92,"Amsterdam Island and Saint Paul Island",0.712967032967048,0.00724045558098458
"2012 - 2025","HAB","Habitat (subgoal)","average_yearly_change_in_scores",93,"Kerguelen Islands",0.402527472527472,0.0747640515043797
"2012 - 2025","HAB","Habitat (subgoal)","average_yearly_change_in_scores",94,"Heard and McDonald Islands",1.29406593406596,0.00428403309028808
"2012 - 2025","HAB","Habitat (subgoal)","average_yearly_change_in_scores",95,"Falkland Islands",0.0621318681318642,0.0333986395969794
"2012 - 2025","HAB","Habitat (subgoal)","average_yearly_change_in_scores",96,"Sierra Leone",-0.470637362637388,0.000250085867537735
"2012 - 2025","HAB","Habitat (subgoal)","average_yearly_change_in_scores",97,"Liberia",-0.235648351648375,0.0199924793475683
"2012 - 2025","HAB","Habitat (subgoal)","average_yearly_change_in_scores",98,"Togo",-0.0182417582417648,0.424542184229574
"2012 - 2025","HAB","Habitat (subgoal)","average_yearly_change_in_scores",99,"Benin",-0.196505494505519,0.00486846245313177
"2012 - 2025","HAB","Habitat (subgoal)","average_yearly_change_in_scores",100,"Republique du Congo",-0.199384615384623,0.00914425287624605
"2012 - 2025","HAB","Habitat (subgoal)","average_yearly_change_in_scores",101,"Namibia",-0.101582417582409,0.156444350281742
"2012 - 2025","HAB","Habitat (subgoal)","average_yearly_change_in_scores",102,"South Africa",0.014219780219779,0.60768247412906
"2012 - 2025","HAB","Habitat (subgoal)","average_yearly_change_in_scores",103,"Sao Tome and Principe",0.176747252747261,0.00776798433322555
"2012 - 2025","HAB","Habitat (subgoal)","average_yearly_change_in_scores",104,"Equatorial Guinea",-0.126945054945075,0.0667763760304569
"2012 - 2025","HAB","Habitat (subgoal)","average_yearly_change_in_scores",105,"Bouvet Island",-3.52079120879143,0.00780588513700791
"2012 - 2025","HAB","Habitat (subgoal)","average_yearly_change_in_scores",106,"Ghana",-0.127956043956057,0.00153028160214023
"2012 - 2025","HAB","Habitat (subgoal)","average_yearly_change_in_scores",107,"Clipperton Island",1.31529670329673,0.0045517492870866
"2012 - 2025","HAB","Habitat (subgoal)","average_yearly_change_in_scores",108,"Bermuda",0.362483516483522,0.0102802827765965
"2012 - 2025","HAB","Habitat (subgoal)","average_yearly_change_in_scores",110,"Bahamas",0.157890109890113,7.67611798796569e-07
"2012 - 2025","HAB","Habitat (subgoal)","average_yearly_change_in_scores",111,"Turks and Caicos Islands",0.308153846153859,5.5418578202085e-07
"2012 - 2025","HAB","Habitat (subgoal)","average_yearly_change_in_scores",112,"Cuba",0.0525494505494476,0.0457392159304144
"2012 - 2025","HAB","Habitat (subgoal)","average_yearly_change_in_scores",113,"Cayman Islands",0.088945054945055,0.00369486295315279
"2012 - 2025","HAB","Habitat (subgoal)","average_yearly_change_in_scores",114,"Haiti",0.10257142857142,0.0292869277351856
"2012 - 2025","HAB","Habitat (subgoal)","average_yearly_change_in_scores",115,"Dominican Republic",0.0274285714285735,0.00276873150807503
"2012 - 2025","HAB","Habitat (subgoal)","average_yearly_change_in_scores",116,"Puerto Rico and Virgin Islands of the United States",-0.0554725274725373,0.543095992508708
"2012 - 2025","HAB","Habitat (subgoal)","average_yearly_change_in_scores",117,"British Virgin Islands",-0.185692307692307,0.21899724846502
"2012 - 2025","HAB","Habitat (subgoal)","average_yearly_change_in_scores",118,"Anguilla",0.0388131868131873,0.00383970977157791
"2012 - 2025","HAB","Habitat (subgoal)","average_yearly_change_in_scores",119,"Saint Kitts and Nevis",0.0935164835164819,0.0670152112970894
"2012 - 2025","HAB","Habitat (subgoal)","average_yearly_change_in_scores",120,"Antigua and Barbuda",-0.0440439560439613,0.375065568949754
"2012 - 2025","HAB","Habitat (subgoal)","average_yearly_change_in_scores",121,"Montserrat",-0.0121538461538444,0.0061624303372868
"2012 - 2025","HAB","Habitat (subgoal)","average_yearly_change_in_scores",122,"Saint Lucia",0.0639560439560333,0.516183033262355
"2012 - 2025","HAB","Habitat (subgoal)","average_yearly_change_in_scores",123,"Dominica",-0.039318681318687,0.15221868482259
"2012 - 2025","HAB","Habitat (subgoal)","average_yearly_change_in_scores",124,"Barbados",0.0526593406593424,0.00223479708318447
"2012 - 2025","HAB","Habitat (subgoal)","average_yearly_change_in_scores",125,"Grenada",0.0107912087912018,0.565394107906293
"2012 - 2025","HAB","Habitat (subgoal)","average_yearly_change_in_scores",126,"Trinidad and Tobago",2.39480671276306e-15,0.999999999999729
"2012 - 2025","HAB","Habitat (subgoal)","average_yearly_change_in_scores",127,"Saint Vincent and the Grenadines",0.133318681318679,0.107078979012155
"2012 - 2025","HAB","Habitat (subgoal)","average_yearly_change_in_scores",129,"Panama",0.00876923076922994,0.613606467500197
"2012 - 2025","HAB","Habitat (subgoal)","average_yearly_change_in_scores",130,"Costa Rica",-0.00254945054945283,0.910432609533705
"2012 - 2025","HAB","Habitat (subgoal)","average_yearly_change_in_scores",131,"Nicaragua",0.00175824175824222,0.895041800765862
"2012 - 2025","HAB","Habitat (subgoal)","average_yearly_change_in_scores",132,"Colombia",0.0276483516483507,0.0057931843543106
"2012 - 2025","HAB","Habitat (subgoal)","average_yearly_change_in_scores",133,"Honduras",-0.0171648351648364,0.109223220228023
"2012 - 2025","HAB","Habitat (subgoal)","average_yearly_change_in_scores",134,"El Salvador",0.128967032967032,0.000953053180152365
"2012 - 2025","HAB","Habitat (subgoal)","average_yearly_change_in_scores",135,"Mexico",0.0211868131868099,0.00652045972137397
"2012 - 2025","HAB","Habitat (subgoal)","average_yearly_change_in_scores",136,"Guatemala",0.142747252747256,0.000691665583535435
"2012 - 2025","HAB","Habitat (subgoal)","average_yearly_change_in_scores",137,"Ecuador",0.0986153846153864,0.00185278697083271
"2012 - 2025","HAB","Habitat (subgoal)","average_yearly_change_in_scores",138,"Peru",0.180329670329681,0.000961234203401015
"2012 - 2025","HAB","Habitat (subgoal)","average_yearly_change_in_scores",139,"Venezuela",0.00514285714285347,0.856641343432219
"2012 - 2025","HAB","Habitat (subgoal)","average_yearly_change_in_scores",140,"Guadeloupe and Martinique",-0.0257802197802252,0.00987898572856934
"2012 - 2025","HAB","Habitat (subgoal)","average_yearly_change_in_scores",141,"Faeroe Islands",-0.129648351648365,0.0086312979154173
"2012 - 2025","HAB","Habitat (subgoal)","average_yearly_change_in_scores",143,"Iceland",0.850681318681374,0.00228794042082791
"2012 - 2025","HAB","Habitat (subgoal)","average_yearly_change_in_scores",144,"Jan Mayen",1.50764835164843,1.57452967204119e-05
"2012 - 2025","HAB","Habitat (subgoal)","average_yearly_change_in_scores",145,"Greenland",0.0609890109890147,0.162025755798145
"2012 - 2025","HAB","Habitat (subgoal)","average_yearly_change_in_scores",147,"French Polynesia",-0.000901098901096868,0.537737234281506
"2012 - 2025","HAB","Habitat (subgoal)","average_yearly_change_in_scores",148,"Line Islands (Kiribati)",-0.0702417582417607,0.00985448730293556
"2012 - 2025","HAB","Habitat (subgoal)","average_yearly_change_in_scores",149,"Jarvis Island",1.45991208791209,0.00107405061184033
"2012 - 2025","HAB","Habitat (subgoal)","average_yearly_change_in_scores",150,"Palmyra Atoll",-0.0950329670330331,0.853245291124502
"2012 - 2025","HAB","Habitat (subgoal)","average_yearly_change_in_scores",151,"American Samoa",-4.92865679856268e-15,0.108864301063032
"2012 - 2025","HAB","Habitat (subgoal)","average_yearly_change_in_scores",152,"Samoa",-2.6730151203675e-16,0.108864301063032
"2012 - 2025","HAB","Habitat (subgoal)","average_yearly_change_in_scores",153,"Cook Islands",-0.000483516483516931,0.845466331938122
"2012 - 2025","HAB","Habitat (subgoal)","average_yearly_change_in_scores",154,"Niue",-0.121538461538465,0.00319328102753494
"2012 - 2025","HAB","Habitat (subgoal)","average_yearly_change_in_scores",155,"Tonga",-0.00437362637363114,0.758081798680793
"2012 - 2025","HAB","Habitat (subgoal)","average_yearly_change_in_scores",156,"Tokelau",-2.63148192562387e-16,0.108864301063032
"2012 - 2025","HAB","Habitat (subgoal)","average_yearly_change_in_scores",157,"Phoenix Islands (Kiribati)",-0.104417582417594,0.0165056230217662
"2012 - 2025","HAB","Habitat (subgoal)","average_yearly_change_in_scores",158,"Howland Island and Baker Island",1.32265934065927,0.0214048717965178
"2012 - 2025","HAB","Habitat (subgoal)","average_yearly_change_in_scores",159,"Johnston Atoll",1.15024175824178,0.0461640013303645
"2012 - 2025","HAB","Habitat (subgoal)","average_yearly_change_in_scores",161,"Wallis and Futuna",-0.0216043956043943,0.000218703045650377
"2012 - 2025","HAB","Habitat (subgoal)","average_yearly_change_in_scores",162,"New Zealand",-0.00934065934065832,0.379508939044648
"2012 - 2025","HAB","Habitat (subgoal)","average_yearly_change_in_scores",163,"United States",0.158197802197808,0.0335057995369212
"2012 - 2025","HAB","Habitat (subgoal)","average_yearly_change_in_scores",164,"Belize",0.117538461538464,6.88767433370558e-05
"2012 - 2025","HAB","Habitat (subgoal)","average_yearly_change_in_scores",166,"Jamaica",-0.116043956043963,0.000248382625764718
"2012 - 2025","HAB","Habitat (subgoal)","average_yearly_change_in_scores",167,"Guyana",0.173032967032962,0.137579104587054
"2012 - 2025","HAB","Habitat (subgoal)","average_yearly_change_in_scores",168,"Suriname",0.249032967032971,0.00555212710659228
"2012 - 2025","HAB","Habitat (subgoal)","average_yearly_change_in_scores",169,"French Guiana",0.0421318681318713,0.0285484562114058
"2012 - 2025","HAB","Habitat (subgoal)","average_yearly_change_in_scores",171,"Brazil",0.0912527472527472,0.00135030094470233
"2012 - 2025","HAB","Habitat (subgoal)","average_yearly_change_in_scores",172,"Argentina",0.102197802197798,0.00497918674538869
"2012 - 2025","HAB","Habitat (subgoal)","average_yearly_change_in_scores",173,"Uruguay",-0.0802857142857148,0.25834243005939
"2012 - 2025","HAB","Habitat (subgoal)","average_yearly_change_in_scores",174,"Finland",-0.0159780219780202,0.853813871246891
"2012 - 2025","HAB","Habitat (subgoal)","average_yearly_change_in_scores",175,"Denmark",-0.0456263736263767,0.111896949711459
"2012 - 2025","HAB","Habitat (subgoal)","average_yearly_change_in_scores",176,"Germany",0.0535384615384617,0.0193197607763772
"2012 - 2025","HAB","Habitat (subgoal)","average_yearly_change_in_scores",177,"Netherlands",0.763604395604437,2.21803270766305e-05
"2012 - 2025","HAB","Habitat (subgoal)","average_yearly_change_in_scores",178,"Poland",0.134681318681323,0.0914150900432648
"2012 - 2025","HAB","Habitat (subgoal)","average_yearly_change_in_scores",179,"France",0.682637362637398,1.06169996615898e-08
"2012 - 2025","HAB","Habitat (subgoal)","average_yearly_change_in_scores",180,"United Kingdom",0.191230769230777,0.000224669338610582
"2012 - 2025","HAB","Habitat (subgoal)","average_yearly_change_in_scores",181,"Ireland",0.0720659340659337,0.00210373557215007
"2012 - 2025","HAB","Habitat (subgoal)","average_yearly_change_in_scores",182,"Spain",0.0639780219780236,0.000294986688176204
"2012 - 2025","HAB","Habitat (subgoal)","average_yearly_change_in_scores",183,"Portugal",0.059494505494505,0.0102920510629912
"2012 - 2025","HAB","Habitat (subgoal)","average_yearly_change_in_scores",184,"Italy",0.0569010989010984,0.00442699480275114
"2012 - 2025","HAB","Habitat (subgoal)","average_yearly_change_in_scores",185,"Monaco",7.47201211128639e-16,0.108864301063032
"2012 - 2025","HAB","Habitat (subgoal)","average_yearly_change_in_scores",186,"Montenegro",0.0111648351648329,0.411288938431617
"2012 - 2025","HAB","Habitat (subgoal)","average_yearly_change_in_scores",187,"Croatia",-0.00305494505494896,0.872953164665499
"2012 - 2025","HAB","Habitat (subgoal)","average_yearly_change_in_scores",188,"Slovenia",-0.0152967032967032,0.0211650983618327
"2012 - 2025","HAB","Habitat (subgoal)","average_yearly_change_in_scores",189,"Lithuania",0.204835164835171,0.0236010797266858
"2012 - 2025","HAB","Habitat (subgoal)","average_yearly_change_in_scores",190,"Qatar",0.133626373626384,0.024131618512302
"2012 - 2025","HAB","Habitat (subgoal)","average_yearly_change_in_scores",191,"Iran",0.0491428571428616,0.259753003561398
"2012 - 2025","HAB","Habitat (subgoal)","average_yearly_change_in_scores",192,"Iraq",0.254109890109905,0.033078834180289
"2012 - 2025","HAB","Habitat (subgoal)","average_yearly_change_in_scores",193,"Guinea Bissau",-0.17142857142857,0.00555585741514081
"2012 - 2025","HAB","Habitat (subgoal)","average_yearly_change_in_scores",194,"Guinea",-0.651054945054981,0.000244001098235088
"2012 - 2025","HAB","Habitat (subgoal)","average_yearly_change_in_scores",195,"Ivory Coast",-0.260417582417593,0.176539704110732
"2012 - 2025","HAB","Habitat (subgoal)","average_yearly_change_in_scores",196,"Nigeria",0.236725274725265,0.0141290858532856
"2012 - 2025","HAB","Habitat (subgoal)","average_yearly_change_in_scores",197,"Cameroon",0.185648351648355,0.000156202414746341
"2012 - 2025","HAB","Habitat (subgoal)","average_yearly_change_in_scores",198,"Gabon",-0.300417582417605,0.00651105628552258
"2012 - 2025","HAB","Habitat (subgoal)","average_yearly_change_in_scores",199,"Democratic Republic of the Congo",-0.203208791208799,0.00032498571033054
"2012 - 2025","HAB","Habitat (subgoal)","average_yearly_change_in_scores",200,"Angola",0.763560439560466,0.00138420765403595
"2012 - 2025","HAB","Habitat (subgoal)","average_yearly_change_in_scores",202,"Tanzania",0.0151868131868103,0.0252139902141842
"2012 - 2025","HAB","Habitat (subgoal)","average_yearly_change_in_scores",203,"India",0.626725274725265,0.0125548129965821
"2012 - 2025","HAB","Habitat (subgoal)","average_yearly_change_in_scores",204,"Bangladesh",-0.144791208791223,0.0377636186011577
"2012 - 2025","HAB","Habitat (subgoal)","average_yearly_change_in_scores",205,"Myanmar",0.205692307692296,0.0546420014728311
"2012 - 2025","HAB","Habitat (subgoal)","average_yearly_change_in_scores",206,"Malaysia",0.487670329670345,0.000191432303248481
"2012 - 2025","HAB","Habitat (subgoal)","average_yearly_change_in_scores",207,"Vietnam",1.11395604395608,0.00018486358320683
"2012 - 2025","HAB","Habitat (subgoal)","average_yearly_change_in_scores",208,"Singapore",0.422571428571444,0.0043519585658467
"2012 - 2025","HAB","Habitat (subgoal)","average_yearly_change_in_scores",209,"China",0.066021978021971,0.119558861165861
"2012 - 2025","HAB","Habitat (subgoal)","average_yearly_change_in_scores",210,"Japan",0.00989010989010891,0.381000752185273
"2012 - 2025","HAB","Habitat (subgoal)","average_yearly_change_in_scores",212,"Gilbert Islands (Kiribati)",-0.0880000000000009,0.492729747648908
"2012 - 2025","HAB","Habitat (subgoal)","average_yearly_change_in_scores",214,"Egypt",0.139516483516501,0.291437530624148
"2012 - 2025","HAB","Habitat (subgoal)","average_yearly_change_in_scores",215,"Jordan",0.0274285714285663,0.108864301063032
"2012 - 2025","HAB","Habitat (subgoal)","average_yearly_change_in_scores",216,"Indonesia",0.913802197802213,0.00120420735087106
"2012 - 2025","HAB","Habitat (subgoal)","average_yearly_change_in_scores",218,"Canada",0.284901098901102,0.0188925588754238
"2012 - 2025","HAB","Habitat (subgoal)","average_yearly_change_in_scores",219,"Saint Pierre and Miquelon",1.10120879120883,0.000376789944775354
"2012 - 2025","HAB","Habitat (subgoal)","average_yearly_change_in_scores",220,"Sint Maarten",-0.0335384615384616,0.686511111398074
"2012 - 2025","HAB","Habitat (subgoal)","average_yearly_change_in_scores",221,"Northern Saint-Martin",0.134285714285717,0.098291670878128
"2012 - 2025","HAB","Habitat (subgoal)","average_yearly_change_in_scores",222,"Sweden",-0.192373626373641,0.00565386859379462
"2012 - 2025","HAB","Habitat (subgoal)","average_yearly_change_in_scores",223,"Norway",0.083648351648359,0.0734619095387872
"2012 - 2025","HAB","Habitat (subgoal)","average_yearly_change_in_scores",224,"Chile",0.0383296703296706,0.161188542283789
"2012 - 2025","HAB","Habitat (subgoal)","average_yearly_change_in_scores",227,"Jersey",0.0480439560439546,0.0571060431388622
"2012 - 2025","HAB","Habitat (subgoal)","average_yearly_change_in_scores",228,"Guernsey",-0.128549450549458,0.000348417783478026
"2012 - 2025","HAB","Habitat (subgoal)","average_yearly_change_in_scores",231,"East Timor",0.506153846153851,0.003966033034234
"2012 - 2025","HAB","Habitat (subgoal)","average_yearly_change_in_scores",237,"Oecussi Ambeno",0.978505494505494,0.0138361944286442
"2012 - 2025","HAB","Habitat (subgoal)","average_yearly_change_in_scores",244,"Curacao",-1.82207649318044e-15,0.108864301063032
"2012 - 2025","HAB","Habitat (subgoal)","average_yearly_change_in_scores",245,"Bonaire",-0.0547912087912282,0.907058711263055
"2012 - 2025","HAB","Habitat (subgoal)","average_yearly_change_in_scores",247,"Brunei",0.0458241758241796,0.0700051114208857
"2012 - 2025","HAB","Habitat (subgoal)","average_yearly_change_in_scores",248,"Saba",-0.285582417582422,0.0317530248277554
"2012 - 2025","HAB","Habitat (subgoal)","average_yearly_change_in_scores",249,"Sint Eustatius",-0.0502197802197837,0.530957882100042
"2012 - 2025","HAB","Habitat (subgoal)","average_yearly_change_in_scores",250,"Aruba",3.18758967192876e-15,0.108864301063032
"2012 - 2025","ICO","Iconic species (subgoal)","average_yearly_change_in_scores",0,"Global average",-0.335274725274756,0.00494619288672331
"2012 - 2025","ICO","Iconic species (subgoal)","average_yearly_change_in_scores",1,"Cocos Islands",-1.01050549450556,2.20346678896426e-05
"2012 - 2025","ICO","Iconic species (subgoal)","average_yearly_change_in_scores",2,"Christmas Island",-1.16329670329678,4.565767764965e-05
"2012 - 2025","ICO","Iconic species (subgoal)","average_yearly_change_in_scores",3,"Norfolk Island",-0.403582417582442,7.36028434855831e-05
"2012 - 2025","ICO","Iconic species (subgoal)","average_yearly_change_in_scores",4,"Macquarie Island",-0.516615384615418,0.000203089676556358
"2012 - 2025","ICO","Iconic species (subgoal)","average_yearly_change_in_scores",5,"New Caledonia",-0.486901098901138,0.00196693539657984
"2012 - 2025","ICO","Iconic species (subgoal)","average_yearly_change_in_scores",6,"Vanuatu",-0.918967032967088,4.68990466411313e-06
"2012 - 2025","ICO","Iconic species (subgoal)","average_yearly_change_in_scores",7,"Solomon Islands",-0.680395604395656,0.000667917445407187
"2012 - 2025","ICO","Iconic species (subgoal)","average_yearly_change_in_scores",8,"Palau",-0.79923076923083,0.000461200689348326
"2012 - 2025","ICO","Iconic species (subgoal)","average_yearly_change_in_scores",9,"Micronesia",-0.862945054945115,0.000100961738073319
"2012 - 2025","ICO","Iconic species (subgoal)","average_yearly_change_in_scores",10,"Nauru",-1.13283516483523,4.13022350645939e-06
"2012 - 2025","ICO","Iconic species (subgoal)","average_yearly_change_in_scores",11,"Marshall Islands",-0.951648351648419,0.000105399996336389
"2012 - 2025","ICO","Iconic species (subgoal)","average_yearly_change_in_scores",12,"Wake Island",-1.06969230769238,2.22768295587121e-05
"2012 - 2025","ICO","Iconic species (subgoal)","average_yearly_change_in_scores",13,"Northern Mariana Islands and Guam",-0.838373626373689,0.000508764274320965
"2012 - 2025","ICO","Iconic species (subgoal)","average_yearly_change_in_scores",14,"Taiwan",-0.694835164835215,0.000230032699863247
"2012 - 2025","ICO","Iconic species (subgoal)","average_yearly_change_in_scores",15,"Philippines",-0.539164835164876,0.001022151770477
"2012 - 2025","ICO","Iconic species (subgoal)","average_yearly_change_in_scores",16,"Australia",-0.0327032967033043,0.453036992661883
"2012 - 2025","ICO","Iconic species (subgoal)","average_yearly_change_in_scores",17,"Papua New Guinea",-0.687318681318733,0.000209991201710652
"2012 - 2025","ICO","Iconic species (subgoal)","average_yearly_change_in_scores",18,"Fiji",-0.490549450549492,0.00363135054293676
"2012 - 2025","ICO","Iconic species (subgoal)","average_yearly_change_in_scores",19,"Tuvalu",-0.901538461538525,0.000104895682740775
"2012 - 2025","ICO","Iconic species (subgoal)","average_yearly_change_in_scores",20,"South Korea",-0.00430769230770463,0.968862175652439
"2012 - 2025","ICO","Iconic species (subgoal)","average_yearly_change_in_scores",21,"North Korea",-0.130791208791231,0.253347535813347
"2012 - 2025","ICO","Iconic species (subgoal)","average_yearly_change_in_scores",24,"Cambodia",-0.7957582417583,9.95590398512846e-05
"2012 - 2025","ICO","Iconic species (subgoal)","average_yearly_change_in_scores",25,"Thailand",-0.764659340659395,7.47271249099036e-05
"2012 - 2025","ICO","Iconic species (subgoal)","average_yearly_change_in_scores",26,"Andaman and Nicobar",-0.703780219780268,9.6811654434945e-05
"2012 - 2025","ICO","Iconic species (subgoal)","average_yearly_change_in_scores",28,"Comoro Islands",-0.307846153846196,0.139156301525786
"2012 - 2025","ICO","Iconic species (subgoal)","average_yearly_change_in_scores",29,"Mayotte",-0.640043956044013,0.0063432415726423
"2012 - 2025","ICO","Iconic species (subgoal)","average_yearly_change_in_scores",30,"Glorioso Islands",0.633032967032979,5.52270064749284e-05
"2012 - 2025","ICO","Iconic species (subgoal)","average_yearly_change_in_scores",31,"Seychelles",-0.261340659340691,0.0684355513188544
"2012 - 2025","ICO","Iconic species (subgoal)","average_yearly_change_in_scores",32,"Réunion",-0.751978021978071,0.000244950734964356
"2012 - 2025","ICO","Iconic species (subgoal)","average_yearly_change_in_scores",33,"Juan de Nova Island",0.633032967032979,5.52270064749284e-05
"2012 - 2025","ICO","Iconic species (subgoal)","average_yearly_change_in_scores",34,"Bassas da India",0.633032967032979,5.52270064749284e-05
"2012 - 2025","ICO","Iconic species (subgoal)","average_yearly_change_in_scores",35,"Ile Europa",0.633032967032979,5.52270064749284e-05
"2012 - 2025","ICO","Iconic species (subgoal)","average_yearly_change_in_scores",36,"Ile Tromelin",0.633032967032979,5.52270064749284e-05
"2012 - 2025","ICO","Iconic species (subgoal)","average_yearly_change_in_scores",37,"Mauritius",0.0140219780219596,0.917653827378769
"2012 - 2025","ICO","Iconic species (subgoal)","average_yearly_change_in_scores",38,"British Indian Ocean Territory",-0.95657142857149,0.000144534560578089
"2012 - 2025","ICO","Iconic species (subgoal)","average_yearly_change_in_scores",39,"Maldives",-0.886681318681372,7.20185099992404e-06
"2012 - 2025","ICO","Iconic species (subgoal)","average_yearly_change_in_scores",40,"Sri Lanka",-0.435054945054987,0.014260093673168
"2012 - 2025","ICO","Iconic species (subgoal)","average_yearly_change_in_scores",41,"Mozambique",-0.37760439560443,0.012306364831229
"2012 - 2025","ICO","Iconic species (subgoal)","average_yearly_change_in_scores",42,"Madagascar",-0.410527472527512,0.0122172103291961
"2012 - 2025","ICO","Iconic species (subgoal)","average_yearly_change_in_scores",43,"Kenya",-0.457538461538502,0.00507415423806788
"2012 - 2025","ICO","Iconic species (subgoal)","average_yearly_change_in_scores",44,"Somalia",-0.628769230769271,0.000176810195329002
"2012 - 2025","ICO","Iconic species (subgoal)","average_yearly_change_in_scores",45,"Eritrea",-0.556593406593455,0.00374079644524242
"2012 - 2025","ICO","Iconic species (subgoal)","average_yearly_change_in_scores",46,"Djibouti",-0.563252747252786,0.00039976879376214
"2012 - 2025","ICO","Iconic species (subgoal)","average_yearly_change_in_scores",47,"Yemen",-0.741714285714327,1.03431679081126e-05
"2012 - 2025","ICO","Iconic species (subgoal)","average_yearly_change_in_scores",48,"Oman",-0.731802197802238,3.17072866943473e-05
"2012 - 2025","ICO","Iconic species (subgoal)","average_yearly_change_in_scores",49,"Sudan",-0.950593406593463,6.20231701513053e-06
"2012 - 2025","ICO","Iconic species (subgoal)","average_yearly_change_in_scores",50,"Saudi Arabia",-0.687318681318716,2.48714188418578e-05
"2012 - 2025","ICO","Iconic species (subgoal)","average_yearly_change_in_scores",51,"Kuwait",-0.241164835164846,0.0564934364938712
"2012 - 2025","ICO","Iconic species (subgoal)","average_yearly_change_in_scores",52,"Bahrain",-0.168483516483537,0.179320335825047
"2012 - 2025","ICO","Iconic species (subgoal)","average_yearly_change_in_scores",53,"Pakistan",-0.634043956043992,3.94538373012745e-05
"2012 - 2025","ICO","Iconic species (subgoal)","average_yearly_change_in_scores",54,"United Arab Emirates",-0.606659340659374,0.000178297522897077
"2012 - 2025","ICO","Iconic species (subgoal)","average_yearly_change_in_scores",55,"Azores",0.0458021978021855,0.651013988101226
"2012 - 2025","ICO","Iconic species (subgoal)","average_yearly_change_in_scores",56,"Cape Verde",-0.275846153846173,0.00276090673646737
"2012 - 2025","ICO","Iconic species (subgoal)","average_yearly_change_in_scores",57,"Madeira",0.0458021978021855,0.651013988101226
"2012 - 2025","ICO","Iconic species (subgoal)","average_yearly_change_in_scores",58,"Canary Islands",0.0458021978021855,0.651013988101226
"2012 - 2025","ICO","Iconic species (subgoal)","average_yearly_change_in_scores",59,"Belgium",0.00362637362636957,0.938866147499816
"2012 - 2025","ICO","Iconic species (subgoal)","average_yearly_change_in_scores",60,"Gibraltar",-0.1521098901099,0.00691562219029728
"2012 - 2025","ICO","Iconic species (subgoal)","average_yearly_change_in_scores",61,"Tunisia",-0.00505494505496776,0.975217300272347
"2012 - 2025","ICO","Iconic species (subgoal)","average_yearly_change_in_scores",62,"Morocco",-0.221912087912113,0.0495815848597745
"2012 - 2025","ICO","Iconic species (subgoal)","average_yearly_change_in_scores",63,"Western Sahara",-0.656967032967072,2.80869713108998e-06
"2012 - 2025","ICO","Iconic species (subgoal)","average_yearly_change_in_scores",64,"Mauritania",-0.406065934065971,0.00179467688153814
"2012 - 2025","ICO","Iconic species (subgoal)","average_yearly_change_in_scores",65,"Gambia",-0.440285714285752,0.00193166686855964
"2012 - 2025","ICO","Iconic species (subgoal)","average_yearly_change_in_scores",66,"Senegal",-0.26797802197805,0.0267123770343938
"2012 - 2025","ICO","Iconic species (subgoal)","average_yearly_change_in_scores",67,"Libya",0.109780219780205,0.401314219060886
"2012 - 2025","ICO","Iconic species (subgoal)","average_yearly_change_in_scores",68,"Malta",-0.00406593406593865,0.94995373149433
"2012 - 2025","ICO","Iconic species (subgoal)","average_yearly_change_in_scores",69,"Latvia",-0.048285714285721,0.255603910785434
"2012 - 2025","ICO","Iconic species (subgoal)","average_yearly_change_in_scores",70,"Estonia",-0.048285714285721,0.255603910785434
"2012 - 2025","ICO","Iconic species (subgoal)","average_yearly_change_in_scores",71,"Bulgaria",-2.63148192562387e-16,0.108864301063032
"2012 - 2025","ICO","Iconic species (subgoal)","average_yearly_change_in_scores",72,"Romania",-2.63148192562387e-16,0.108864301063032
"2012 - 2025","ICO","Iconic species (subgoal)","average_yearly_change_in_scores",73,"Russia",-0.0217802197802314,0.745964373125376
"2012 - 2025","ICO","Iconic species (subgoal)","average_yearly_change_in_scores",74,"Georgia",-0.314659340659258,0.347719282292185
"2012 - 2025","ICO","Iconic species (subgoal)","average_yearly_change_in_scores",75,"Ukraine",-2.63148192562387e-16,0.108864301063032
"2012 - 2025","ICO","Iconic species (subgoal)","average_yearly_change_in_scores",76,"Turkey",-0.0203076923076897,0.7967497612621
"2012 - 2025","ICO","Iconic species (subgoal)","average_yearly_change_in_scores",77,"Syria",0.468461538461552,0.00166715126486361
"2012 - 2025","ICO","Iconic species (subgoal)","average_yearly_change_in_scores",78,"Lebanon",0.419406593406603,0.00356317536790377
"2012 - 2025","ICO","Iconic species (subgoal)","average_yearly_change_in_scores",79,"Israel",-0.277230769230797,0.0426626907778149
"2012 - 2025","ICO","Iconic species (subgoal)","average_yearly_change_in_scores",80,"Greece",0.142197802197792,0.183296926635384
"2012 - 2025","ICO","Iconic species (subgoal)","average_yearly_change_in_scores",81,"Cyprus",0.177934065934064,0.15410531378108
"2012 - 2025","ICO","Iconic species (subgoal)","average_yearly_change_in_scores",82,"Albania",-0.0228571428571661,0.870120715386959
"2012 - 2025","ICO","Iconic species (subgoal)","average_yearly_change_in_scores",84,"Algeria",-0.235604395604416,0.0743522602473684
"2012 - 2025","ICO","Iconic species (subgoal)","average_yearly_change_in_scores",85,"Ascension",-0.300747252747284,0.020119868835969
"2012 - 2025","ICO","Iconic species (subgoal)","average_yearly_change_in_scores",86,"Saint Helena",-0.300747252747284,0.020119868835969
"2012 - 2025","ICO","Iconic species (subgoal)","average_yearly_change_in_scores",88,"Tristan da Cunha",-0.300747252747284,0.020119868835969
"2012 - 2025","ICO","Iconic species (subgoal)","average_yearly_change_in_scores",89,"South Georgia and the South Sandwich Islands",0.525802197802222,1.16900380285171e-05
"2012 - 2025","ICO","Iconic species (subgoal)","average_yearly_change_in_scores",90,"Prince Edward Islands",0.763384615384641,1.09077550940517e-06
"2012 - 2025","ICO","Iconic species (subgoal)","average_yearly_change_in_scores",91,"Crozet Islands",0.633032967032979,5.52270064749284e-05
"2012 - 2025","ICO","Iconic species (subgoal)","average_yearly_change_in_scores",92,"Amsterdam Island and Saint Paul Island",0.633032967032979,5.52270064749284e-05
"2012 - 2025","ICO","Iconic species (subgoal)","average_yearly_change_in_scores",93,"Kerguelen Islands",0.633032967032979,5.52270064749284e-05
"2012 - 2025","ICO","Iconic species (subgoal)","average_yearly_change_in_scores",94,"Heard and McDonald Islands",0.840527472527515,6.24653068802695e-06
"2012 - 2025","ICO","Iconic species (subgoal)","average_yearly_change_in_scores",95,"Falkland Islands",0.0182197802197784,0.686405061065701
"2012 - 2025","ICO","Iconic species (subgoal)","average_yearly_change_in_scores",96,"Sierra Leone",-0.253912087912117,0.0542283298654633
"2012 - 2025","ICO","Iconic species (subgoal)","average_yearly_change_in_scores",97,"Liberia",-0.523406593406639,0.00180580177571098
"2012 - 2025","ICO","Iconic species (subgoal)","average_yearly_change_in_scores",98,"Togo",-0.152703296703322,0.128327916403164
"2012 - 2025","ICO","Iconic species (subgoal)","average_yearly_change_in_scores",99,"Benin",-0.505516483516528,0.00124744709245029
"2012 - 2025","ICO","Iconic species (subgoal)","average_yearly_change_in_scores",100,"Republique du Congo",0.0643736263736154,0.410318249256423
"2012 - 2025","ICO","Iconic species (subgoal)","average_yearly_change_in_scores",101,"Namibia",-0.452395604395646,0.00366995225709589
"2012 - 2025","ICO","Iconic species (subgoal)","average_yearly_change_in_scores",102,"South Africa",-0.452395604395646,0.00366995225709589
"2012 - 2025","ICO","Iconic species (subgoal)","average_yearly_change_in_scores",103,"Sao Tome and Principe",-0.529406593406638,0.00165334833841506
"2012 - 2025","ICO","Iconic species (subgoal)","average_yearly_change_in_scores",104,"Equatorial Guinea",-0.505758241758284,0.00115901081171562
"2012 - 2025","ICO","Iconic species (subgoal)","average_yearly_change_in_scores",105,"Bouvet Island",1.33918681318688,1.57440095389853e-05
"2012 - 2025","ICO","Iconic species (subgoal)","average_yearly_change_in_scores",106,"Ghana",-0.503560439560481,0.00132835398597309
"2012 - 2025","ICO","Iconic species (subgoal)","average_yearly_change_in_scores",107,"Clipperton Island",-0.431032967033005,0.00293382748648074
"2012 - 2025","ICO","Iconic species (subgoal)","average_yearly_change_in_scores",108,"Bermuda",-0.260593406593436,0.059923536962175
"2012 - 2025","ICO","Iconic species (subgoal)","average_yearly_change_in_scores",110,"Bahamas",-0.450813186813229,0.00585822668659952
"2012 - 2025","ICO","Iconic species (subgoal)","average_yearly_change_in_scores",111,"Turks and Caicos Islands",-0.482527472527515,0.00513228873085054
"2012 - 2025","ICO","Iconic species (subgoal)","average_yearly_change_in_scores",112,"Cuba",-0.440593406593446,0.00434825096629646
"2012 - 2025","ICO","Iconic species (subgoal)","average_yearly_change_in_scores",113,"Cayman Islands",-0.651186813186855,5.90208787901872e-05
"2012 - 2025","ICO","Iconic species (subgoal)","average_yearly_change_in_scores",114,"Haiti",-0.566263736263786,0.00305613422786136
"2012 - 2025","ICO","Iconic species (subgoal)","average_yearly_change_in_scores",115,"Dominican Republic",-0.323956043956078,0.0335582641184096
"2012 - 2025","ICO","Iconic species (subgoal)","average_yearly_change_in_scores",116,"Puerto Rico and Virgin Islands of the United States",-0.41841758241762,0.00431230086422235
"2012 - 2025","ICO","Iconic species (subgoal)","average_yearly_change_in_scores",117,"British Virgin Islands",-0.456615384615427,0.00508828739925974
"2012 - 2025","ICO","Iconic species (subgoal)","average_yearly_change_in_scores",118,"Anguilla",-0.489142857142901,0.00438569008925403
"2012 - 2025","ICO","Iconic species (subgoal)","average_yearly_change_in_scores",119,"Saint Kitts and Nevis",-0.367516483516523,0.0157249329469228
"2012 - 2025","ICO","Iconic species (subgoal)","average_yearly_change_in_scores",120,"Antigua and Barbuda",-0.587714285714332,0.000331652514070716
"2012 - 2025","ICO","Iconic species (subgoal)","average_yearly_change_in_scores",121,"Montserrat",-0.398395604395644,0.013492896940532
"2012 - 2025","ICO","Iconic species (subgoal)","average_yearly_change_in_scores",122,"Saint Lucia",-0.398395604395644,0.013492896940532
"2012 - 2025","ICO","Iconic species (subgoal)","average_yearly_change_in_scores",123,"Dominica",-0.655208791208843,0.000335623183237386
"2012 - 2025","ICO","Iconic species (subgoal)","average_yearly_change_in_scores",124,"Barbados",-0.482945054945099,0.00475593342524624
"2012 - 2025","ICO","Iconic species (subgoal)","average_yearly_change_in_scores",125,"Grenada",-0.367516483516523,0.0157249329469228
"2012 - 2025","ICO","Iconic species (subgoal)","average_yearly_change_in_scores",126,"Trinidad and Tobago",-0.368549450549489,0.028255651575719
"2012 - 2025","ICO","Iconic species (subgoal)","average_yearly_change_in_scores",127,"Saint Vincent and the Grenadines",-0.398395604395644,0.013492896940532
"2012 - 2025","ICO","Iconic species (subgoal)","average_yearly_change_in_scores",129,"Panama",-0.500043956043999,0.00185400389390051
"2012 - 2025","ICO","Iconic species (subgoal)","average_yearly_change_in_scores",130,"Costa Rica",-0.574593406593454,0.001092579052564
"2012 - 2025","ICO","Iconic species (subgoal)","average_yearly_change_in_scores",131,"Nicaragua",-0.418263736263773,0.00394852835118784
"2012 - 2025","ICO","Iconic species (subgoal)","average_yearly_change_in_scores",132,"Colombia",-0.490549450549495,0.00390588801286141
"2012 - 2025","ICO","Iconic species (subgoal)","average_yearly_change_in_scores",133,"Honduras",-0.440747252747292,0.00396128586240941
"2012 - 2025","ICO","Iconic species (subgoal)","average_yearly_change_in_scores",134,"El Salvador",-0.433120879120915,0.00167093557715418
"2012 - 2025","ICO","Iconic species (subgoal)","average_yearly_change_in_scores",135,"Mexico",-0.177824175824198,0.0414333211280254
"2012 - 2025","ICO","Iconic species (subgoal)","average_yearly_change_in_scores",136,"Guatemala",-0.419164835164873,0.00565620938138198
"2012 - 2025","ICO","Iconic species (subgoal)","average_yearly_change_in_scores",137,"Ecuador",-0.341120879120913,0.0165864404536542
"2012 - 2025","ICO","Iconic species (subgoal)","average_yearly_change_in_scores",138,"Peru",-0.115384615384636,0.231613833841489
"2012 - 2025","ICO","Iconic species (subgoal)","average_yearly_change_in_scores",139,"Venezuela",-0.427890109890151,0.010207486136235
"2012 - 2025","ICO","Iconic species (subgoal)","average_yearly_change_in_scores",140,"Guadeloupe and Martinique",-0.440593406593446,0.00434825096629646
"2012 - 2025","ICO","Iconic species (subgoal)","average_yearly_change_in_scores",141,"Faeroe Islands",-0.19984615384617,0.016118241573869
"2012 - 2025","ICO","Iconic species (subgoal)","average_yearly_change_in_scores",143,"Iceland",-0.149978021978035,0.0235100276351778
"2012 - 2025","ICO","Iconic species (subgoal)","average_yearly_change_in_scores",144,"Jan Mayen",0.304615384615395,5.24552809042526e-05
"2012 - 2025","ICO","Iconic species (subgoal)","average_yearly_change_in_scores",145,"Greenland",0.0295824175824132,0.622253995159618
"2012 - 2025","ICO","Iconic species (subgoal)","average_yearly_change_in_scores",146,"Pitcairn",-0.739934065934109,1.96539487965578e-06
"2012 - 2025","ICO","Iconic species (subgoal)","average_yearly_change_in_scores",147,"French Polynesia",-0.754791208791267,0.000629680449725868
"2012 - 2025","ICO","Iconic species (subgoal)","average_yearly_change_in_scores",148,"Line Islands (Kiribati)",-0.978439560439625,4.73729959699436e-05
"2012 - 2025","ICO","Iconic species (subgoal)","average_yearly_change_in_scores",149,"Jarvis Island",-1.06969230769238,2.22768295587121e-05
"2012 - 2025","ICO","Iconic species (subgoal)","average_yearly_change_in_scores",150,"Palmyra Atoll",-1.06969230769238,2.22768295587121e-05
"2012 - 2025","ICO","Iconic species (subgoal)","average_yearly_change_in_scores",151,"American Samoa",-0.898241758241822,0.000115390163298582
"2012 - 2025","ICO","Iconic species (subgoal)","average_yearly_change_in_scores",152,"Samoa",-0.960703296703367,0.000110950233135038
"2012 - 2025","ICO","Iconic species (subgoal)","average_yearly_change_in_scores",153,"Cook Islands",-1.14808791208798,3.89413787520396e-06
"2012 - 2025","ICO","Iconic species (subgoal)","average_yearly_change_in_scores",154,"Niue",-1.02560439560446,3.11224971805261e-05
"2012 - 2025","ICO","Iconic species (subgoal)","average_yearly_change_in_scores",155,"Tonga",-0.71261538461544,0.00099851394552651
"2012 - 2025","ICO","Iconic species (subgoal)","average_yearly_change_in_scores",156,"Tokelau",-1.08942857142864,3.08943563597859e-05
"2012 - 2025","ICO","Iconic species (subgoal)","average_yearly_change_in_scores",157,"Phoenix Islands (Kiribati)",-0.978439560439625,4.73729959699436e-05
"2012 - 2025","ICO","Iconic species (subgoal)","average_yearly_change_in_scores",158,"Howland Island and Baker Island",-1.06969230769238,2.22768295587121e-05
"2012 - 2025","ICO","Iconic species (subgoal)","average_yearly_change_in_scores",159,"Johnston Atoll",-1.06969230769238,2.22768295587121e-05
"2012 - 2025","ICO","Iconic species (subgoal)","average_yearly_change_in_scores",161,"Wallis and Futuna",-1.0673626373627,3.42815771045801e-06
"2012 - 2025","ICO","Iconic species (subgoal)","average_yearly_change_in_scores",162,"New Zealand",0.0412087912087816,0.559305878095896
"2012 - 2025","ICO","Iconic species (subgoal)","average_yearly_change_in_scores",163,"United States",-0.102021978021994,0.213440087767408
"2012 - 2025","ICO","Iconic species (subgoal)","average_yearly_change_in_scores",164,"Belize",-0.456087912087952,0.0047086454935422
"2012 - 2025","ICO","Iconic species (subgoal)","average_yearly_change_in_scores",166,"Jamaica",-0.465362637362679,0.00399697941025936
"2012 - 2025","ICO","Iconic species (subgoal)","average_yearly_change_in_scores",167,"Guyana",-0.755582417582476,0.0002483231105556
"2012 - 2025","ICO","Iconic species (subgoal)","average_yearly_change_in_scores",168,"Suriname",-0.56213186813192,0.00337461188556755
"2012 - 2025","ICO","Iconic species (subgoal)","average_yearly_change_in_scores",169,"French Guiana",-0.52740659340664,0.00363585181155318
"2012 - 2025","ICO","Iconic species (subgoal)","average_yearly_change_in_scores",171,"Brazil",-0.253252747252776,0.0238381183168317
"2012 - 2025","ICO","Iconic species (subgoal)","average_yearly_change_in_scores",172,"Argentina",0.00569230769229083,0.954174644767572
"2012 - 2025","ICO","Iconic species (subgoal)","average_yearly_change_in_scores",173,"Uruguay",-0.14947252747255,0.134104956034863
"2012 - 2025","ICO","Iconic species (subgoal)","average_yearly_change_in_scores",174,"Finland",-0.0467032967033021,0.230997250278503
"2012 - 2025","ICO","Iconic species (subgoal)","average_yearly_change_in_scores",175,"Denmark",-0.0299560439560504,0.403193110433416
"2012 - 2025","ICO","Iconic species (subgoal)","average_yearly_change_in_scores",176,"Germany",-0.0304835164835225,0.420578050655753
"2012 - 2025","ICO","Iconic species (subgoal)","average_yearly_change_in_scores",177,"Netherlands",0.00254945054944675,0.951783661571471
"2012 - 2025","ICO","Iconic species (subgoal)","average_yearly_change_in_scores",178,"Poland",-0.048285714285721,0.255603910785434
"2012 - 2025","ICO","Iconic species (subgoal)","average_yearly_change_in_scores",179,"France",0.00224175824174496,0.980581549647717
"2012 - 2025","ICO","Iconic species (subgoal)","average_yearly_change_in_scores",180,"United Kingdom",-0.103384615384636,0.269234105930621
"2012 - 2025","ICO","Iconic species (subgoal)","average_yearly_change_in_scores",181,"Ireland",-0.126901098901122,0.257226758768816
"2012 - 2025","ICO","Iconic species (subgoal)","average_yearly_change_in_scores",182,"Spain",-0.0986593406593613,0.345552802380579
"2012 - 2025","ICO","Iconic species (subgoal)","average_yearly_change_in_scores",183,"Portugal",-0.0322637362637494,0.714285145464899
"2012 - 2025","ICO","Iconic species (subgoal)","average_yearly_change_in_scores",184,"Italy",0.134967032967023,0.181164395197132
"2012 - 2025","ICO","Iconic species (subgoal)","average_yearly_change_in_scores",185,"Monaco",0.012725274725275,0.75761757185566
"2012 - 2025","ICO","Iconic species (subgoal)","average_yearly_change_in_scores",186,"Montenegro",-0.0323516483516728,0.813936551828844
"2012 - 2025","ICO","Iconic species (subgoal)","average_yearly_change_in_scores",187,"Croatia",0.164285714285706,0.174384320625057
"2012 - 2025","ICO","Iconic species (subgoal)","average_yearly_change_in_scores",188,"Slovenia",0.429164835164838,0.00306734851727678
"2012 - 2025","ICO","Iconic species (subgoal)","average_yearly_change_in_scores",189,"Lithuania",-0.048285714285721,0.255603910785434
"2012 - 2025","ICO","Iconic species (subgoal)","average_yearly_change_in_scores",190,"Qatar",-0.708109890109928,0.000177804392417337
"2012 - 2025","ICO","Iconic species (subgoal)","average_yearly_change_in_scores",191,"Iran",-0.614417582417616,2.66874663781762e-05
"2012 - 2025","ICO","Iconic species (subgoal)","average_yearly_change_in_scores",192,"Iraq",-0.691076923076956,1.11170481763478e-06
"2012 - 2025","ICO","Iconic species (subgoal)","average_yearly_change_in_scores",193,"Guinea Bissau",-0.498395604395645,0.00134179383391489
"2012 - 2025","ICO","Iconic species (subgoal)","average_yearly_change_in_scores",194,"Guinea",-0.435230769230806,0.00232456495381695
"2012 - 2025","ICO","Iconic species (subgoal)","average_yearly_change_in_scores",195,"Ivory Coast",-0.426945054945094,0.00575698697592115
"2012 - 2025","ICO","Iconic species (subgoal)","average_yearly_change_in_scores",196,"Nigeria",-0.361956043956078,0.0054637487287988
"2012 - 2025","ICO","Iconic species (subgoal)","average_yearly_change_in_scores",197,"Cameroon",-0.463032967033007,0.0023830192317538
"2012 - 2025","ICO","Iconic species (subgoal)","average_yearly_change_in_scores",198,"Gabon",-0.280109890109918,0.0130294213066385
"2012 - 2025","ICO","Iconic species (subgoal)","average_yearly_change_in_scores",199,"Democratic Republic of the Congo",0.0712087912087709,0.586647630976912
"2012 - 2025","ICO","Iconic species (subgoal)","average_yearly_change_in_scores",200,"Angola",-0.093780219780238,0.349316808652883
"2012 - 2025","ICO","Iconic species (subgoal)","average_yearly_change_in_scores",202,"Tanzania",-0.527692307692354,0.00320734189944006
"2012 - 2025","ICO","Iconic species (subgoal)","average_yearly_change_in_scores",203,"India",-0.636703296703337,3.54033847057559e-05
"2012 - 2025","ICO","Iconic species (subgoal)","average_yearly_change_in_scores",204,"Bangladesh",-0.562769230769269,0.000488769772536522
"2012 - 2025","ICO","Iconic species (subgoal)","average_yearly_change_in_scores",205,"Myanmar",-0.616065934065985,0.00121802079988865
"2012 - 2025","ICO","Iconic species (subgoal)","average_yearly_change_in_scores",206,"Malaysia",-0.443648351648388,0.00204334856776694
"2012 - 2025","ICO","Iconic species (subgoal)","average_yearly_change_in_scores",207,"Vietnam",-0.667054945054988,2.74022024435399e-05
"2012 - 2025","ICO","Iconic species (subgoal)","average_yearly_change_in_scores",208,"Singapore",-0.891758241758295,9.69199399758577e-06
"2012 - 2025","ICO","Iconic species (subgoal)","average_yearly_change_in_scores",209,"China",-0.343186813186843,0.00854090282848917
"2012 - 2025","ICO","Iconic species (subgoal)","average_yearly_change_in_scores",210,"Japan",-0.404681318681355,0.00630300574987445
"2012 - 2025","ICO","Iconic species (subgoal)","average_yearly_change_in_scores",212,"Gilbert Islands (Kiribati)",-0.828241758241817,0.000143077868678883
"2012 - 2025","ICO","Iconic species (subgoal)","average_yearly_change_in_scores",214,"Egypt",-0.461670329670373,0.0106763873249051
"2012 - 2025","ICO","Iconic species (subgoal)","average_yearly_change_in_scores",215,"Jordan",-0.538967032967032,0.00207430153773682
"2012 - 2025","ICO","Iconic species (subgoal)","average_yearly_change_in_scores",216,"Indonesia",-0.505560439560479,0.000362573578617793
"2012 - 2025","ICO","Iconic species (subgoal)","average_yearly_change_in_scores",218,"Canada",-0.0107472527472634,0.871014860305219
"2012 - 2025","ICO","Iconic species (subgoal)","average_yearly_change_in_scores",219,"Saint Pierre and Miquelon",0.0284395604395583,0.545185879078171
"2012 - 2025","ICO","Iconic species (subgoal)","average_yearly_change_in_scores",220,"Sint Maarten",-0.538175824175868,0.000983682098194261
"2012 - 2025","ICO","Iconic species (subgoal)","average_yearly_change_in_scores",221,"Northern Saint-Martin",-0.538175824175868,0.000983682098194261
"2012 - 2025","ICO","Iconic species (subgoal)","average_yearly_change_in_scores",222,"Sweden",-0.033076923076928,0.397876160815776
"2012 - 2025","ICO","Iconic species (subgoal)","average_yearly_change_in_scores",223,"Norway",-0.260659340659359,0.00116126624519346
"2012 - 2025","ICO","Iconic species (subgoal)","average_yearly_change_in_scores",224,"Chile",-0.00191208791210192,0.982320811081343
"2012 - 2025","ICO","Iconic species (subgoal)","average_yearly_change_in_scores",227,"Jersey",-0.358373626373648,1.98455411974458e-05
"2012 - 2025","ICO","Iconic species (subgoal)","average_yearly_change_in_scores",228,"Guernsey",-0.358373626373648,1.98455411974458e-05
"2012 - 2025","ICO","Iconic species (subgoal)","average_yearly_change_in_scores",231,"East Timor",-0.91876923076929,6.12403175374531e-05
"2012 - 2025","ICO","Iconic species (subgoal)","average_yearly_change_in_scores",232,"Bosnia and Herzegovina",-0.0197142857143103,0.88528219772555
"2012 - 2025","ICO","Iconic species (subgoal)","average_yearly_change_in_scores",237,"Oecussi Ambeno",-0.91876923076929,6.12403175374531e-05
"2012 - 2025","ICO","Iconic species (subgoal)","average_yearly_change_in_scores",244,"Curacao",-0.51373626373631,0.0047838937416099
"2012 - 2025","ICO","Iconic species (subgoal)","average_yearly_change_in_scores",245,"Bonaire",-0.407362637362682,0.0327856060083341
"2012 - 2025","ICO","Iconic species (subgoal)","average_yearly_change_in_scores",247,"Brunei",-0.652593406593454,0.000146332397094903
"2012 - 2025","ICO","Iconic species (subgoal)","average_yearly_change_in_scores",248,"Saba",-0.407362637362682,0.0327856060083341
"2012 - 2025","ICO","Iconic species (subgoal)","average_yearly_change_in_scores",249,"Sint Eustatius",-0.407362637362682,0.0327856060083341
"2012 - 2025","ICO","Iconic species (subgoal)","average_yearly_change_in_scores",250,"Aruba",-0.552395604395653,0.00417900507946245
"2012 - 2025","Index","Index","average_yearly_change_in_scores",0,"Global average",-0.0929230769230916,0.471159736888947
"2012 - 2025","Index","Index","average_yearly_change_in_scores",1,"Cocos Islands",0.471076923076948,0.00843556582208158
"2012 - 2025","Index","Index","average_yearly_change_in_scores",2,"Christmas Island",0.37028571428573,0.000125498550568909
"2012 - 2025","Index","Index","average_yearly_change_in_scores",3,"Norfolk Island",1.3207472527473,6.44007494707962e-06
"2012 - 2025","Index","Index","average_yearly_change_in_scores",4,"Macquarie Island",0.0223516483516433,0.372671133983746
"2012 - 2025","Index","Index","average_yearly_change_in_scores",5,"New Caledonia",-0.589692307692364,0.0288837964595468
"2012 - 2025","Index","Index","average_yearly_change_in_scores",6,"Vanuatu",-1.46426373626383,0.000239193868346452
"2012 - 2025","Index","Index","average_yearly_change_in_scores",7,"Solomon Islands",-0.710549450549517,0.0136204602960797
"2012 - 2025","Index","Index","average_yearly_change_in_scores",8,"Palau",-0.866659340659386,0.0113747923179413
"2012 - 2025","Index","Index","average_yearly_change_in_scores",9,"Micronesia",-0.308989010989026,0.248207644004821
"2012 - 2025","Index","Index","average_yearly_change_in_scores",10,"Nauru",-0.0109230769230748,0.935345858097861
"2012 - 2025","Index","Index","average_yearly_change_in_scores",11,"Marshall Islands",-0.749846153846182,0.000261169919719291
"2012 - 2025","Index","Index","average_yearly_change_in_scores",12,"Wake Island",-0.141010989011,2.28004346560145e-05
"2012 - 2025","Index","Index","average_yearly_change_in_scores",13,"Northern Mariana Islands and Guam",-0.27465934065937,0.26549282478754
"2012 - 2025","Index","Index","average_yearly_change_in_scores",14,"Taiwan",0.176241758241765,9.12457557296505e-05
"2012 - 2025","Index","Index","average_yearly_change_in_scores",15,"Philippines",-0.294901098901135,0.179177315974223
"2012 - 2025","Index","Index","average_yearly_change_in_scores",16,"Australia",-0.433142857142874,0.00433096582771538
"2012 - 2025","Index","Index","average_yearly_change_in_scores",17,"Papua New Guinea",-0.815912087912165,0.0184611636305257
"2012 - 2025","Index","Index","average_yearly_change_in_scores",18,"Fiji",-0.398307692307728,0.0488945418089586
"2012 - 2025","Index","Index","average_yearly_change_in_scores",19,"Tuvalu",-0.0234945054945155,0.950219087858634
"2012 - 2025","Index","Index","average_yearly_change_in_scores",20,"South Korea",-0.453230769230797,0.0806722881287701
"2012 - 2025","Index","Index","average_yearly_change_in_scores",21,"North Korea",0.615846153846183,9.21589852918698e-08
"2012 - 2025","Index","Index","average_yearly_change_in_scores",24,"Cambodia",0.380879120879107,0.166731344320916
"2012 - 2025","Index","Index","average_yearly_change_in_scores",25,"Thailand",0.325318681318663,0.275469977595484
"2012 - 2025","Index","Index","average_yearly_change_in_scores",26,"Andaman and Nicobar",0.123142857142856,0.0509384893138607
"2012 - 2025","Index","Index","average_yearly_change_in_scores",28,"Comoro Islands",0.226967032967008,0.271626181494454
"2012 - 2025","Index","Index","average_yearly_change_in_scores",29,"Mayotte",0.428505494505503,0.00853298797092078
"2012 - 2025","Index","Index","average_yearly_change_in_scores",30,"Glorioso Islands",1.07672527472534,7.13793936118704e-05
"2012 - 2025","Index","Index","average_yearly_change_in_scores",31,"Seychelles",0.414747252747252,0.0879824793411962
"2012 - 2025","Index","Index","average_yearly_change_in_scores",32,"Réunion",0.11646153846152,0.427471419013094
"2012 - 2025","Index","Index","average_yearly_change_in_scores",33,"Juan de Nova Island",-0.0238901098901214,0.759269960015145
"2012 - 2025","Index","Index","average_yearly_change_in_scores",34,"Bassas da India",0.0109450549450468,0.816412014498397
"2012 - 2025","Index","Index","average_yearly_change_in_scores",35,"Ile Europa",-0.0789450549450604,0.0685608068255225
"2012 - 2025","Index","Index","average_yearly_change_in_scores",36,"Ile Tromelin",-0.0643076923076984,0.00302918757170058
"2012 - 2025","Index","Index","average_yearly_change_in_scores",37,"Mauritius",-0.322153846153883,0.173283685207306
"2012 - 2025","Index","Index","average_yearly_change_in_scores",38,"British Indian Ocean Territory",-0.111450549450556,4.53648571375061e-06
"2012 - 2025","Index","Index","average_yearly_change_in_scores",39,"Maldives",-0.123714285714325,0.604815426772485
"2012 - 2025","Index","Index","average_yearly_change_in_scores",40,"Sri Lanka",-0.167956043956083,0.481809792401094
"2012 - 2025","Index","Index","average_yearly_change_in_scores",41,"Mozambique",-0.0470769230769607,0.83446547806778
"2012 - 2025","Index","Index","average_yearly_change_in_scores",42,"Madagascar",0.035076923076884,0.906571884146842
"2012 - 2025","Index","Index","average_yearly_change_in_scores",43,"Kenya",-0.0485054945055178,0.825177772016226
"2012 - 2025","Index","Index","average_yearly_change_in_scores",44,"Somalia",-0.0210989010989095,0.438457135865686
"2012 - 2025","Index","Index","average_yearly_change_in_scores",45,"Eritrea",-0.0690769230769315,0.0021850424426096
"2012 - 2025","Index","Index","average_yearly_change_in_scores",46,"Djibouti",0.600000000000008,0.0081300934269403
"2012 - 2025","Index","Index","average_yearly_change_in_scores",47,"Yemen",-0.982791208791271,2.86302593713268e-05
"2012 - 2025","Index","Index","average_yearly_change_in_scores",48,"Oman",0.392813186813222,0.105158114806396
"2012 - 2025","Index","Index","average_yearly_change_in_scores",49,"Sudan",0.696175824175837,0.00534370873500319
"2012 - 2025","Index","Index","average_yearly_change_in_scores",50,"Saudi Arabia",-0.0247912087912081,0.914087507158003
"2012 - 2025","Index","Index","average_yearly_change_in_scores",51,"Kuwait",-0.0693846153845964,0.643983033093552
"2012 - 2025","Index","Index","average_yearly_change_in_scores",52,"Bahrain",-0.113208791208842,0.691012003977865
"2012 - 2025","Index","Index","average_yearly_change_in_scores",53,"Pakistan",0.952747252747293,3.93650068268923e-05
"2012 - 2025","Index","Index","average_yearly_change_in_scores",54,"United Arab Emirates",0.714835164835202,0.000191311832024381
"2012 - 2025","Index","Index","average_yearly_change_in_scores",55,"Azores",0.0473406593406663,0.367530177114772
"2012 - 2025","Index","Index","average_yearly_change_in_scores",56,"Cape Verde",0.466043956043963,0.0664112017199253
"2012 - 2025","Index","Index","average_yearly_change_in_scores",57,"Madeira",0.207230769230782,0.00185695585312885
"2012 - 2025","Index","Index","average_yearly_change_in_scores",58,"Canary Islands",0.104725274725283,0.020978072735709
"2012 - 2025","Index","Index","average_yearly_change_in_scores",59,"Belgium",-0.114659340659352,0.487072059739617
"2012 - 2025","Index","Index","average_yearly_change_in_scores",60,"Gibraltar",0.093868131868141,0.0303391165567165
"2012 - 2025","Index","Index","average_yearly_change_in_scores",61,"Tunisia",0.0662417582417751,0.779433401264121
"2012 - 2025","Index","Index","average_yearly_change_in_scores",62,"Morocco",-0.098000000000014,0.486904692131451
"2012 - 2025","Index","Index","average_yearly_change_in_scores",63,"Western Sahara",-0.353274725274743,2.52307444230118e-08
"2012 - 2025","Index","Index","average_yearly_change_in_scores",64,"Mauritania",0.122901098901105,0.381495836388543
"2012 - 2025","Index","Index","average_yearly_change_in_scores",65,"Gambia",0.654000000000037,0.00162743371098386
"2012 - 2025","Index","Index","average_yearly_change_in_scores",66,"Senegal",0.183648351648364,0.25636997888173
"2012 - 2025","Index","Index","average_yearly_change_in_scores",67,"Libya",-1.09329670329678,0.000339468595596671
"2012 - 2025","Index","Index","average_yearly_change_in_scores",68,"Malta",-0.175186813186842,0.481380703593297
"2012 - 2025","Index","Index","average_yearly_change_in_scores",69,"Latvia",-0.32745054945058,0.161918435239247
"2012 - 2025","Index","Index","average_yearly_change_in_scores",70,"Estonia",-0.378065934065961,0.0398407855969955
"2012 - 2025","Index","Index","average_yearly_change_in_scores",71,"Bulgaria",1.29213186813192,3.12405464843388e-06
"2012 - 2025","Index","Index","average_yearly_change_in_scores",72,"Romania",0.240109890109919,0.257776161139979
"2012 - 2025","Index","Index","average_yearly_change_in_scores",73,"Russia",0.471274725274732,0.054769844592443
"2012 - 2025","Index","Index","average_yearly_change_in_scores",74,"Georgia",0.959406593406627,0.00186035502485848
"2012 - 2025","Index","Index","average_yearly_change_in_scores",75,"Ukraine",-0.995714285714343,0.000966064745119431
"2012 - 2025","Index","Index","average_yearly_change_in_scores",76,"Turkey",0.0808351648351598,0.512171844583868
"2012 - 2025","Index","Index","average_yearly_change_in_scores",77,"Syria",-0.01604395604394,0.949578339222304
"2012 - 2025","Index","Index","average_yearly_change_in_scores",78,"Lebanon",0.0100879120878913,0.974688094025622
"2012 - 2025","Index","Index","average_yearly_change_in_scores",79,"Israel",-0.456175824175862,0.133499149792817
"2012 - 2025","Index","Index","average_yearly_change_in_scores",80,"Greece",0.278417582417593,0.120254891935763
"2012 - 2025","Index","Index","average_yearly_change_in_scores",81,"Cyprus",0.567538461538476,0.0247812990606066
"2012 - 2025","Index","Index","average_yearly_change_in_scores",82,"Albania",1.13736263736266,1.83568274760983e-05
"2012 - 2025","Index","Index","average_yearly_change_in_scores",84,"Algeria",-0.239120879120902,0.0547338824600495
"2012 - 2025","Index","Index","average_yearly_change_in_scores",85,"Ascension",0.692857142857179,0.000137244229978216
"2012 - 2025","Index","Index","average_yearly_change_in_scores",86,"Saint Helena",0.142439560439558,0.0566609236626984
"2012 - 2025","Index","Index","average_yearly_change_in_scores",88,"Tristan da Cunha",-0.105802197802207,0.0176827634223984
"2012 - 2025","Index","Index","average_yearly_change_in_scores",89,"South Georgia and the South Sandwich Islands",0.197164835164827,0.0823891308533728
"2012 - 2025","Index","Index","average_yearly_change_in_scores",90,"Prince Edward Islands",0.142131868131851,0.0871824554407321
"2012 - 2025","Index","Index","average_yearly_change_in_scores",91,"Crozet Islands",-0.0814505494505602,0.135873665590036
"2012 - 2025","Index","Index","average_yearly_change_in_scores",92,"Amsterdam Island and Saint Paul Island",0.171670329670333,0.000413768694008415
"2012 - 2025","Index","Index","average_yearly_change_in_scores",93,"Kerguelen Islands",0.142109890109895,0.00159346229996196
"2012 - 2025","Index","Index","average_yearly_change_in_scores",94,"Heard and McDonald Islands",0.00232967032966834,0.95988360670179
"2012 - 2025","Index","Index","average_yearly_change_in_scores",95,"Falkland Islands",0.200703296703305,0.00625214516345329
"2012 - 2025","Index","Index","average_yearly_change_in_scores",96,"Sierra Leone",0.188571428571434,0.340644301921118
"2012 - 2025","Index","Index","average_yearly_change_in_scores",97,"Liberia",-0.172769230769245,0.0247283331207268
"2012 - 2025","Index","Index","average_yearly_change_in_scores",98,"Togo",-0.0385054945054884,0.869143459030504
"2012 - 2025","Index","Index","average_yearly_change_in_scores",99,"Benin",0.887230769230816,0.00124502305430899
"2012 - 2025","Index","Index","average_yearly_change_in_scores",100,"Republique du Congo",0.0183736263736038,0.954188686169273
"2012 - 2025","Index","Index","average_yearly_change_in_scores",101,"Namibia",0.357604395604409,0.0312904596155565
"2012 - 2025","Index","Index","average_yearly_change_in_scores",102,"South Africa",-0.0468131868131942,0.766888293030974
"2012 - 2025","Index","Index","average_yearly_change_in_scores",103,"Sao Tome and Principe",0.401560439560442,0.174997675675253
"2012 - 2025","Index","Index","average_yearly_change_in_scores",104,"Equatorial Guinea",-0.0463736263736327,0.35797508330079
"2012 - 2025","Index","Index","average_yearly_change_in_scores",105,"Bouvet Island",-0.253318681318701,0.105044415443651
"2012 - 2025","Index","Index","average_yearly_change_in_scores",106,"Ghana",0.0553846153846203,0.772585617030867
"2012 - 2025","Index","Index","average_yearly_change_in_scores",107,"Clipperton Island",0.538505494505497,0.0555255327696934
"2012 - 2025","Index","Index","average_yearly_change_in_scores",108,"Bermuda",-0.894065934065992,0.0105064087855095
"2012 - 2025","Index","Index","average_yearly_change_in_scores",110,"Bahamas",0.133582417582418,0.383494588105046
"2012 - 2025","Index","Index","average_yearly_change_in_scores",111,"Turks and Caicos Islands",0.0992527472527443,0.638297740292219
"2012 - 2025","Index","Index","average_yearly_change_in_scores",112,"Cuba",-0.246329670329697,0.365416419821002
"2012 - 2025","Index","Index","average_yearly_change_in_scores",113,"Cayman Islands",-0.20648351648355,0.397396000142822
"2012 - 2025","Index","Index","average_yearly_change_in_scores",114,"Haiti",-0.0208571428571836,0.956164979674994
"2012 - 2025","Index","Index","average_yearly_change_in_scores",115,"Dominican Republic",-0.268373626373653,0.110802966236824
"2012 - 2025","Index","Index","average_yearly_change_in_scores",116,"Puerto Rico and Virgin Islands of the United States",-0.227780219780251,0.198870975732187
"2012 - 2025","Index","Index","average_yearly_change_in_scores",117,"British Virgin Islands",-0.688373626373686,0.00645829911517811
"2012 - 2025","Index","Index","average_yearly_change_in_scores",118,"Anguilla",0.0190109890109895,0.757306558309227
"2012 - 2025","Index","Index","average_yearly_change_in_scores",119,"Saint Kitts and Nevis",-0.00432967032970551,0.988019662854315
"2012 - 2025","Index","Index","average_yearly_change_in_scores",120,"Antigua and Barbuda",-0.218131868131894,0.162609215257826
"2012 - 2025","Index","Index","average_yearly_change_in_scores",121,"Montserrat",-0.109142857142873,0.251531883456854
"2012 - 2025","Index","Index","average_yearly_change_in_scores",122,"Saint Lucia",0.616439560439588,0.000751314458426664
"2012 - 2025","Index","Index","average_yearly_change_in_scores",123,"Dominica",-0.684989010989056,0.00209221910018422
"2012 - 2025","Index","Index","average_yearly_change_in_scores",124,"Barbados",-0.458483516483551,0.186413500294496
"2012 - 2025","Index","Index","average_yearly_change_in_scores",125,"Grenada",0.343538461538464,0.195098463991976
"2012 - 2025","Index","Index","average_yearly_change_in_scores",126,"Trinidad and Tobago",-0.723978021978056,4.75364962341876e-05
"2012 - 2025","Index","Index","average_yearly_change_in_scores",127,"Saint Vincent and the Grenadines",-0.216637362637386,0.229808874336057
"2012 - 2025","Index","Index","average_yearly_change_in_scores",129,"Panama",-0.272065934065949,0.109954058469345
"2012 - 2025","Index","Index","average_yearly_change_in_scores",130,"Costa Rica",0.0163516483516144,0.944857493472858
"2012 - 2025","Index","Index","average_yearly_change_in_scores",131,"Nicaragua",0.703978021978052,0.0104875803180002
"2012 - 2025","Index","Index","average_yearly_change_in_scores",132,"Colombia",0.759934065934112,0.000230367560647572
"2012 - 2025","Index","Index","average_yearly_change_in_scores",133,"Honduras",-0.569736263736305,0.00259774942473608
"2012 - 2025","Index","Index","average_yearly_change_in_scores",134,"El Salvador",0.353934065934072,0.0591471156262915
"2012 - 2025","Index","Index","average_yearly_change_in_scores",135,"Mexico",0.230989010989011,0.129881315749056
"2012 - 2025","Index","Index","average_yearly_change_in_scores",136,"Guatemala",0.209362637362641,0.20816431750581
"2012 - 2025","Index","Index","average_yearly_change_in_scores",137,"Ecuador",0.784967032967089,2.31566913630802e-05
"2012 - 2025","Index","Index","average_yearly_change_in_scores",138,"Peru",-0.294945054945085,0.261840853940026
"2012 - 2025","Index","Index","average_yearly_change_in_scores",139,"Venezuela",0.353120879120886,0.151034654621976
"2012 - 2025","Index","Index","average_yearly_change_in_scores",140,"Guadeloupe and Martinique",-0.0600659340659506,0.6272891268184
"2012 - 2025","Index","Index","average_yearly_change_in_scores",141,"Faeroe Islands",-0.0203076923076947,0.180772774911564
"2012 - 2025","Index","Index","average_yearly_change_in_scores",143,"Iceland",0.176637362637351,0.422416288044509
"2012 - 2025","Index","Index","average_yearly_change_in_scores",144,"Jan Mayen",0.189780219780227,8.25920452552974e-07
"2012 - 2025","Index","Index","average_yearly_change_in_scores",145,"Greenland",0.0603736263736323,0.138412608368818
"2012 - 2025","Index","Index","average_yearly_change_in_scores",146,"Pitcairn",0.754241758241785,0.00746290696898165
"2012 - 2025","Index","Index","average_yearly_change_in_scores",147,"French Polynesia",0.421670329670333,0.134253732184205
"2012 - 2025","Index","Index","average_yearly_change_in_scores",148,"Line Islands (Kiribati)",-0.490087912087936,0.0014117789914069
"2012 - 2025","Index","Index","average_yearly_change_in_scores",149,"Jarvis Island",-0.0606153846153968,0.262634858138842
"2012 - 2025","Index","Index","average_yearly_change_in_scores",150,"Palmyra Atoll",-0.131098901098917,0.0540056375195118
"2012 - 2025","Index","Index","average_yearly_change_in_scores",151,"American Samoa",-0.945978021978078,0.00063683791764658
"2012 - 2025","Index","Index","average_yearly_change_in_scores",152,"Samoa",-0.438263736263768,0.110699341135363
"2012 - 2025","Index","Index","average_yearly_change_in_scores",153,"Cook Islands",0.225076923076934,0.00922402811303268
"2012 - 2025","Index","Index","average_yearly_change_in_scores",154,"Niue",-0.119142857142855,0.0063550439530284
"2012 - 2025","Index","Index","average_yearly_change_in_scores",155,"Tonga",0.193230769230757,0.388432693089601
"2012 - 2025","Index","Index","average_yearly_change_in_scores",156,"Tokelau",-0.0500439560439641,0.201809385189207
"2012 - 2025","Index","Index","average_yearly_change_in_scores",157,"Phoenix Islands (Kiribati)",-0.0899560439560544,0.00764762917428093
"2012 - 2025","Index","Index","average_yearly_change_in_scores",158,"Howland Island and Baker Island",0.00065934065932504,0.991763034855899
"2012 - 2025","Index","Index","average_yearly_change_in_scores",159,"Johnston Atoll",-0.014747252747259,0.814882779421902
"2012 - 2025","Index","Index","average_yearly_change_in_scores",161,"Wallis and Futuna",0.273318681318696,0.0693929915585692
"2012 - 2025","Index","Index","average_yearly_change_in_scores",162,"New Zealand",-0.335252747252769,0.0836635398542901
"2012 - 2025","Index","Index","average_yearly_change_in_scores",163,"United States",-0.569450549450601,0.00389784719226693
"2012 - 2025","Index","Index","average_yearly_change_in_scores",164,"Belize",0.594087912087915,0.0134491975275814
"2012 - 2025","Index","Index","average_yearly_change_in_scores",166,"Jamaica",0.46527472527475,0.0428217086837143
"2012 - 2025","Index","Index","average_yearly_change_in_scores",167,"Guyana",0.404571428571452,0.0627791589985535
"2012 - 2025","Index","Index","average_yearly_change_in_scores",168,"Suriname",-0.473978021978083,0.0919622279172192
"2012 - 2025","Index","Index","average_yearly_change_in_scores",169,"French Guiana",0.0818461538461547,0.000136527240966685
"2012 - 2025","Index","Index","average_yearly_change_in_scores",171,"Brazil",-0.248307692307732,0.260904099594221
"2012 - 2025","Index","Index","average_yearly_change_in_scores",172,"Argentina",-0.0720439560439884,0.721125319055248
"2012 - 2025","Index","Index","average_yearly_change_in_scores",173,"Uruguay",-0.145318681318709,0.423179652819425
"2012 - 2025","Index","Index","average_yearly_change_in_scores",174,"Finland",-0.903384615384671,0.000107523869726857
"2012 - 2025","Index","Index","average_yearly_change_in_scores",175,"Denmark",0.0623516483516474,0.673749451309777
"2012 - 2025","Index","Index","average_yearly_change_in_scores",176,"Germany",-0.0916263736263992,0.62044690125343
"2012 - 2025","Index","Index","average_yearly_change_in_scores",177,"Netherlands",0.109406593406579,0.539165919226697
"2012 - 2025","Index","Index","average_yearly_change_in_scores",178,"Poland",0.051736263736257,0.776861018200905
"2012 - 2025","Index","Index","average_yearly_change_in_scores",179,"France",0.25024175824178,0.0505646530610853
"2012 - 2025","Index","Index","average_yearly_change_in_scores",180,"United Kingdom",-0.410439560439593,0.0304665559431301
"2012 - 2025","Index","Index","average_yearly_change_in_scores",181,"Ireland",0.268681318681315,0.276647880518748
"2012 - 2025","Index","Index","average_yearly_change_in_scores",182,"Spain",-0.214241758241786,0.252204286074902
"2012 - 2025","Index","Index","average_yearly_change_in_scores",183,"Portugal",0.226065934065936,0.439881026538869
"2012 - 2025","Index","Index","average_yearly_change_in_scores",184,"Italy",0.247230769230763,0.175499743855526
"2012 - 2025","Index","Index","average_yearly_change_in_scores",185,"Monaco",-0.349340659340678,0.00554029638835814
"2012 - 2025","Index","Index","average_yearly_change_in_scores",186,"Montenegro",0.0207252747252532,0.94746991369182
"2012 - 2025","Index","Index","average_yearly_change_in_scores",187,"Croatia",0.052703296703284,0.763782000830565
"2012 - 2025","Index","Index","average_yearly_change_in_scores",188,"Slovenia",-0.296527472527503,0.129871625402985
"2012 - 2025","Index","Index","average_yearly_change_in_scores",189,"Lithuania",-0.604241758241809,0.00914210206247459
"2012 - 2025","Index","Index","average_yearly_change_in_scores",190,"Qatar",0.0809670329669744,0.793755659780656
"2012 - 2025","Index","Index","average_yearly_change_in_scores",191,"Iran",-0.101956043956054,0.196327355744763
"2012 - 2025","Index","Index","average_yearly_change_in_scores",192,"Iraq",0.0105274725274636,0.96738959166431
"2012 - 2025","Index","Index","average_yearly_change_in_scores",193,"Guinea Bissau",-0.0551868131868343,0.725579891985736
"2012 - 2025","Index","Index","average_yearly_change_in_scores",194,"Guinea",0.446703296703308,0.0560299016483179
"2012 - 2025","Index","Index","average_yearly_change_in_scores",195,"Ivory Coast",0.4076043956044,0.0169924251329467
"2012 - 2025","Index","Index","average_yearly_change_in_scores",196,"Nigeria",0.347714285714306,0.0275884656099256
"2012 - 2025","Index","Index","average_yearly_change_in_scores",197,"Cameroon",0.310285714285712,0.112911631410444
"2012 - 2025","Index","Index","average_yearly_change_in_scores",198,"Gabon",0.32758241758244,0.0633160961982359
"2012 - 2025","Index","Index","average_yearly_change_in_scores",199,"Democratic Republic of the Congo",-0.040571428571444,0.807963089655786
"2012 - 2025","Index","Index","average_yearly_change_in_scores",200,"Angola",-0.201186813186838,0.348128135166449
"2012 - 2025","Index","Index","average_yearly_change_in_scores",202,"Tanzania",-0.161010989011026,0.479318338224994
"2012 - 2025","Index","Index","average_yearly_change_in_scores",203,"India",0.281868131868118,0.160167686116016
"2012 - 2025","Index","Index","average_yearly_change_in_scores",204,"Bangladesh",0.782307692307736,1.3828311119025e-07
"2012 - 2025","Index","Index","average_yearly_change_in_scores",205,"Myanmar",-0.260571428571486,0.562484871555761
"2012 - 2025","Index","Index","average_yearly_change_in_scores",206,"Malaysia",-0.942681318681402,0.00515677480954613
"2012 - 2025","Index","Index","average_yearly_change_in_scores",207,"Vietnam",-0.26303296703301,0.235072942191733
"2012 - 2025","Index","Index","average_yearly_change_in_scores",208,"Singapore",-0.376131868131933,0.19037471678919
"2012 - 2025","Index","Index","average_yearly_change_in_scores",209,"China",-0.167516483516519,0.459110845523817
"2012 - 2025","Index","Index","average_yearly_change_in_scores",210,"Japan",0.406417582417593,0.0114882418408187
"2012 - 2025","Index","Index","average_yearly_change_in_scores",212,"Gilbert Islands (Kiribati)",-0.561054945054989,0.0335557383312669
"2012 - 2025","Index","Index","average_yearly_change_in_scores",214,"Egypt",-0.102505494505482,0.707468287257148
"2012 - 2025","Index","Index","average_yearly_change_in_scores",215,"Jordan",-0.387054945054961,0.11188078422637
"2012 - 2025","Index","Index","average_yearly_change_in_scores",216,"Indonesia",-0.136307692307739,0.710575227269516
"2012 - 2025","Index","Index","average_yearly_change_in_scores",218,"Canada",-0.5977362637363,0.00605178168497686
"2012 - 2025","Index","Index","average_yearly_change_in_scores",219,"Saint Pierre and Miquelon",0.356835164835175,2.83494809936717e-06
"2012 - 2025","Index","Index","average_yearly_change_in_scores",220,"Sint Maarten",-0.736065934065979,0.00809411224241994
"2012 - 2025","Index","Index","average_yearly_change_in_scores",221,"Northern Saint-Martin",0.0131208791208754,0.807463560133882
"2012 - 2025","Index","Index","average_yearly_change_in_scores",222,"Sweden",-0.567186813186865,0.0064311030959985
"2012 - 2025","Index","Index","average_yearly_change_in_scores",223,"Norway",-0.0303516483516567,0.872467066242554
"2012 - 2025","Index","Index","average_yearly_change_in_scores",224,"Chile",0.154175824175816,0.614994915830009
"2012 - 2025","Index","Index","average_yearly_change_in_scores",227,"Jersey",0.0615384615384607,0.0001501706270773
"2012 - 2025","Index","Index","average_yearly_change_in_scores",228,"Guernsey",0.0296923076923028,0.399237687461802
"2012 - 2025","Index","Index","average_yearly_change_in_scores",231,"East Timor",-0.287802197802233,0.227227292103297
"2012 - 2025","Index","Index","average_yearly_change_in_scores",232,"Bosnia and Herzegovina",1.20391208791213,0.00179619533865295
"2012 - 2025","Index","Index","average_yearly_change_in_scores",237,"Oecussi Ambeno",0.344043956043962,0.00198931054156317
"2012 - 2025","Index","Index","average_yearly_change_in_scores",244,"Curacao",-0.444219780219814,0.0797976433923217
"2012 - 2025","Index","Index","average_yearly_change_in_scores",245,"Bonaire",0.097604395604388,0.498409376415962
"2012 - 2025","Index","Index","average_yearly_change_in_scores",247,"Brunei",-0.269824175824201,0.221515605956992
"2012 - 2025","Index","Index","average_yearly_change_in_scores",248,"Saba",-0.0514505494505565,0.45892892795925
"2012 - 2025","Index","Index","average_yearly_change_in_scores",249,"Sint Eustatius",0.0341978021977925,0.730968875672152
"2012 - 2025","Index","Index","average_yearly_change_in_scores",250,"Aruba",0.100461538461523,0.679319826349423
"2012 - 2025","LE","Livelihoods & economies","average_yearly_change_in_scores",0,"Global average",0.0594505494505214,0.700503176763325
"2012 - 2025","LE","Livelihoods & economies","average_yearly_change_in_scores",6,"Vanuatu",-3.81630769230795,0.00476102973608707
"2012 - 2025","LE","Livelihoods & economies","average_yearly_change_in_scores",7,"Solomon Islands",-3.06098901098918,0.000440340356047637
"2012 - 2025","LE","Livelihoods & economies","average_yearly_change_in_scores",14,"Taiwan",0.962285714285749,0.00131355894209238
"2012 - 2025","LE","Livelihoods & economies","average_yearly_change_in_scores",15,"Philippines",-1.72404395604406,0.000595046004792906
"2012 - 2025","LE","Livelihoods & economies","average_yearly_change_in_scores",16,"Australia",-1.72037362637369,0.041866323801276
"2012 - 2025","LE","Livelihoods & economies","average_yearly_change_in_scores",17,"Papua New Guinea",-2.09479120879132,9.72917062140764e-06
"2012 - 2025","LE","Livelihoods & economies","average_yearly_change_in_scores",18,"Fiji",-0.259120879120907,0.496402437204296
"2012 - 2025","LE","Livelihoods & economies","average_yearly_change_in_scores",20,"South Korea",-2.22483516483527,0.00179338275458017
"2012 - 2025","LE","Livelihoods & economies","average_yearly_change_in_scores",24,"Cambodia",2.93942857142863,0.000128962366330414
"2012 - 2025","LE","Livelihoods & economies","average_yearly_change_in_scores",25,"Thailand",2.48180219780232,7.41766739734708e-05
"2012 - 2025","LE","Livelihoods & economies","average_yearly_change_in_scores",28,"Comoro Islands",0.091538461538377,0.9063093686507
"2012 - 2025","LE","Livelihoods & economies","average_yearly_change_in_scores",31,"Seychelles",0.0835604395603754,0.943756463821153
"2012 - 2025","LE","Livelihoods & economies","average_yearly_change_in_scores",32,"Réunion",1.0412307692307,0.187705490183704
"2012 - 2025","LE","Livelihoods & economies","average_yearly_change_in_scores",37,"Mauritius",-1.45250549450565,0.089981418437445
"2012 - 2025","LE","Livelihoods & economies","average_yearly_change_in_scores",39,"Maldives",-3.57006593406613,3.50787632432007e-07
"2012 - 2025","LE","Livelihoods & economies","average_yearly_change_in_scores",40,"Sri Lanka",0.445758241758252,0.341567365716679
"2012 - 2025","LE","Livelihoods & economies","average_yearly_change_in_scores",41,"Mozambique",1.29560439560435,0.211335595562166
"2012 - 2025","LE","Livelihoods & economies","average_yearly_change_in_scores",42,"Madagascar",-0.601384615384797,0.555798984065686
"2012 - 2025","LE","Livelihoods & economies","average_yearly_change_in_scores",43,"Kenya",0.34898901098897,0.500392550186667
"2012 - 2025","LE","Livelihoods & economies","average_yearly_change_in_scores",47,"Yemen",-1.9672967032969,0.225195902291566
"2012 - 2025","LE","Livelihoods & economies","average_yearly_change_in_scores",48,"Oman",3.19439560439591,0.00337542100456189
"2012 - 2025","LE","Livelihoods & economies","average_yearly_change_in_scores",49,"Sudan",6.33334065934099,4.43249682500034e-07
"2012 - 2025","LE","Livelihoods & economies","average_yearly_change_in_scores",50,"Saudi Arabia",2.45145054945066,0.013294839371477
"2012 - 2025","LE","Livelihoods & economies","average_yearly_change_in_scores",51,"Kuwait",2.45586813186831,0.0181817450020573
"2012 - 2025","LE","Livelihoods & economies","average_yearly_change_in_scores",52,"Bahrain",1.04863736263727,0.195205804609408
"2012 - 2025","LE","Livelihoods & economies","average_yearly_change_in_scores",53,"Pakistan",1.38582417582418,0.0112446518271368
"2012 - 2025","LE","Livelihoods & economies","average_yearly_change_in_scores",54,"United Arab Emirates",5.40336263736294,8.60502089302995e-07
"2012 - 2025","LE","Livelihoods & economies","average_yearly_change_in_scores",56,"Cape Verde",3.31657142857163,0.0376586495639343
"2012 - 2025","LE","Livelihoods & economies","average_yearly_change_in_scores",59,"Belgium",0.236351648351675,0.642572504683664
"2012 - 2025","LE","Livelihoods & economies","average_yearly_change_in_scores",61,"Tunisia",0.997824175824375,0.231267948079931
"2012 - 2025","LE","Livelihoods & economies","average_yearly_change_in_scores",62,"Morocco",1.16782417582427,0.00394183420486911
"2012 - 2025","LE","Livelihoods & economies","average_yearly_change_in_scores",64,"Mauritania",1.83247252747251,0.186560562986505
"2012 - 2025","LE","Livelihoods & economies","average_yearly_change_in_scores",65,"Gambia",4.1771648351651,0.00932587392234947
"2012 - 2025","LE","Livelihoods & economies","average_yearly_change_in_scores",66,"Senegal",3.21459340659363,0.0349735643920099
"2012 - 2025","LE","Livelihoods & economies","average_yearly_change_in_scores",67,"Libya",-4.81065934065969,0.00515499539119235
"2012 - 2025","LE","Livelihoods & economies","average_yearly_change_in_scores",68,"Malta",-2.93243956043978,0.000395787222617974
"2012 - 2025","LE","Livelihoods & economies","average_yearly_change_in_scores",69,"Latvia",0.184659340659308,0.782972323127426
"2012 - 2025","LE","Livelihoods & economies","average_yearly_change_in_scores",70,"Estonia",1.45925274725294,0.0322711974075145
"2012 - 2025","LE","Livelihoods & economies","average_yearly_change_in_scores",71,"Bulgaria",6.08024175824203,1.53461335284107e-07
"2012 - 2025","LE","Livelihoods & economies","average_yearly_change_in_scores",72,"Romania",1.32714285714301,0.18128735547726
"2012 - 2025","LE","Livelihoods & economies","average_yearly_change_in_scores",73,"Russia",3.22318681318694,0.000418132410897686
"2012 - 2025","LE","Livelihoods & economies","average_yearly_change_in_scores",74,"Georgia",8.30092307692355,2.17510387865326e-06
"2012 - 2025","LE","Livelihoods & economies","average_yearly_change_in_scores",75,"Ukraine",-3.34496703296723,0.0497249540583809
"2012 - 2025","LE","Livelihoods & economies","average_yearly_change_in_scores",76,"Turkey",0.939824175824266,0.0370284454855166
"2012 - 2025","LE","Livelihoods & economies","average_yearly_change_in_scores",77,"Syria",0.461538461538639,0.650297612079322
"2012 - 2025","LE","Livelihoods & economies","average_yearly_change_in_scores",78,"Lebanon",0.0517582417582179,0.95945739322171
"2012 - 2025","LE","Livelihoods & economies","average_yearly_change_in_scores",79,"Israel",-0.0781538461538294,0.865368617571919
"2012 - 2025","LE","Livelihoods & economies","average_yearly_change_in_scores",80,"Greece",-1.30052747252755,0.00465915710435056
"2012 - 2025","LE","Livelihoods & economies","average_yearly_change_in_scores",81,"Cyprus",1.36690109890115,0.00292117837934401
"2012 - 2025","LE","Livelihoods & economies","average_yearly_change_in_scores",82,"Albania",1.89762637362619,0.0736962917651536
"2012 - 2025","LE","Livelihoods & economies","average_yearly_change_in_scores",84,"Algeria",-1.55883516483529,0.0780109496226568
"2012 - 2025","LE","Livelihoods & economies","average_yearly_change_in_scores",96,"Sierra Leone",2.78514285714304,0.0709126028274613
"2012 - 2025","LE","Livelihoods & economies","average_yearly_change_in_scores",98,"Togo",-3.10747252747259,0.180294178061338
"2012 - 2025","LE","Livelihoods & economies","average_yearly_change_in_scores",99,"Benin",3.22382417582439,0.0435063741819975
"2012 - 2025","LE","Livelihoods & economies","average_yearly_change_in_scores",100,"Republique du Congo",3.53406593406611,0.0521309023117007
"2012 - 2025","LE","Livelihoods & economies","average_yearly_change_in_scores",101,"Namibia",3.56204395604422,0.0677966272431985
"2012 - 2025","LE","Livelihoods & economies","average_yearly_change_in_scores",102,"South Africa",3.65441758241786,0.0613968804642559
"2012 - 2025","LE","Livelihoods & economies","average_yearly_change_in_scores",103,"Sao Tome and Principe",2.06210989010989,0.295526381724405
"2012 - 2025","LE","Livelihoods & economies","average_yearly_change_in_scores",106,"Ghana",2.9943076923079,0.0531049615996422
"2012 - 2025","LE","Livelihoods & economies","average_yearly_change_in_scores",108,"Bermuda",-4.05679120879144,0.0135939645419841
"2012 - 2025","LE","Livelihoods & economies","average_yearly_change_in_scores",110,"Bahamas",2.68885714285728,0.000497676741878395
"2012 - 2025","LE","Livelihoods & economies","average_yearly_change_in_scores",112,"Cuba",-1.6618901098902,0.0474389048963153
"2012 - 2025","LE","Livelihoods & economies","average_yearly_change_in_scores",113,"Cayman Islands",1.25758241758241,0.0274279279517765
"2012 - 2025","LE","Livelihoods & economies","average_yearly_change_in_scores",114,"Haiti",0.142329670329593,0.881009602079123
"2012 - 2025","LE","Livelihoods & economies","average_yearly_change_in_scores",115,"Dominican Republic",-1.4189450549451,0.0459321145222839
"2012 - 2025","LE","Livelihoods & economies","average_yearly_change_in_scores",116,"Puerto Rico and Virgin Islands of the United States",-0.14846153846162,0.845183023954045
"2012 - 2025","LE","Livelihoods & economies","average_yearly_change_in_scores",120,"Antigua and Barbuda",-0.913626373626453,0.0164223265480747
"2012 - 2025","LE","Livelihoods & economies","average_yearly_change_in_scores",121,"Montserrat",1.85059440559446,1.95914564381387e-06
"2012 - 2025","LE","Livelihoods & economies","average_yearly_change_in_scores",122,"Saint Lucia",2.06413186813195,0.00416396197496706
"2012 - 2025","LE","Livelihoods & economies","average_yearly_change_in_scores",124,"Barbados",-1.81520879120889,0.172543397561851
"2012 - 2025","LE","Livelihoods & economies","average_yearly_change_in_scores",125,"Grenada",-0.365120879120969,0.846292288471314
"2012 - 2025","LE","Livelihoods & economies","average_yearly_change_in_scores",126,"Trinidad and Tobago",-1.81101098901113,0.112710242302027
"2012 - 2025","LE","Livelihoods & economies","average_yearly_change_in_scores",127,"Saint Vincent and the Grenadines",1.21340659340662,0.0656375635212087
"2012 - 2025","LE","Livelihoods & economies","average_yearly_change_in_scores",129,"Panama",-0.125120879120839,0.845873121560217
"2012 - 2025","LE","Livelihoods & economies","average_yearly_change_in_scores",130,"Costa Rica",1.91953846153837,0.288529877660513
"2012 - 2025","LE","Livelihoods & economies","average_yearly_change_in_scores",131,"Nicaragua",3.27920879120901,0.0071468193995557
"2012 - 2025","LE","Livelihoods & economies","average_yearly_change_in_scores",132,"Colombia",4.79696703296733,2.64904280764805e-06
"2012 - 2025","LE","Livelihoods & economies","average_yearly_change_in_scores",133,"Honduras",-1.49389010989023,0.019320476209545
"2012 - 2025","LE","Livelihoods & economies","average_yearly_change_in_scores",134,"El Salvador",3.80224175824183,0.000969069697428891
"2012 - 2025","LE","Livelihoods & economies","average_yearly_change_in_scores",135,"Mexico",1.83956043956043,0.0225170156175666
"2012 - 2025","LE","Livelihoods & economies","average_yearly_change_in_scores",136,"Guatemala",1.7746373626374,0.0213268066753044
"2012 - 2025","LE","Livelihoods & economies","average_yearly_change_in_scores",137,"Ecuador",2.76916483516509,0.00673800719269386
"2012 - 2025","LE","Livelihoods & economies","average_yearly_change_in_scores",138,"Peru",-0.411802197802193,0.435583401961416
"2012 - 2025","LE","Livelihoods & economies","average_yearly_change_in_scores",139,"Venezuela",6.04043956043988,1.11559599444592e-06
"2012 - 2025","LE","Livelihoods & economies","average_yearly_change_in_scores",140,"Guadeloupe and Martinique",-0.432439560439668,0.51494635965624
"2012 - 2025","LE","Livelihoods & economies","average_yearly_change_in_scores",143,"Iceland",-1.76683516483535,0.00846022927007255
"2012 - 2025","LE","Livelihoods & economies","average_yearly_change_in_scores",145,"Greenland",1.59923076923074,1.00631042320137e-05
"2012 - 2025","LE","Livelihoods & economies","average_yearly_change_in_scores",155,"Tonga",3.22107692307694,0.000418238872854432
"2012 - 2025","LE","Livelihoods & economies","average_yearly_change_in_scores",162,"New Zealand",1.51832967032985,0.01505760810997
"2012 - 2025","LE","Livelihoods & economies","average_yearly_change_in_scores",163,"United States",-0.570571428571576,0.452325825464642
"2012 - 2025","LE","Livelihoods & economies","average_yearly_change_in_scores",164,"Belize",3.95136263736275,0.000960557052393162
"2012 - 2025","LE","Livelihoods & economies","average_yearly_change_in_scores",166,"Jamaica",-0.120527472527444,0.847154235222342
"2012 - 2025","LE","Livelihoods & economies","average_yearly_change_in_scores",167,"Guyana",1.33050549450568,0.209452247187676
"2012 - 2025","LE","Livelihoods & economies","average_yearly_change_in_scores",168,"Suriname",-3.45690109890135,0.00610985370260562
"2012 - 2025","LE","Livelihoods & economies","average_yearly_change_in_scores",171,"Brazil",1.81167032967031,0.0354389599331639
"2012 - 2025","LE","Livelihoods & economies","average_yearly_change_in_scores",172,"Argentina",-0.0943736263736214,0.730902535959172
"2012 - 2025","LE","Livelihoods & economies","average_yearly_change_in_scores",173,"Uruguay",-0.639098901098931,0.0255494330178796
"2012 - 2025","LE","Livelihoods & economies","average_yearly_change_in_scores",174,"Finland",0.0554505494505066,0.910996186844429
"2012 - 2025","LE","Livelihoods & economies","average_yearly_change_in_scores",175,"Denmark",-0.737780219780265,0.115427949238268
"2012 - 2025","LE","Livelihoods & economies","average_yearly_change_in_scores",176,"Germany",-0.643956043956126,0.0633197434156645
"2012 - 2025","LE","Livelihoods & economies","average_yearly_change_in_scores",177,"Netherlands",-0.12272527472527,0.744082392573616
"2012 - 2025","LE","Livelihoods & economies","average_yearly_change_in_scores",178,"Poland",3.97639560439578,1.37542672947055e-05
"2012 - 2025","LE","Livelihoods & economies","average_yearly_change_in_scores",179,"France",1.3338241758243,0.0274726873649406
"2012 - 2025","LE","Livelihoods & economies","average_yearly_change_in_scores",180,"United Kingdom",0.240989010989017,0.471693139725552
"2012 - 2025","LE","Livelihoods & economies","average_yearly_change_in_scores",181,"Ireland",-0.63131868131869,0.24841161995022
"2012 - 2025","LE","Livelihoods & economies","average_yearly_change_in_scores",182,"Spain",-2.46103296703311,1.98076116951322e-06
"2012 - 2025","LE","Livelihoods & economies","average_yearly_change_in_scores",183,"Portugal",-1.92127472527483,0.0103346529949349
"2012 - 2025","LE","Livelihoods & economies","average_yearly_change_in_scores",184,"Italy",-2.0362197802199,1.67369641226244e-06
"2012 - 2025","LE","Livelihoods & economies","average_yearly_change_in_scores",186,"Montenegro",1.1137802197802,0.206706619116431
"2012 - 2025","LE","Livelihoods & economies","average_yearly_change_in_scores",187,"Croatia",-2.82186813186823,0.0624714494343113
"2012 - 2025","LE","Livelihoods & economies","average_yearly_change_in_scores",188,"Slovenia",-2.43136263736279,0.00026382693866535
"2012 - 2025","LE","Livelihoods & economies","average_yearly_change_in_scores",189,"Lithuania",-0.743560439560542,0.240520143967567
"2012 - 2025","LE","Livelihoods & economies","average_yearly_change_in_scores",190,"Qatar",2.56180219780198,0.0524800739898966
"2012 - 2025","LE","Livelihoods & economies","average_yearly_change_in_scores",191,"Iran",-0.323604395604429,0.638063476571451
"2012 - 2025","LE","Livelihoods & economies","average_yearly_change_in_scores",192,"Iraq",-0.983208791208877,0.540787039683088
"2012 - 2025","LE","Livelihoods & economies","average_yearly_change_in_scores",194,"Guinea",4.05182417582442,0.00897308466114023
"2012 - 2025","LE","Livelihoods & economies","average_yearly_change_in_scores",195,"Ivory Coast",5.62400000000018,0.00185331617555384
"2012 - 2025","LE","Livelihoods & economies","average_yearly_change_in_scores",196,"Nigeria",2.56032967032986,0.109924965734953
"2012 - 2025","LE","Livelihoods & economies","average_yearly_change_in_scores",197,"Cameroon",3.01701098901114,0.0439599526211993
"2012 - 2025","LE","Livelihoods & economies","average_yearly_change_in_scores",198,"Gabon",3.42580219780247,0.0302431185520642
"2012 - 2025","LE","Livelihoods & economies","average_yearly_change_in_scores",199,"Democratic Republic of the Congo",-1.33982417582423,0.103779097682233
"2012 - 2025","LE","Livelihoods & economies","average_yearly_change_in_scores",200,"Angola",2.18408791208807,0.163291122316579
"2012 - 2025","LE","Livelihoods & economies","average_yearly_change_in_scores",202,"Tanzania",-1.15386813186825,0.0108002144016641
"2012 - 2025","LE","Livelihoods & economies","average_yearly_change_in_scores",203,"India",1.24558241758235,0.0157033356200223
"2012 - 2025","LE","Livelihoods & economies","average_yearly_change_in_scores",204,"Bangladesh",0.46199999999998,0.23665535742287
"2012 - 2025","LE","Livelihoods & economies","average_yearly_change_in_scores",205,"Myanmar",-2.43215384615407,0.0513610678435878
"2012 - 2025","LE","Livelihoods & economies","average_yearly_change_in_scores",206,"Malaysia",-3.21969230769253,1.95701047852257e-05
"2012 - 2025","LE","Livelihoods & economies","average_yearly_change_in_scores",207,"Vietnam",0.515934065934055,0.0130065586215742
"2012 - 2025","LE","Livelihoods & economies","average_yearly_change_in_scores",208,"Singapore",-0.953890109890281,0.153976511673897
"2012 - 2025","LE","Livelihoods & economies","average_yearly_change_in_scores",209,"China",-0.0958241758242327,0.816433520251014
"2012 - 2025","LE","Livelihoods & economies","average_yearly_change_in_scores",210,"Japan",-2.03586813186823,0.000444178691753882
"2012 - 2025","LE","Livelihoods & economies","average_yearly_change_in_scores",214,"Egypt",-0.331054945054958,0.153698635158975
"2012 - 2025","LE","Livelihoods & economies","average_yearly_change_in_scores",215,"Jordan",-1.54263736263741,0.0596835917465663
"2012 - 2025","LE","Livelihoods & economies","average_yearly_change_in_scores",216,"Indonesia",-2.246263736264,0.0281154376886825
"2012 - 2025","LE","Livelihoods & economies","average_yearly_change_in_scores",218,"Canada",-0.562131868131892,0.0150458177164998
"2012 - 2025","LE","Livelihoods & economies","average_yearly_change_in_scores",220,"Sint Maarten",-1.42593406593419,0.0669401186417562
"2012 - 2025","LE","Livelihoods & economies","average_yearly_change_in_scores",222,"Sweden",-0.222549450549451,0.252307566381646
"2012 - 2025","LE","Livelihoods & economies","average_yearly_change_in_scores",223,"Norway",1.89896703296715,0.000268771825237495
"2012 - 2025","LE","Livelihoods & economies","average_yearly_change_in_scores",224,"Chile",-0.875802197802233,0.125032728698469
"2012 - 2025","LE","Livelihoods & economies","average_yearly_change_in_scores",232,"Bosnia and Herzegovina",5.66371428571457,2.76517854677995e-07
"2012 - 2025","LE","Livelihoods & economies","average_yearly_change_in_scores",244,"Curacao",-1.81606593406597,0.0824826970600914
"2012 - 2025","LE","Livelihoods & economies","average_yearly_change_in_scores",247,"Brunei",-0.115516483516441,0.925996458910664
"2012 - 2025","LE","Livelihoods & economies","average_yearly_change_in_scores",250,"Aruba",2.02901098901105,0.0126487042183772
"2012 - 2025","LIV","Livelihoods","average_yearly_change_in_scores",0,"Global average",0.0594505494505214,0.700503176763325
"2012 - 2025","LIV","Livelihoods","average_yearly_change_in_scores",6,"Vanuatu",-3.81630769230795,0.00476102973608707
"2012 - 2025","LIV","Livelihoods","average_yearly_change_in_scores",7,"Solomon Islands",-3.06098901098918,0.000440340356047637
"2012 - 2025","LIV","Livelihoods","average_yearly_change_in_scores",14,"Taiwan",0.962285714285749,0.00131355894209238
"2012 - 2025","LIV","Livelihoods","average_yearly_change_in_scores",15,"Philippines",-1.72404395604406,0.000595046004792906
"2012 - 2025","LIV","Livelihoods","average_yearly_change_in_scores",16,"Australia",-1.72037362637369,0.041866323801276
"2012 - 2025","LIV","Livelihoods","average_yearly_change_in_scores",17,"Papua New Guinea",-2.09479120879132,9.72917062140764e-06
"2012 - 2025","LIV","Livelihoods","average_yearly_change_in_scores",18,"Fiji",-0.259120879120907,0.496402437204296
"2012 - 2025","LIV","Livelihoods","average_yearly_change_in_scores",20,"South Korea",-2.22483516483527,0.00179338275458017
"2012 - 2025","LIV","Livelihoods","average_yearly_change_in_scores",24,"Cambodia",2.93942857142863,0.000128962366330414
"2012 - 2025","LIV","Livelihoods","average_yearly_change_in_scores",25,"Thailand",2.48180219780232,7.41766739734708e-05
"2012 - 2025","LIV","Livelihoods","average_yearly_change_in_scores",28,"Comoro Islands",0.091538461538377,0.9063093686507
"2012 - 2025","LIV","Livelihoods","average_yearly_change_in_scores",31,"Seychelles",0.0835604395603754,0.943756463821153
"2012 - 2025","LIV","Livelihoods","average_yearly_change_in_scores",32,"Réunion",1.0412307692307,0.187705490183704
"2012 - 2025","LIV","Livelihoods","average_yearly_change_in_scores",37,"Mauritius",-1.45250549450565,0.089981418437445
"2012 - 2025","LIV","Livelihoods","average_yearly_change_in_scores",39,"Maldives",-3.57006593406613,3.50787632432007e-07
"2012 - 2025","LIV","Livelihoods","average_yearly_change_in_scores",40,"Sri Lanka",0.445758241758252,0.341567365716679
"2012 - 2025","LIV","Livelihoods","average_yearly_change_in_scores",41,"Mozambique",1.29560439560435,0.211335595562166
"2012 - 2025","LIV","Livelihoods","average_yearly_change_in_scores",42,"Madagascar",-0.601384615384797,0.555798984065686
"2012 - 2025","LIV","Livelihoods","average_yearly_change_in_scores",43,"Kenya",0.34898901098897,0.500392550186667
"2012 - 2025","LIV","Livelihoods","average_yearly_change_in_scores",47,"Yemen",-1.9672967032969,0.225195902291566
"2012 - 2025","LIV","Livelihoods","average_yearly_change_in_scores",48,"Oman",3.19439560439591,0.00337542100456189
"2012 - 2025","LIV","Livelihoods","average_yearly_change_in_scores",49,"Sudan",6.33334065934099,4.43249682500034e-07
"2012 - 2025","LIV","Livelihoods","average_yearly_change_in_scores",50,"Saudi Arabia",2.45145054945066,0.013294839371477
"2012 - 2025","LIV","Livelihoods","average_yearly_change_in_scores",51,"Kuwait",2.45586813186831,0.0181817450020573
"2012 - 2025","LIV","Livelihoods","average_yearly_change_in_scores",52,"Bahrain",1.04863736263727,0.195205804609408
"2012 - 2025","LIV","Livelihoods","average_yearly_change_in_scores",53,"Pakistan",1.38582417582418,0.0112446518271368
"2012 - 2025","LIV","Livelihoods","average_yearly_change_in_scores",54,"United Arab Emirates",5.40336263736294,8.60502089302995e-07
"2012 - 2025","LIV","Livelihoods","average_yearly_change_in_scores",56,"Cape Verde",3.31657142857163,0.0376586495639343
"2012 - 2025","LIV","Livelihoods","average_yearly_change_in_scores",59,"Belgium",0.236351648351675,0.642572504683664
"2012 - 2025","LIV","Livelihoods","average_yearly_change_in_scores",61,"Tunisia",0.997824175824375,0.231267948079931
"2012 - 2025","LIV","Livelihoods","average_yearly_change_in_scores",62,"Morocco",1.16782417582427,0.00394183420486911
"2012 - 2025","LIV","Livelihoods","average_yearly_change_in_scores",64,"Mauritania",1.83247252747251,0.186560562986505
"2012 - 2025","LIV","Livelihoods","average_yearly_change_in_scores",65,"Gambia",4.1771648351651,0.00932587392234947
"2012 - 2025","LIV","Livelihoods","average_yearly_change_in_scores",66,"Senegal",3.21459340659363,0.0349735643920099
"2012 - 2025","LIV","Livelihoods","average_yearly_change_in_scores",67,"Libya",-4.81065934065969,0.00515499539119235
"2012 - 2025","LIV","Livelihoods","average_yearly_change_in_scores",68,"Malta",-2.93243956043978,0.000395787222617974
"2012 - 2025","LIV","Livelihoods","average_yearly_change_in_scores",69,"Latvia",0.184659340659308,0.782972323127426
"2012 - 2025","LIV","Livelihoods","average_yearly_change_in_scores",70,"Estonia",1.45925274725294,0.0322711974075145
"2012 - 2025","LIV","Livelihoods","average_yearly_change_in_scores",71,"Bulgaria",6.08024175824203,1.53461335284107e-07
"2012 - 2025","LIV","Livelihoods","average_yearly_change_in_scores",72,"Romania",1.32714285714301,0.18128735547726
"2012 - 2025","LIV","Livelihoods","average_yearly_change_in_scores",73,"Russia",3.22318681318694,0.000418132410897686
"2012 - 2025","LIV","Livelihoods","average_yearly_change_in_scores",74,"Georgia",8.30092307692355,2.17510387865326e-06
"2012 - 2025","LIV","Livelihoods","average_yearly_change_in_scores",75,"Ukraine",-3.34496703296723,0.0497249540583809
"2012 - 2025","LIV","Livelihoods","average_yearly_change_in_scores",76,"Turkey",0.939824175824266,0.0370284454855166
"2012 - 2025","LIV","Livelihoods","average_yearly_change_in_scores",77,"Syria",0.461538461538639,0.650297612079322
"2012 - 2025","LIV","Livelihoods","average_yearly_change_in_scores",78,"Lebanon",0.0517582417582179,0.95945739322171
"2012 - 2025","LIV","Livelihoods","average_yearly_change_in_scores",79,"Israel",-0.0781538461538294,0.865368617571919
"2012 - 2025","LIV","Livelihoods","average_yearly_change_in_scores",80,"Greece",-1.30052747252755,0.00465915710435056
"2012 - 2025","LIV","Livelihoods","average_yearly_change_in_scores",81,"Cyprus",1.36690109890115,0.00292117837934401
"2012 - 2025","LIV","Livelihoods","average_yearly_change_in_scores",82,"Albania",1.89762637362619,0.0736962917651536
"2012 - 2025","LIV","Livelihoods","average_yearly_change_in_scores",84,"Algeria",-1.55883516483529,0.0780109496226568
"2012 - 2025","LIV","Livelihoods","average_yearly_change_in_scores",96,"Sierra Leone",2.78514285714304,0.0709126028274613
"2012 - 2025","LIV","Livelihoods","average_yearly_change_in_scores",98,"Togo",-3.10747252747259,0.180294178061338
"2012 - 2025","LIV","Livelihoods","average_yearly_change_in_scores",99,"Benin",3.22382417582439,0.0435063741819975
"2012 - 2025","LIV","Livelihoods","average_yearly_change_in_scores",100,"Republique du Congo",3.53406593406611,0.0521309023117007
"2012 - 2025","LIV","Livelihoods","average_yearly_change_in_scores",101,"Namibia",3.56204395604422,0.0677966272431985
"2012 - 2025","LIV","Livelihoods","average_yearly_change_in_scores",102,"South Africa",3.65441758241786,0.0613968804642559
"2012 - 2025","LIV","Livelihoods","average_yearly_change_in_scores",103,"Sao Tome and Principe",2.06210989010989,0.295526381724405
"2012 - 2025","LIV","Livelihoods","average_yearly_change_in_scores",106,"Ghana",2.9943076923079,0.0531049615996422
"2012 - 2025","LIV","Livelihoods","average_yearly_change_in_scores",108,"Bermuda",-4.05679120879144,0.0135939645419841
"2012 - 2025","LIV","Livelihoods","average_yearly_change_in_scores",110,"Bahamas",2.68885714285728,0.000497676741878395
"2012 - 2025","LIV","Livelihoods","average_yearly_change_in_scores",112,"Cuba",-1.6618901098902,0.0474389048963153
"2012 - 2025","LIV","Livelihoods","average_yearly_change_in_scores",113,"Cayman Islands",1.25758241758241,0.0274279279517765
"2012 - 2025","LIV","Livelihoods","average_yearly_change_in_scores",114,"Haiti",0.142329670329593,0.881009602079123
"2012 - 2025","LIV","Livelihoods","average_yearly_change_in_scores",115,"Dominican Republic",-1.4189450549451,0.0459321145222839
"2012 - 2025","LIV","Livelihoods","average_yearly_change_in_scores",116,"Puerto Rico and Virgin Islands of the United States",-0.14846153846162,0.845183023954045
"2012 - 2025","LIV","Livelihoods","average_yearly_change_in_scores",120,"Antigua and Barbuda",-0.913626373626453,0.0164223265480747
"2012 - 2025","LIV","Livelihoods","average_yearly_change_in_scores",121,"Montserrat",1.85059440559446,1.95914564381387e-06
"2012 - 2025","LIV","Livelihoods","average_yearly_change_in_scores",122,"Saint Lucia",2.06413186813195,0.00416396197496706
"2012 - 2025","LIV","Livelihoods","average_yearly_change_in_scores",124,"Barbados",-1.81520879120889,0.172543397561851
"2012 - 2025","LIV","Livelihoods","average_yearly_change_in_scores",125,"Grenada",-0.365120879120969,0.846292288471314
"2012 - 2025","LIV","Livelihoods","average_yearly_change_in_scores",126,"Trinidad and Tobago",-1.81101098901113,0.112710242302027
"2012 - 2025","LIV","Livelihoods","average_yearly_change_in_scores",127,"Saint Vincent and the Grenadines",1.21340659340662,0.0656375635212087
"2012 - 2025","LIV","Livelihoods","average_yearly_change_in_scores",129,"Panama",-0.125120879120839,0.845873121560217
"2012 - 2025","LIV","Livelihoods","average_yearly_change_in_scores",130,"Costa Rica",1.91953846153837,0.288529877660513
"2012 - 2025","LIV","Livelihoods","average_yearly_change_in_scores",131,"Nicaragua",3.27920879120901,0.0071468193995557
"2012 - 2025","LIV","Livelihoods","average_yearly_change_in_scores",132,"Colombia",4.79696703296733,2.64904280764805e-06
"2012 - 2025","LIV","Livelihoods","average_yearly_change_in_scores",133,"Honduras",-1.49389010989023,0.019320476209545
"2012 - 2025","LIV","Livelihoods","average_yearly_change_in_scores",134,"El Salvador",3.80224175824183,0.000969069697428891
"2012 - 2025","LIV","Livelihoods","average_yearly_change_in_scores",135,"Mexico",1.83956043956043,0.0225170156175666
"2012 - 2025","LIV","Livelihoods","average_yearly_change_in_scores",136,"Guatemala",1.7746373626374,0.0213268066753044
"2012 - 2025","LIV","Livelihoods","average_yearly_change_in_scores",137,"Ecuador",2.76916483516509,0.00673800719269386
"2012 - 2025","LIV","Livelihoods","average_yearly_change_in_scores",138,"Peru",-0.411802197802193,0.435583401961416
"2012 - 2025","LIV","Livelihoods","average_yearly_change_in_scores",139,"Venezuela",6.04043956043988,1.11559599444592e-06
"2012 - 2025","LIV","Livelihoods","average_yearly_change_in_scores",140,"Guadeloupe and Martinique",-0.432439560439668,0.51494635965624
"2012 - 2025","LIV","Livelihoods","average_yearly_change_in_scores",143,"Iceland",-1.76683516483535,0.00846022927007255
"2012 - 2025","LIV","Livelihoods","average_yearly_change_in_scores",145,"Greenland",1.59923076923074,1.00631042320137e-05
"2012 - 2025","LIV","Livelihoods","average_yearly_change_in_scores",155,"Tonga",3.22107692307694,0.000418238872854432
"2012 - 2025","LIV","Livelihoods","average_yearly_change_in_scores",162,"New Zealand",1.51832967032985,0.01505760810997
"2012 - 2025","LIV","Livelihoods","average_yearly_change_in_scores",163,"United States",-0.570571428571576,0.452325825464642
"2012 - 2025","LIV","Livelihoods","average_yearly_change_in_scores",164,"Belize",3.95136263736275,0.000960557052393162
"2012 - 2025","LIV","Livelihoods","average_yearly_change_in_scores",166,"Jamaica",-0.120527472527444,0.847154235222342
"2012 - 2025","LIV","Livelihoods","average_yearly_change_in_scores",167,"Guyana",1.33050549450568,0.209452247187676
"2012 - 2025","LIV","Livelihoods","average_yearly_change_in_scores",168,"Suriname",-3.45690109890135,0.00610985370260562
"2012 - 2025","LIV","Livelihoods","average_yearly_change_in_scores",171,"Brazil",1.81167032967031,0.0354389599331639
"2012 - 2025","LIV","Livelihoods","average_yearly_change_in_scores",172,"Argentina",-0.0943736263736214,0.730902535959172
"2012 - 2025","LIV","Livelihoods","average_yearly_change_in_scores",173,"Uruguay",-0.639098901098931,0.0255494330178796
"2012 - 2025","LIV","Livelihoods","average_yearly_change_in_scores",174,"Finland",0.0554505494505066,0.910996186844429
"2012 - 2025","LIV","Livelihoods","average_yearly_change_in_scores",175,"Denmark",-0.737780219780265,0.115427949238268
"2012 - 2025","LIV","Livelihoods","average_yearly_change_in_scores",176,"Germany",-0.643956043956126,0.0633197434156645
"2012 - 2025","LIV","Livelihoods","average_yearly_change_in_scores",177,"Netherlands",-0.12272527472527,0.744082392573616
"2012 - 2025","LIV","Livelihoods","average_yearly_change_in_scores",178,"Poland",3.97639560439578,1.37542672947055e-05
"2012 - 2025","LIV","Livelihoods","average_yearly_change_in_scores",179,"France",1.3338241758243,0.0274726873649406
"2012 - 2025","LIV","Livelihoods","average_yearly_change_in_scores",180,"United Kingdom",0.240989010989017,0.471693139725552
"2012 - 2025","LIV","Livelihoods","average_yearly_change_in_scores",181,"Ireland",-0.63131868131869,0.24841161995022
"2012 - 2025","LIV","Livelihoods","average_yearly_change_in_scores",182,"Spain",-2.46103296703311,1.98076116951322e-06
"2012 - 2025","LIV","Livelihoods","average_yearly_change_in_scores",183,"Portugal",-1.92127472527483,0.0103346529949349
"2012 - 2025","LIV","Livelihoods","average_yearly_change_in_scores",184,"Italy",-2.0362197802199,1.67369641226244e-06
"2012 - 2025","LIV","Livelihoods","average_yearly_change_in_scores",186,"Montenegro",1.1137802197802,0.206706619116431
"2012 - 2025","LIV","Livelihoods","average_yearly_change_in_scores",187,"Croatia",-2.82186813186823,0.0624714494343113
"2012 - 2025","LIV","Livelihoods","average_yearly_change_in_scores",188,"Slovenia",-2.43136263736279,0.00026382693866535
"2012 - 2025","LIV","Livelihoods","average_yearly_change_in_scores",189,"Lithuania",-0.743560439560542,0.240520143967567
"2012 - 2025","LIV","Livelihoods","average_yearly_change_in_scores",190,"Qatar",2.56180219780198,0.0524800739898966
"2012 - 2025","LIV","Livelihoods","average_yearly_change_in_scores",191,"Iran",-0.323604395604429,0.638063476571451
"2012 - 2025","LIV","Livelihoods","average_yearly_change_in_scores",192,"Iraq",-0.983208791208877,0.540787039683088
"2012 - 2025","LIV","Livelihoods","average_yearly_change_in_scores",194,"Guinea",4.05182417582442,0.00897308466114023
"2012 - 2025","LIV","Livelihoods","average_yearly_change_in_scores",195,"Ivory Coast",5.62400000000018,0.00185331617555384
"2012 - 2025","LIV","Livelihoods","average_yearly_change_in_scores",196,"Nigeria",2.56032967032986,0.109924965734953
"2012 - 2025","LIV","Livelihoods","average_yearly_change_in_scores",197,"Cameroon",3.01701098901114,0.0439599526211993
"2012 - 2025","LIV","Livelihoods","average_yearly_change_in_scores",198,"Gabon",3.42580219780247,0.0302431185520642
"2012 - 2025","LIV","Livelihoods","average_yearly_change_in_scores",199,"Democratic Republic of the Congo",-1.33982417582423,0.103779097682233
"2012 - 2025","LIV","Livelihoods","average_yearly_change_in_scores",200,"Angola",2.18408791208807,0.163291122316579
"2012 - 2025","LIV","Livelihoods","average_yearly_change_in_scores",202,"Tanzania",-1.15386813186825,0.0108002144016641
"2012 - 2025","LIV","Livelihoods","average_yearly_change_in_scores",203,"India",1.24558241758235,0.0157033356200223
"2012 - 2025","LIV","Livelihoods","average_yearly_change_in_scores",204,"Bangladesh",0.46199999999998,0.23665535742287
"2012 - 2025","LIV","Livelihoods","average_yearly_change_in_scores",205,"Myanmar",-2.43215384615407,0.0513610678435878
"2012 - 2025","LIV","Livelihoods","average_yearly_change_in_scores",206,"Malaysia",-3.21969230769253,1.95701047852257e-05
"2012 - 2025","LIV","Livelihoods","average_yearly_change_in_scores",207,"Vietnam",0.515934065934055,0.0130065586215742
"2012 - 2025","LIV","Livelihoods","average_yearly_change_in_scores",208,"Singapore",-0.953890109890281,0.153976511673897
"2012 - 2025","LIV","Livelihoods","average_yearly_change_in_scores",209,"China",-0.0958241758242327,0.816433520251014
"2012 - 2025","LIV","Livelihoods","average_yearly_change_in_scores",210,"Japan",-2.03586813186823,0.000444178691753882
"2012 - 2025","LIV","Livelihoods","average_yearly_change_in_scores",214,"Egypt",-0.331054945054958,0.153698635158975
"2012 - 2025","LIV","Livelihoods","average_yearly_change_in_scores",215,"Jordan",-1.54263736263741,0.0596835917465663
"2012 - 2025","LIV","Livelihoods","average_yearly_change_in_scores",216,"Indonesia",-2.246263736264,0.0281154376886825
"2012 - 2025","LIV","Livelihoods","average_yearly_change_in_scores",218,"Canada",-0.562131868131892,0.0150458177164998
"2012 - 2025","LIV","Livelihoods","average_yearly_change_in_scores",220,"Sint Maarten",-1.42593406593419,0.0669401186417562
"2012 - 2025","LIV","Livelihoods","average_yearly_change_in_scores",222,"Sweden",-0.222549450549451,0.252307566381646
"2012 - 2025","LIV","Livelihoods","average_yearly_change_in_scores",223,"Norway",1.89896703296715,0.000268771825237495
"2012 - 2025","LIV","Livelihoods","average_yearly_change_in_scores",224,"Chile",-0.875802197802233,0.125032728698469
"2012 - 2025","LIV","Livelihoods","average_yearly_change_in_scores",232,"Bosnia and Herzegovina",5.66371428571457,2.76517854677995e-07
"2012 - 2025","LIV","Livelihoods","average_yearly_change_in_scores",244,"Curacao",-1.81606593406597,0.0824826970600914
"2012 - 2025","LIV","Livelihoods","average_yearly_change_in_scores",247,"Brunei",-0.115516483516441,0.925996458910664
"2012 - 2025","LIV","Livelihoods","average_yearly_change_in_scores",250,"Aruba",2.02901098901105,0.0126487042183772
"2012 - 2025","LSP","Lasting special places (subgoal)","average_yearly_change_in_scores",0,"Global average",0.648175824175846,1.90065850078874e-06
"2012 - 2025","LSP","Lasting special places (subgoal)","average_yearly_change_in_scores",1,"Cocos Islands",8.50021978022033,0.000893505495903334
"2012 - 2025","LSP","Lasting special places (subgoal)","average_yearly_change_in_scores",2,"Christmas Island",4.38065934065962,0.000893505495903339
"2012 - 2025","LSP","Lasting special places (subgoal)","average_yearly_change_in_scores",3,"Norfolk Island",8.8425494505499,8.20192563233383e-05
"2012 - 2025","LSP","Lasting special places (subgoal)","average_yearly_change_in_scores",4,"Macquarie Island",-2.63148192562387e-16,0.108864301063032
"2012 - 2025","LSP","Lasting special places (subgoal)","average_yearly_change_in_scores",5,"New Caledonia",0.31171428571423,0.594293018274014
"2012 - 2025","LSP","Lasting special places (subgoal)","average_yearly_change_in_scores",6,"Vanuatu",-3.01927594819202e-18,0.108864301063032
"2012 - 2025","LSP","Lasting special places (subgoal)","average_yearly_change_in_scores",7,"Solomon Islands",0.00052747252747269,0.0211650983618288
"2012 - 2025","LSP","Lasting special places (subgoal)","average_yearly_change_in_scores",8,"Palau",-2.63148192562387e-16,0.108864301063032
"2012 - 2025","LSP","Lasting special places (subgoal)","average_yearly_change_in_scores",9,"Micronesia",0,NA
"2012 - 2025","LSP","Lasting special places (subgoal)","average_yearly_change_in_scores",10,"Nauru",0,NA
"2012 - 2025","LSP","Lasting special places (subgoal)","average_yearly_change_in_scores",11,"Marshall Islands",-0.119560439560446,0.00142909505159395
"2012 - 2025","LSP","Lasting special places (subgoal)","average_yearly_change_in_scores",12,"Wake Island",-2.63148192562387e-16,0.108864301063032
"2012 - 2025","LSP","Lasting special places (subgoal)","average_yearly_change_in_scores",13,"Northern Mariana Islands and Guam",-0.281999999999964,0.108864301063032
"2012 - 2025","LSP","Lasting special places (subgoal)","average_yearly_change_in_scores",14,"Taiwan",-0.0349670329670318,0.028330808219928
"2012 - 2025","LSP","Lasting special places (subgoal)","average_yearly_change_in_scores",15,"Philippines",2.27030769230779,0.00990177680088905
"2012 - 2025","LSP","Lasting special places (subgoal)","average_yearly_change_in_scores",16,"Australia",-2.63148192562387e-16,0.108864301063032
"2012 - 2025","LSP","Lasting special places (subgoal)","average_yearly_change_in_scores",17,"Papua New Guinea",-0.00232967032967039,0.157206584685525
"2012 - 2025","LSP","Lasting special places (subgoal)","average_yearly_change_in_scores",18,"Fiji",0.00694505494505504,0.00646641762576903
"2012 - 2025","LSP","Lasting special places (subgoal)","average_yearly_change_in_scores",19,"Tuvalu",-6.77245181937315e-17,0.108864301063032
"2012 - 2025","LSP","Lasting special places (subgoal)","average_yearly_change_in_scores",20,"South Korea",0.0782857142857369,0.37918043126854
"2012 - 2025","LSP","Lasting special places (subgoal)","average_yearly_change_in_scores",21,"North Korea",0.00268131868131882,0.0053617224126546
"2012 - 2025","LSP","Lasting special places (subgoal)","average_yearly_change_in_scores",24,"Cambodia",1.93015384615393,0.00444622999471428
"2012 - 2025","LSP","Lasting special places (subgoal)","average_yearly_change_in_scores",25,"Thailand",3.47591208791215,0.00160411189305273
"2012 - 2025","LSP","Lasting special places (subgoal)","average_yearly_change_in_scores",26,"Andaman and Nicobar",0,NA
"2012 - 2025","LSP","Lasting special places (subgoal)","average_yearly_change_in_scores",28,"Comoro Islands",0.806307692307796,0.124166847046561
"2012 - 2025","LSP","Lasting special places (subgoal)","average_yearly_change_in_scores",29,"Mayotte",-2.63148192562387e-16,0.108864301063032
"2012 - 2025","LSP","Lasting special places (subgoal)","average_yearly_change_in_scores",30,"Glorioso Islands",9.89010989011051,0.000223310793386121
"2012 - 2025","LSP","Lasting special places (subgoal)","average_yearly_change_in_scores",31,"Seychelles",4.93397802197832,8.20192563233127e-05
"2012 - 2025","LSP","Lasting special places (subgoal)","average_yearly_change_in_scores",32,"Réunion",9.54873397266761e-16,0.108864301063032
"2012 - 2025","LSP","Lasting special places (subgoal)","average_yearly_change_in_scores",33,"Juan de Nova Island",0,NA
"2012 - 2025","LSP","Lasting special places (subgoal)","average_yearly_change_in_scores",34,"Bassas da India",0,NA
"2012 - 2025","LSP","Lasting special places (subgoal)","average_yearly_change_in_scores",35,"Ile Europa",-2.63148192562387e-16,0.108864301063032
"2012 - 2025","LSP","Lasting special places (subgoal)","average_yearly_change_in_scores",36,"Ile Tromelin",0,NA
"2012 - 2025","LSP","Lasting special places (subgoal)","average_yearly_change_in_scores",37,"Mauritius",-0.0449670329670329,0.00404945366238036
"2012 - 2025","LSP","Lasting special places (subgoal)","average_yearly_change_in_scores",38,"British Indian Ocean Territory",0,NA
"2012 - 2025","LSP","Lasting special places (subgoal)","average_yearly_change_in_scores",39,"Maldives",0.457252747252775,2.32159096065131e-05
"2012 - 2025","LSP","Lasting special places (subgoal)","average_yearly_change_in_scores",40,"Sri Lanka",1.955032967033,0.00718409217008251
"2012 - 2025","LSP","Lasting special places (subgoal)","average_yearly_change_in_scores",41,"Mozambique",-0.153120879120879,0.329522316469703
"2012 - 2025","LSP","Lasting special places (subgoal)","average_yearly_change_in_scores",42,"Madagascar",3.23806593406592,0.0394569375532418
"2012 - 2025","LSP","Lasting special places (subgoal)","average_yearly_change_in_scores",43,"Kenya",0.0898461538461562,2.39204941158859e-05
"2012 - 2025","LSP","Lasting special places (subgoal)","average_yearly_change_in_scores",44,"Somalia",-4.98344127897282e-19,0.108864301063032
"2012 - 2025","LSP","Lasting special places (subgoal)","average_yearly_change_in_scores",45,"Eritrea",0,NA
"2012 - 2025","LSP","Lasting special places (subgoal)","average_yearly_change_in_scores",46,"Djibouti",0,NA
"2012 - 2025","LSP","Lasting special places (subgoal)","average_yearly_change_in_scores",47,"Yemen",0.605626373626417,0.00260548433137488
"2012 - 2025","LSP","Lasting special places (subgoal)","average_yearly_change_in_scores",48,"Oman",3.54821978021986,0.00180724704089965
"2012 - 2025","LSP","Lasting special places (subgoal)","average_yearly_change_in_scores",49,"Sudan",0,NA
"2012 - 2025","LSP","Lasting special places (subgoal)","average_yearly_change_in_scores",50,"Saudi Arabia",2.19074725274736,6.52729893573523e-05
"2012 - 2025","LSP","Lasting special places (subgoal)","average_yearly_change_in_scores",51,"Kuwait",0.465384615384709,0.369008956881703
"2012 - 2025","LSP","Lasting special places (subgoal)","average_yearly_change_in_scores",52,"Bahrain",0,NA
"2012 - 2025","LSP","Lasting special places (subgoal)","average_yearly_change_in_scores",53,"Pakistan",2.37419780219795,0.0010504799797892
"2012 - 2025","LSP","Lasting special places (subgoal)","average_yearly_change_in_scores",54,"United Arab Emirates",0.499758241758247,0.0195593171359113
"2012 - 2025","LSP","Lasting special places (subgoal)","average_yearly_change_in_scores",55,"Azores",-0.46432967032966,0.00561657102310213
"2012 - 2025","LSP","Lasting special places (subgoal)","average_yearly_change_in_scores",56,"Cape Verde",0.253450549450507,0.419979200315429
"2012 - 2025","LSP","Lasting special places (subgoal)","average_yearly_change_in_scores",57,"Madeira",-2.63148192562387e-16,0.108864301063032
"2012 - 2025","LSP","Lasting special places (subgoal)","average_yearly_change_in_scores",58,"Canary Islands",-2.63148192562387e-16,0.108864301063032
"2012 - 2025","LSP","Lasting special places (subgoal)","average_yearly_change_in_scores",59,"Belgium",-2.63148192562387e-16,0.108864301063032
"2012 - 2025","LSP","Lasting special places (subgoal)","average_yearly_change_in_scores",60,"Gibraltar",-2.63148192562387e-16,0.108864301063032
"2012 - 2025","LSP","Lasting special places (subgoal)","average_yearly_change_in_scores",61,"Tunisia",-0.632395604395644,0.00199214440579688
"2012 - 2025","LSP","Lasting special places (subgoal)","average_yearly_change_in_scores",62,"Morocco",0.153428571428579,0.00124083872291276
"2012 - 2025","LSP","Lasting special places (subgoal)","average_yearly_change_in_scores",63,"Western Sahara",0,NA
"2012 - 2025","LSP","Lasting special places (subgoal)","average_yearly_change_in_scores",64,"Mauritania",0.0702857142857164,4.66434013395085e-06
"2012 - 2025","LSP","Lasting special places (subgoal)","average_yearly_change_in_scores",65,"Gambia",0.300681318681294,0.17401577846024
"2012 - 2025","LSP","Lasting special places (subgoal)","average_yearly_change_in_scores",66,"Senegal",1.13068131868136,6.597525614499e-05
"2012 - 2025","LSP","Lasting special places (subgoal)","average_yearly_change_in_scores",67,"Libya",0,NA
"2012 - 2025","LSP","Lasting special places (subgoal)","average_yearly_change_in_scores",68,"Malta",0.429538461538484,0.0073212931942061
"2012 - 2025","LSP","Lasting special places (subgoal)","average_yearly_change_in_scores",69,"Latvia",-2.63148192562387e-16,0.108864301063032
"2012 - 2025","LSP","Lasting special places (subgoal)","average_yearly_change_in_scores",70,"Estonia",-2.63148192562387e-16,0.108864301063032
"2012 - 2025","LSP","Lasting special places (subgoal)","average_yearly_change_in_scores",71,"Bulgaria",-2.63148192562387e-16,0.108864301063032
"2012 - 2025","LSP","Lasting special places (subgoal)","average_yearly_change_in_scores",72,"Romania",-2.63148192562387e-16,0.108864301063032
"2012 - 2025","LSP","Lasting special places (subgoal)","average_yearly_change_in_scores",73,"Russia",0.300417582417606,0.0409139908121154
"2012 - 2025","LSP","Lasting special places (subgoal)","average_yearly_change_in_scores",74,"Georgia",-5.49755197382544e-16,0.108864301063032
"2012 - 2025","LSP","Lasting special places (subgoal)","average_yearly_change_in_scores",75,"Ukraine",-2.63148192562387e-16,0.108864301063032
"2012 - 2025","LSP","Lasting special places (subgoal)","average_yearly_change_in_scores",76,"Turkey",1.8692465769092e-16,0.108864301063032
"2012 - 2025","LSP","Lasting special places (subgoal)","average_yearly_change_in_scores",77,"Syria",0,NA
"2012 - 2025","LSP","Lasting special places (subgoal)","average_yearly_change_in_scores",78,"Lebanon",0.0666153846153884,0.00139903113451467
"2012 - 2025","LSP","Lasting special places (subgoal)","average_yearly_change_in_scores",79,"Israel",1.85138461538471,3.37467334576983e-05
"2012 - 2025","LSP","Lasting special places (subgoal)","average_yearly_change_in_scores",80,"Greece",-0.11562637362638,0.00403341371251455
"2012 - 2025","LSP","Lasting special places (subgoal)","average_yearly_change_in_scores",81,"Cyprus",2.78140659340672,3.07272435467925e-05
"2012 - 2025","LSP","Lasting special places (subgoal)","average_yearly_change_in_scores",82,"Albania",-0.256043956043953,0.0128995610430968
"2012 - 2025","LSP","Lasting special places (subgoal)","average_yearly_change_in_scores",84,"Algeria",0.246285714285727,0.00171976491154663
"2012 - 2025","LSP","Lasting special places (subgoal)","average_yearly_change_in_scores",85,"Ascension",8.87039560439597,1.07630022157371e-05
"2012 - 2025","LSP","Lasting special places (subgoal)","average_yearly_change_in_scores",86,"Saint Helena",0,NA
"2012 - 2025","LSP","Lasting special places (subgoal)","average_yearly_change_in_scores",88,"Tristan da Cunha",0,NA
"2012 - 2025","LSP","Lasting special places (subgoal)","average_yearly_change_in_scores",89,"South Georgia and the South Sandwich Islands",-2.63148192562387e-16,0.108864301063032
"2012 - 2025","LSP","Lasting special places (subgoal)","average_yearly_change_in_scores",90,"Prince Edward Islands",1.37628571428554,0.108864301063032
"2012 - 2025","LSP","Lasting special places (subgoal)","average_yearly_change_in_scores",91,"Crozet Islands",-2.63148192562387e-16,0.108864301063032
"2012 - 2025","LSP","Lasting special places (subgoal)","average_yearly_change_in_scores",92,"Amsterdam Island and Saint Paul Island",-2.63148192562387e-16,0.108864301063032
"2012 - 2025","LSP","Lasting special places (subgoal)","average_yearly_change_in_scores",93,"Kerguelen Islands",-2.63148192562387e-16,0.108864301063032
"2012 - 2025","LSP","Lasting special places (subgoal)","average_yearly_change_in_scores",94,"Heard and McDonald Islands",-2.63148192562387e-16,0.108864301063032
"2012 - 2025","LSP","Lasting special places (subgoal)","average_yearly_change_in_scores",95,"Falkland Islands",-7.76928466415479e-17,0.108864301063032
"2012 - 2025","LSP","Lasting special places (subgoal)","average_yearly_change_in_scores",96,"Sierra Leone",-0.0448571428571464,0.176632358735562
"2012 - 2025","LSP","Lasting special places (subgoal)","average_yearly_change_in_scores",97,"Liberia",0.0181758241758237,0.00017082898403443
"2012 - 2025","LSP","Lasting special places (subgoal)","average_yearly_change_in_scores",98,"Togo",0,NA
"2012 - 2025","LSP","Lasting special places (subgoal)","average_yearly_change_in_scores",99,"Benin",0,NA
"2012 - 2025","LSP","Lasting special places (subgoal)","average_yearly_change_in_scores",100,"Republique du Congo",0.93195604395608,0.00125386294487663
"2012 - 2025","LSP","Lasting special places (subgoal)","average_yearly_change_in_scores",101,"Namibia",-2.63148192562387e-16,0.108864301063032
"2012 - 2025","LSP","Lasting special places (subgoal)","average_yearly_change_in_scores",102,"South Africa",1.9916043956045,0.000146230794242607
"2012 - 2025","LSP","Lasting special places (subgoal)","average_yearly_change_in_scores",103,"Sao Tome and Principe",-1.13604478893357e-15,0.108864301063032
"2012 - 2025","LSP","Lasting special places (subgoal)","average_yearly_change_in_scores",104,"Equatorial Guinea",0.741890109890134,0.0118448218188847
"2012 - 2025","LSP","Lasting special places (subgoal)","average_yearly_change_in_scores",105,"Bouvet Island",-2.63148192562387e-16,0.108864301063032
"2012 - 2025","LSP","Lasting special places (subgoal)","average_yearly_change_in_scores",106,"Ghana",-0.0629670329670335,0.00389170810664548
"2012 - 2025","LSP","Lasting special places (subgoal)","average_yearly_change_in_scores",107,"Clipperton Island",8.79120879120907,0.000893505495903912
"2012 - 2025","LSP","Lasting special places (subgoal)","average_yearly_change_in_scores",108,"Bermuda",4.94011943907429e-18,0.108864301063032
"2012 - 2025","LSP","Lasting special places (subgoal)","average_yearly_change_in_scores",110,"Bahamas",0.847142857142832,0.142832318061618
"2012 - 2025","LSP","Lasting special places (subgoal)","average_yearly_change_in_scores",111,"Turks and Caicos Islands",-2.00765437978806e-15,0.108864301063032
"2012 - 2025","LSP","Lasting special places (subgoal)","average_yearly_change_in_scores",112,"Cuba",-0.0325274725274715,0.000893505495904071
"2012 - 2025","LSP","Lasting special places (subgoal)","average_yearly_change_in_scores",113,"Cayman Islands",-0.000219780219783619,0.984960179331446
"2012 - 2025","LSP","Lasting special places (subgoal)","average_yearly_change_in_scores",114,"Haiti",3.10129670329656,0.0241258050921774
"2012 - 2025","LSP","Lasting special places (subgoal)","average_yearly_change_in_scores",115,"Dominican Republic",-2.63148192562387e-16,0.108864301063032
"2012 - 2025","LSP","Lasting special places (subgoal)","average_yearly_change_in_scores",116,"Puerto Rico and Virgin Islands of the United States",-2.37602931939735e-15,0.108864301063032
"2012 - 2025","LSP","Lasting special places (subgoal)","average_yearly_change_in_scores",117,"British Virgin Islands",1.72513416206341e-16,0.108864301063032
"2012 - 2025","LSP","Lasting special places (subgoal)","average_yearly_change_in_scores",118,"Anguilla",-1.44599410802076e-15,0.108864301063032
"2012 - 2025","LSP","Lasting special places (subgoal)","average_yearly_change_in_scores",119,"Saint Kitts and Nevis",6.18606593406613,0.00164201202239945
"2012 - 2025","LSP","Lasting special places (subgoal)","average_yearly_change_in_scores",120,"Antigua and Barbuda",1.33694505494505,0.00989204418674446
"2012 - 2025","LSP","Lasting special places (subgoal)","average_yearly_change_in_scores",121,"Montserrat",0,NA
"2012 - 2025","LSP","Lasting special places (subgoal)","average_yearly_change_in_scores",122,"Saint Lucia",-2.58070178914807e-16,0.108864301063032
"2012 - 2025","LSP","Lasting special places (subgoal)","average_yearly_change_in_scores",123,"Dominica",3.55708706030829e-16,0.108864301063032
"2012 - 2025","LSP","Lasting special places (subgoal)","average_yearly_change_in_scores",124,"Barbados",-3.56436361860249e-16,0.108864301063032
"2012 - 2025","LSP","Lasting special places (subgoal)","average_yearly_change_in_scores",125,"Grenada",0.701780219780256,0.014792646813819
"2012 - 2025","LSP","Lasting special places (subgoal)","average_yearly_change_in_scores",126,"Trinidad and Tobago",7.65327265088224e-17,0.108864301063032
"2012 - 2025","LSP","Lasting special places (subgoal)","average_yearly_change_in_scores",127,"Saint Vincent and the Grenadines",4.856581627441e-16,0.108864301063032
"2012 - 2025","LSP","Lasting special places (subgoal)","average_yearly_change_in_scores",129,"Panama",0.0767252747252978,0.380041610885494
"2012 - 2025","LSP","Lasting special places (subgoal)","average_yearly_change_in_scores",130,"Costa Rica",0.290659340659348,0.00831352709122043
"2012 - 2025","LSP","Lasting special places (subgoal)","average_yearly_change_in_scores",131,"Nicaragua",-2.63148192562387e-16,0.108864301063032
"2012 - 2025","LSP","Lasting special places (subgoal)","average_yearly_change_in_scores",132,"Colombia",2.8604835164836,7.50088332843264e-05
"2012 - 2025","LSP","Lasting special places (subgoal)","average_yearly_change_in_scores",133,"Honduras",-2.63148192562387e-16,0.108864301063032
"2012 - 2025","LSP","Lasting special places (subgoal)","average_yearly_change_in_scores",134,"El Salvador",0.0907692307692291,0.00710795152758583
"2012 - 2025","LSP","Lasting special places (subgoal)","average_yearly_change_in_scores",135,"Mexico",-2.63148192562387e-16,0.108864301063032
"2012 - 2025","LSP","Lasting special places (subgoal)","average_yearly_change_in_scores",136,"Guatemala",0.147406593406597,0.00564141615097495
"2012 - 2025","LSP","Lasting special places (subgoal)","average_yearly_change_in_scores",137,"Ecuador",-2.63148192562387e-16,0.108864301063032
"2012 - 2025","LSP","Lasting special places (subgoal)","average_yearly_change_in_scores",138,"Peru",0.0436043956044719,0.890499827984618
"2012 - 2025","LSP","Lasting special places (subgoal)","average_yearly_change_in_scores",139,"Venezuela",-0.195626373626385,1.15816589851971e-06
"2012 - 2025","LSP","Lasting special places (subgoal)","average_yearly_change_in_scores",140,"Guadeloupe and Martinique",-2.63148192562387e-16,0.108864301063032
"2012 - 2025","LSP","Lasting special places (subgoal)","average_yearly_change_in_scores",141,"Faeroe Islands",-0.240000000000008,0.000893505495903909
"2012 - 2025","LSP","Lasting special places (subgoal)","average_yearly_change_in_scores",143,"Iceland",0.258703296703313,0.00145574356721083
"2012 - 2025","LSP","Lasting special places (subgoal)","average_yearly_change_in_scores",144,"Jan Mayen",-2.63148192562387e-16,0.108864301063032
"2012 - 2025","LSP","Lasting special places (subgoal)","average_yearly_change_in_scores",145,"Greenland",-0.0107472527472491,0.0124974354272084
"2012 - 2025","LSP","Lasting special places (subgoal)","average_yearly_change_in_scores",146,"Pitcairn",8.79120879120907,0.000893505495903912
"2012 - 2025","LSP","Lasting special places (subgoal)","average_yearly_change_in_scores",147,"French Polynesia",0,NA
"2012 - 2025","LSP","Lasting special places (subgoal)","average_yearly_change_in_scores",148,"Line Islands (Kiribati)",0,NA
"2012 - 2025","LSP","Lasting special places (subgoal)","average_yearly_change_in_scores",149,"Jarvis Island",-2.63148192562387e-16,0.108864301063032
"2012 - 2025","LSP","Lasting special places (subgoal)","average_yearly_change_in_scores",150,"Palmyra Atoll",-2.63148192562387e-16,0.108864301063032
"2012 - 2025","LSP","Lasting special places (subgoal)","average_yearly_change_in_scores",151,"American Samoa",-0.000197802197803119,0.813014003312723
"2012 - 2025","LSP","Lasting special places (subgoal)","average_yearly_change_in_scores",152,"Samoa",1.46232172885441e-17,0.108864301063032
"2012 - 2025","LSP","Lasting special places (subgoal)","average_yearly_change_in_scores",153,"Cook Islands",9.81098901098943,0.00022331079338624
"2012 - 2025","LSP","Lasting special places (subgoal)","average_yearly_change_in_scores",154,"Niue",0,NA
"2012 - 2025","LSP","Lasting special places (subgoal)","average_yearly_change_in_scores",155,"Tonga",-1.89496068196366e-15,0.108864301063032
"2012 - 2025","LSP","Lasting special places (subgoal)","average_yearly_change_in_scores",156,"Tokelau",0,NA
"2012 - 2025","LSP","Lasting special places (subgoal)","average_yearly_change_in_scores",157,"Phoenix Islands (Kiribati)",-2.63148192562387e-16,0.108864301063032
"2012 - 2025","LSP","Lasting special places (subgoal)","average_yearly_change_in_scores",158,"Howland Island and Baker Island",-2.63148192562387e-16,0.108864301063032
"2012 - 2025","LSP","Lasting special places (subgoal)","average_yearly_change_in_scores",159,"Johnston Atoll",-2.63148192562387e-16,0.108864301063032
"2012 - 2025","LSP","Lasting special places (subgoal)","average_yearly_change_in_scores",161,"Wallis and Futuna",0,NA
"2012 - 2025","LSP","Lasting special places (subgoal)","average_yearly_change_in_scores",162,"New Zealand",0.0604835164835124,0.147100907765536
"2012 - 2025","LSP","Lasting special places (subgoal)","average_yearly_change_in_scores",163,"United States",-0.0175824175824207,0.00261554122401729
"2012 - 2025","LSP","Lasting special places (subgoal)","average_yearly_change_in_scores",164,"Belize",3.58652747252765,5.77861489715824e-06
"2012 - 2025","LSP","Lasting special places (subgoal)","average_yearly_change_in_scores",166,"Jamaica",0.130219780219792,0.00150484607584712
"2012 - 2025","LSP","Lasting special places (subgoal)","average_yearly_change_in_scores",167,"Guyana",-0.565714285714293,0.00424047706080549
"2012 - 2025","LSP","Lasting special places (subgoal)","average_yearly_change_in_scores",168,"Suriname",-2.63148192562387e-16,0.108864301063032
"2012 - 2025","LSP","Lasting special places (subgoal)","average_yearly_change_in_scores",169,"French Guiana",-2.63148192562387e-16,0.108864301063032
"2012 - 2025","LSP","Lasting special places (subgoal)","average_yearly_change_in_scores",171,"Brazil",0.00571428571428439,0.108864301063032
"2012 - 2025","LSP","Lasting special places (subgoal)","average_yearly_change_in_scores",172,"Argentina",0.333340659340657,0.0252303571961348
"2012 - 2025","LSP","Lasting special places (subgoal)","average_yearly_change_in_scores",173,"Uruguay",1.17156043956045,0.0100800612568012
"2012 - 2025","LSP","Lasting special places (subgoal)","average_yearly_change_in_scores",174,"Finland",0.15035164835165,0.0150006724098158
"2012 - 2025","LSP","Lasting special places (subgoal)","average_yearly_change_in_scores",175,"Denmark",-2.63148192562387e-16,0.108864301063032
"2012 - 2025","LSP","Lasting special places (subgoal)","average_yearly_change_in_scores",176,"Germany",-2.63148192562387e-16,0.108864301063032
"2012 - 2025","LSP","Lasting special places (subgoal)","average_yearly_change_in_scores",177,"Netherlands",-2.63148192562387e-16,0.108864301063032
"2012 - 2025","LSP","Lasting special places (subgoal)","average_yearly_change_in_scores",178,"Poland",-2.63148192562387e-16,0.108864301063032
"2012 - 2025","LSP","Lasting special places (subgoal)","average_yearly_change_in_scores",179,"France",-2.63148192562387e-16,0.108864301063032
"2012 - 2025","LSP","Lasting special places (subgoal)","average_yearly_change_in_scores",180,"United Kingdom",-2.63148192562387e-16,0.108864301063032
"2012 - 2025","LSP","Lasting special places (subgoal)","average_yearly_change_in_scores",181,"Ireland",4.13934065934091,3.68910997792427e-06
"2012 - 2025","LSP","Lasting special places (subgoal)","average_yearly_change_in_scores",182,"Spain",0.178439560439556,0.0212716093898314
"2012 - 2025","LSP","Lasting special places (subgoal)","average_yearly_change_in_scores",183,"Portugal",-2.63148192562387e-16,0.108864301063032
"2012 - 2025","LSP","Lasting special places (subgoal)","average_yearly_change_in_scores",184,"Italy",0.0381758241758261,0.00467163329155372
"2012 - 2025","LSP","Lasting special places (subgoal)","average_yearly_change_in_scores",185,"Monaco",-1.28527472527477,0.00089350549590391
"2012 - 2025","LSP","Lasting special places (subgoal)","average_yearly_change_in_scores",186,"Montenegro",1.27328654993541e-15,0.108864301063032
"2012 - 2025","LSP","Lasting special places (subgoal)","average_yearly_change_in_scores",187,"Croatia",2.31457142857126,0.0343096307875094
"2012 - 2025","LSP","Lasting special places (subgoal)","average_yearly_change_in_scores",188,"Slovenia",0.877428571428587,0.00415385795417287
"2012 - 2025","LSP","Lasting special places (subgoal)","average_yearly_change_in_scores",189,"Lithuania",-2.63148192562387e-16,0.108864301063032
"2012 - 2025","LSP","Lasting special places (subgoal)","average_yearly_change_in_scores",190,"Qatar",-8.35163815406024e-16,0.108864301063032
"2012 - 2025","LSP","Lasting special places (subgoal)","average_yearly_change_in_scores",191,"Iran",0.00116483516483385,0.700032336748083
"2012 - 2025","LSP","Lasting special places (subgoal)","average_yearly_change_in_scores",192,"Iraq",0,NA
"2012 - 2025","LSP","Lasting special places (subgoal)","average_yearly_change_in_scores",193,"Guinea Bissau",0.115736263736272,8.11881221420781e-07
"2012 - 2025","LSP","Lasting special places (subgoal)","average_yearly_change_in_scores",194,"Guinea",0.0699340659340647,0.000448953745434082
"2012 - 2025","LSP","Lasting special places (subgoal)","average_yearly_change_in_scores",195,"Ivory Coast",0.0357582417582423,3.63281072112937e-07
"2012 - 2025","LSP","Lasting special places (subgoal)","average_yearly_change_in_scores",196,"Nigeria",-0.0188351648351636,0.0602735802105198
"2012 - 2025","LSP","Lasting special places (subgoal)","average_yearly_change_in_scores",197,"Cameroon",1.93549450549465,0.00738133323035553
"2012 - 2025","LSP","Lasting special places (subgoal)","average_yearly_change_in_scores",198,"Gabon",2.37725274725285,0.00022365603852942
"2012 - 2025","LSP","Lasting special places (subgoal)","average_yearly_change_in_scores",199,"Democratic Republic of the Congo",0.0522637362637368,1.32250480770263e-06
"2012 - 2025","LSP","Lasting special places (subgoal)","average_yearly_change_in_scores",200,"Angola",0.0299560439560452,2.50358254297557e-10
"2012 - 2025","LSP","Lasting special places (subgoal)","average_yearly_change_in_scores",202,"Tanzania",0.0631868131868132,4.6089519142218e-06
"2012 - 2025","LSP","Lasting special places (subgoal)","average_yearly_change_in_scores",203,"India",0.0524175824175841,0.0196514954740388
"2012 - 2025","LSP","Lasting special places (subgoal)","average_yearly_change_in_scores",204,"Bangladesh",3.64441758241775,0.000398336365036798
"2012 - 2025","LSP","Lasting special places (subgoal)","average_yearly_change_in_scores",205,"Myanmar",0.275054945054953,0.0205610016006421
"2012 - 2025","LSP","Lasting special places (subgoal)","average_yearly_change_in_scores",206,"Malaysia",1.81061538461537,0.083896706304429
"2012 - 2025","LSP","Lasting special places (subgoal)","average_yearly_change_in_scores",207,"Vietnam",0.0155604395604387,0.295175084714288
"2012 - 2025","LSP","Lasting special places (subgoal)","average_yearly_change_in_scores",208,"Singapore",-5.52632512301795e-18,0.108864301063032
"2012 - 2025","LSP","Lasting special places (subgoal)","average_yearly_change_in_scores",209,"China",0.0267692307692246,0.344204853159805
"2012 - 2025","LSP","Lasting special places (subgoal)","average_yearly_change_in_scores",210,"Japan",0.503142857142792,0.108864301063032
"2012 - 2025","LSP","Lasting special places (subgoal)","average_yearly_change_in_scores",212,"Gilbert Islands (Kiribati)",0,NA
"2012 - 2025","LSP","Lasting special places (subgoal)","average_yearly_change_in_scores",214,"Egypt",-0.052043956043951,0.186324431680008
"2012 - 2025","LSP","Lasting special places (subgoal)","average_yearly_change_in_scores",215,"Jordan",2.2238241758243,0.00046484060900895
"2012 - 2025","LSP","Lasting special places (subgoal)","average_yearly_change_in_scores",216,"Indonesia",0.637736263736267,0.0126125949929888
"2012 - 2025","LSP","Lasting special places (subgoal)","average_yearly_change_in_scores",218,"Canada",0.761186813186852,0.000608163349517685
"2012 - 2025","LSP","Lasting special places (subgoal)","average_yearly_change_in_scores",219,"Saint Pierre and Miquelon",0.00309890109890113,0.0538060694757746
"2012 - 2025","LSP","Lasting special places (subgoal)","average_yearly_change_in_scores",220,"Sint Maarten",-0.679120879120873,0.00953921025239899
"2012 - 2025","LSP","Lasting special places (subgoal)","average_yearly_change_in_scores",221,"Northern Saint-Martin",-2.63148192562387e-16,0.108864301063032
"2012 - 2025","LSP","Lasting special places (subgoal)","average_yearly_change_in_scores",222,"Sweden",0.700263736263761,5.12119947151888e-06
"2012 - 2025","LSP","Lasting special places (subgoal)","average_yearly_change_in_scores",223,"Norway",0.42476923076926,0.328740476919151
"2012 - 2025","LSP","Lasting special places (subgoal)","average_yearly_change_in_scores",224,"Chile",0.226417582417593,4.40186945329608e-06
"2012 - 2025","LSP","Lasting special places (subgoal)","average_yearly_change_in_scores",227,"Jersey",0.911296703296742,0.00297452061617112
"2012 - 2025","LSP","Lasting special places (subgoal)","average_yearly_change_in_scores",228,"Guernsey",0.611318681318665,0.135624024886473
"2012 - 2025","LSP","Lasting special places (subgoal)","average_yearly_change_in_scores",231,"East Timor",0.17424175824176,0.030942804775037
"2012 - 2025","LSP","Lasting special places (subgoal)","average_yearly_change_in_scores",232,"Bosnia and Herzegovina",-1.82772786448949e-16,0.108864301063032
"2012 - 2025","LSP","Lasting special places (subgoal)","average_yearly_change_in_scores",237,"Oecussi Ambeno",1.75217582417583,0.0905035970531564
"2012 - 2025","LSP","Lasting special places (subgoal)","average_yearly_change_in_scores",244,"Curacao",-0.0360219780221443,0.951967694295574
"2012 - 2025","LSP","Lasting special places (subgoal)","average_yearly_change_in_scores",245,"Bonaire",3.17090109890115,0.00424047706080546
"2012 - 2025","LSP","Lasting special places (subgoal)","average_yearly_change_in_scores",247,"Brunei",-0.0483516483516518,0.00148859778949756
"2012 - 2025","LSP","Lasting special places (subgoal)","average_yearly_change_in_scores",248,"Saba",1.0937142857143,0.00424047706080547
"2012 - 2025","LSP","Lasting special places (subgoal)","average_yearly_change_in_scores",249,"Sint Eustatius",2.12,0.0275340003230606
"2012 - 2025","LSP","Lasting special places (subgoal)","average_yearly_change_in_scores",250,"Aruba",3.82754125961975e-16,0.108864301063032
"2012 - 2025","MAR","Mariculture (subgoal)","average_yearly_change_in_scores",0,"Global average",0.114923076923084,6.95381886020665e-09
"2012 - 2025","MAR","Mariculture (subgoal)","average_yearly_change_in_scores",1,"Cocos Islands",0,NA
"2012 - 2025","MAR","Mariculture (subgoal)","average_yearly_change_in_scores",2,"Christmas Island",0,NA
"2012 - 2025","MAR","Mariculture (subgoal)","average_yearly_change_in_scores",3,"Norfolk Island",0,NA
"2012 - 2025","MAR","Mariculture (subgoal)","average_yearly_change_in_scores",5,"New Caledonia",-0.000461538461538384,0.529527780122208
"2012 - 2025","MAR","Mariculture (subgoal)","average_yearly_change_in_scores",6,"Vanuatu",-0.00169230769230772,2.87078824278448e-05
"2012 - 2025","MAR","Mariculture (subgoal)","average_yearly_change_in_scores",7,"Solomon Islands",-8.79120879121525e-05,0.885179902964606
"2012 - 2025","MAR","Mariculture (subgoal)","average_yearly_change_in_scores",8,"Palau",-0.00287912087912107,5.29010431774626e-05
"2012 - 2025","MAR","Mariculture (subgoal)","average_yearly_change_in_scores",9,"Micronesia",0,NA
"2012 - 2025","MAR","Mariculture (subgoal)","average_yearly_change_in_scores",11,"Marshall Islands",0,NA
"2012 - 2025","MAR","Mariculture (subgoal)","average_yearly_change_in_scores",13,"Northern Mariana Islands and Guam",-0.0196483516483527,1.23927029094383e-08
"2012 - 2025","MAR","Mariculture (subgoal)","average_yearly_change_in_scores",14,"Taiwan",-0.124175824175828,0.014272630584625
"2012 - 2025","MAR","Mariculture (subgoal)","average_yearly_change_in_scores",15,"Philippines",0.136615384615392,0.00028322555219178
"2012 - 2025","MAR","Mariculture (subgoal)","average_yearly_change_in_scores",16,"Australia",0.00782417582417627,0.00019756674540255
"2012 - 2025","MAR","Mariculture (subgoal)","average_yearly_change_in_scores",17,"Papua New Guinea",0,NA
"2012 - 2025","MAR","Mariculture (subgoal)","average_yearly_change_in_scores",18,"Fiji",-0.000769230769230812,0.0123584608819106
"2012 - 2025","MAR","Mariculture (subgoal)","average_yearly_change_in_scores",19,"Tuvalu",0,NA
"2012 - 2025","MAR","Mariculture (subgoal)","average_yearly_change_in_scores",20,"South Korea",0.0277362637362641,6.97779142463272e-06
"2012 - 2025","MAR","Mariculture (subgoal)","average_yearly_change_in_scores",21,"North Korea",1.76945054945064,4.72836640185582e-07
"2012 - 2025","MAR","Mariculture (subgoal)","average_yearly_change_in_scores",24,"Cambodia",0.206967032967044,1.82129307958292e-05
"2012 - 2025","MAR","Mariculture (subgoal)","average_yearly_change_in_scores",25,"Thailand",-0.498373626373638,0.00074566955432124
"2012 - 2025","MAR","Mariculture (subgoal)","average_yearly_change_in_scores",26,"Andaman and Nicobar",0,NA
"2012 - 2025","MAR","Mariculture (subgoal)","average_yearly_change_in_scores",28,"Comoro Islands",0,NA
"2012 - 2025","MAR","Mariculture (subgoal)","average_yearly_change_in_scores",29,"Mayotte",-0.0144175824175833,0.0013363390922779
"2012 - 2025","MAR","Mariculture (subgoal)","average_yearly_change_in_scores",31,"Seychelles",-0.000527472527472517,0.0211650983618331
"2012 - 2025","MAR","Mariculture (subgoal)","average_yearly_change_in_scores",32,"Réunion",-0.204989010989016,3.83036724812465e-05
"2012 - 2025","MAR","Mariculture (subgoal)","average_yearly_change_in_scores",37,"Mauritius",0.0252527472527486,3.11077855035454e-06
"2012 - 2025","MAR","Mariculture (subgoal)","average_yearly_change_in_scores",38,"British Indian Ocean Territory",0,NA
"2012 - 2025","MAR","Mariculture (subgoal)","average_yearly_change_in_scores",39,"Maldives",0,NA
"2012 - 2025","MAR","Mariculture (subgoal)","average_yearly_change_in_scores",40,"Sri Lanka",0.125472527472535,8.44506306936084e-06
"2012 - 2025","MAR","Mariculture (subgoal)","average_yearly_change_in_scores",41,"Mozambique",-0.00171428571428577,0.000157940991248025
"2012 - 2025","MAR","Mariculture (subgoal)","average_yearly_change_in_scores",42,"Madagascar",0.00470329670329718,0.00779249756260504
"2012 - 2025","MAR","Mariculture (subgoal)","average_yearly_change_in_scores",43,"Kenya",0.00514285714285738,4.53182829719045e-07
"2012 - 2025","MAR","Mariculture (subgoal)","average_yearly_change_in_scores",44,"Somalia",0,NA
"2012 - 2025","MAR","Mariculture (subgoal)","average_yearly_change_in_scores",45,"Eritrea",0,NA
"2012 - 2025","MAR","Mariculture (subgoal)","average_yearly_change_in_scores",46,"Djibouti",0,NA
"2012 - 2025","MAR","Mariculture (subgoal)","average_yearly_change_in_scores",47,"Yemen",-0.00171428571428577,0.000157940991248025
"2012 - 2025","MAR","Mariculture (subgoal)","average_yearly_change_in_scores",48,"Oman",0.0124835164835173,0.00428486632820491
"2012 - 2025","MAR","Mariculture (subgoal)","average_yearly_change_in_scores",49,"Sudan",0,NA
"2012 - 2025","MAR","Mariculture (subgoal)","average_yearly_change_in_scores",50,"Saudi Arabia",0.634329670329712,3.26182832530789e-06
"2012 - 2025","MAR","Mariculture (subgoal)","average_yearly_change_in_scores",51,"Kuwait",-0.000989010989010994,0.0040769948346158
"2012 - 2025","MAR","Mariculture (subgoal)","average_yearly_change_in_scores",52,"Bahrain",0.00371428571428591,9.72508290133242e-05
"2012 - 2025","MAR","Mariculture (subgoal)","average_yearly_change_in_scores",53,"Pakistan",0.00123076923076928,0.0246109496532979
"2012 - 2025","MAR","Mariculture (subgoal)","average_yearly_change_in_scores",54,"United Arab Emirates",0.0899780219780267,0.000370534172182897
"2012 - 2025","MAR","Mariculture (subgoal)","average_yearly_change_in_scores",55,"Azores",0,NA
"2012 - 2025","MAR","Mariculture (subgoal)","average_yearly_change_in_scores",56,"Cape Verde",0.00457142857142887,0.00037391309213225
"2012 - 2025","MAR","Mariculture (subgoal)","average_yearly_change_in_scores",57,"Madeira",0,NA
"2012 - 2025","MAR","Mariculture (subgoal)","average_yearly_change_in_scores",58,"Canary Islands",0,NA
"2012 - 2025","MAR","Mariculture (subgoal)","average_yearly_change_in_scores",59,"Belgium",0,NA
"2012 - 2025","MAR","Mariculture (subgoal)","average_yearly_change_in_scores",60,"Gibraltar",0,NA
"2012 - 2025","MAR","Mariculture (subgoal)","average_yearly_change_in_scores",61,"Tunisia",0.258109890109901,1.29141836348192e-06
"2012 - 2025","MAR","Mariculture (subgoal)","average_yearly_change_in_scores",62,"Morocco",0.00742857142857182,5.4440806939243e-06
"2012 - 2025","MAR","Mariculture (subgoal)","average_yearly_change_in_scores",63,"Western Sahara",0,NA
"2012 - 2025","MAR","Mariculture (subgoal)","average_yearly_change_in_scores",64,"Mauritania",0,NA
"2012 - 2025","MAR","Mariculture (subgoal)","average_yearly_change_in_scores",65,"Gambia",0.0015164835164836,7.53578248962334e-06
"2012 - 2025","MAR","Mariculture (subgoal)","average_yearly_change_in_scores",66,"Senegal",0.0121978021978027,0.00102002231746415
"2012 - 2025","MAR","Mariculture (subgoal)","average_yearly_change_in_scores",67,"Libya",-0.00101098901098899,0.00611285256848312
"2012 - 2025","MAR","Mariculture (subgoal)","average_yearly_change_in_scores",68,"Malta",-0.0898021978022039,0.00889629778888966
"2012 - 2025","MAR","Mariculture (subgoal)","average_yearly_change_in_scores",69,"Latvia",0,NA
"2012 - 2025","MAR","Mariculture (subgoal)","average_yearly_change_in_scores",70,"Estonia",0.24006593406595,0.000382744285486295
"2012 - 2025","MAR","Mariculture (subgoal)","average_yearly_change_in_scores",71,"Bulgaria",0.00145054945054957,0.00424047706079904
"2012 - 2025","MAR","Mariculture (subgoal)","average_yearly_change_in_scores",72,"Romania",-0.00441758241758336,0.52892310284357
"2012 - 2025","MAR","Mariculture (subgoal)","average_yearly_change_in_scores",73,"Russia",0.599516483516518,4.96677841002512e-05
"2012 - 2025","MAR","Mariculture (subgoal)","average_yearly_change_in_scores",74,"Georgia",0,NA
"2012 - 2025","MAR","Mariculture (subgoal)","average_yearly_change_in_scores",75,"Ukraine",-0.00674725274725329,0.015368003708659
"2012 - 2025","MAR","Mariculture (subgoal)","average_yearly_change_in_scores",76,"Turkey",0.0273406593406612,0.829252061576605
"2012 - 2025","MAR","Mariculture (subgoal)","average_yearly_change_in_scores",77,"Syria",0,NA
"2012 - 2025","MAR","Mariculture (subgoal)","average_yearly_change_in_scores",78,"Lebanon",-0.0371428571428589,0.000531372659950689
"2012 - 2025","MAR","Mariculture (subgoal)","average_yearly_change_in_scores",79,"Israel",1.58283516483525,2.09987947961864e-05
"2012 - 2025","MAR","Mariculture (subgoal)","average_yearly_change_in_scores",80,"Greece",-0.061956043956048,0.284092128907542
"2012 - 2025","MAR","Mariculture (subgoal)","average_yearly_change_in_scores",81,"Cyprus",2.27046153846162,1.15579738303881e-05
"2012 - 2025","MAR","Mariculture (subgoal)","average_yearly_change_in_scores",82,"Albania",2.16995604395616,2.79897766980731e-07
"2012 - 2025","MAR","Mariculture (subgoal)","average_yearly_change_in_scores",84,"Algeria",1.17890109890117,1.35755066978477e-07
"2012 - 2025","MAR","Mariculture (subgoal)","average_yearly_change_in_scores",85,"Ascension",0,NA
"2012 - 2025","MAR","Mariculture (subgoal)","average_yearly_change_in_scores",86,"Saint Helena",0,NA
"2012 - 2025","MAR","Mariculture (subgoal)","average_yearly_change_in_scores",88,"Tristan da Cunha",0,NA
"2012 - 2025","MAR","Mariculture (subgoal)","average_yearly_change_in_scores",95,"Falkland Islands",0,NA
"2012 - 2025","MAR","Mariculture (subgoal)","average_yearly_change_in_scores",96,"Sierra Leone",0,NA
"2012 - 2025","MAR","Mariculture (subgoal)","average_yearly_change_in_scores",97,"Liberia",0,NA
"2012 - 2025","MAR","Mariculture (subgoal)","average_yearly_change_in_scores",98,"Togo",0,NA
"2012 - 2025","MAR","Mariculture (subgoal)","average_yearly_change_in_scores",99,"Benin",0,NA
"2012 - 2025","MAR","Mariculture (subgoal)","average_yearly_change_in_scores",100,"Republique du Congo",0,NA
"2012 - 2025","MAR","Mariculture (subgoal)","average_yearly_change_in_scores",101,"Namibia",-5.00806352304238e-19,0.108864301063032
"2012 - 2025","MAR","Mariculture (subgoal)","average_yearly_change_in_scores",102,"South Africa",0.0111208791208796,4.04285653645347e-05
"2012 - 2025","MAR","Mariculture (subgoal)","average_yearly_change_in_scores",103,"Sao Tome and Principe",0,NA
"2012 - 2025","MAR","Mariculture (subgoal)","average_yearly_change_in_scores",104,"Equatorial Guinea",0,NA
"2012 - 2025","MAR","Mariculture (subgoal)","average_yearly_change_in_scores",106,"Ghana",0.00145054945054952,0.000821620712881242
"2012 - 2025","MAR","Mariculture (subgoal)","average_yearly_change_in_scores",108,"Bermuda",0,NA
"2012 - 2025","MAR","Mariculture (subgoal)","average_yearly_change_in_scores",110,"Bahamas",0,NA
"2012 - 2025","MAR","Mariculture (subgoal)","average_yearly_change_in_scores",111,"Turks and Caicos Islands",0,NA
"2012 - 2025","MAR","Mariculture (subgoal)","average_yearly_change_in_scores",112,"Cuba",0.0045054945054947,0.371528099318246
"2012 - 2025","MAR","Mariculture (subgoal)","average_yearly_change_in_scores",113,"Cayman Islands",0,NA
"2012 - 2025","MAR","Mariculture (subgoal)","average_yearly_change_in_scores",114,"Haiti",0,NA
"2012 - 2025","MAR","Mariculture (subgoal)","average_yearly_change_in_scores",115,"Dominican Republic",-0.0254725274725273,0.0569224460326732
"2012 - 2025","MAR","Mariculture (subgoal)","average_yearly_change_in_scores",116,"Puerto Rico and Virgin Islands of the United States",-0.00360439560439552,0.00750740636049717
"2012 - 2025","MAR","Mariculture (subgoal)","average_yearly_change_in_scores",118,"Anguilla",0,NA
"2012 - 2025","MAR","Mariculture (subgoal)","average_yearly_change_in_scores",120,"Antigua and Barbuda",0,NA
"2012 - 2025","MAR","Mariculture (subgoal)","average_yearly_change_in_scores",121,"Montserrat",0,NA
"2012 - 2025","MAR","Mariculture (subgoal)","average_yearly_change_in_scores",122,"Saint Lucia",0.0229010989011004,0.000371664547539524
"2012 - 2025","MAR","Mariculture (subgoal)","average_yearly_change_in_scores",123,"Dominica",0,NA
"2012 - 2025","MAR","Mariculture (subgoal)","average_yearly_change_in_scores",124,"Barbados",0,NA
"2012 - 2025","MAR","Mariculture (subgoal)","average_yearly_change_in_scores",125,"Grenada",0.00105494505494511,8.20192563233385e-05
"2012 - 2025","MAR","Mariculture (subgoal)","average_yearly_change_in_scores",126,"Trinidad and Tobago",0,NA
"2012 - 2025","MAR","Mariculture (subgoal)","average_yearly_change_in_scores",127,"Saint Vincent and the Grenadines",0,NA
"2012 - 2025","MAR","Mariculture (subgoal)","average_yearly_change_in_scores",129,"Panama",0.000813186813186397,0.954791402045409
"2012 - 2025","MAR","Mariculture (subgoal)","average_yearly_change_in_scores",130,"Costa Rica",-0.00953846153846056,0.262491361519173
"2012 - 2025","MAR","Mariculture (subgoal)","average_yearly_change_in_scores",131,"Nicaragua",0.0183956043956047,0.0026507986647834
"2012 - 2025","MAR","Mariculture (subgoal)","average_yearly_change_in_scores",132,"Colombia",-0.0205934065934047,0.222811970101188
"2012 - 2025","MAR","Mariculture (subgoal)","average_yearly_change_in_scores",133,"Honduras",0.0896483516483545,0.00264121725761127
"2012 - 2025","MAR","Mariculture (subgoal)","average_yearly_change_in_scores",134,"El Salvador",0.0194725274725272,0.0500106710206544
"2012 - 2025","MAR","Mariculture (subgoal)","average_yearly_change_in_scores",135,"Mexico",0.0563736263736303,5.2066357388295e-05
"2012 - 2025","MAR","Mariculture (subgoal)","average_yearly_change_in_scores",136,"Guatemala",0.143604395604418,0.26320773365432
"2012 - 2025","MAR","Mariculture (subgoal)","average_yearly_change_in_scores",137,"Ecuador",3.97773626373645,1.43372193907666e-08
"2012 - 2025","MAR","Mariculture (subgoal)","average_yearly_change_in_scores",138,"Peru",0.0420659340659346,0.21063376202512
"2012 - 2025","MAR","Mariculture (subgoal)","average_yearly_change_in_scores",139,"Venezuela",0.0648131868131903,8.92287380980501e-05
"2012 - 2025","MAR","Mariculture (subgoal)","average_yearly_change_in_scores",140,"Guadeloupe and Martinique",0.00221978021978062,0.262118830264234
"2012 - 2025","MAR","Mariculture (subgoal)","average_yearly_change_in_scores",141,"Faeroe Islands",0.622527472527479,0.000100083943832922
"2012 - 2025","MAR","Mariculture (subgoal)","average_yearly_change_in_scores",143,"Iceland",0.517846153846185,2.86907989810874e-06
"2012 - 2025","MAR","Mariculture (subgoal)","average_yearly_change_in_scores",145,"Greenland",0.000527472527472563,0.0211650983618185
"2012 - 2025","MAR","Mariculture (subgoal)","average_yearly_change_in_scores",146,"Pitcairn",0,NA
"2012 - 2025","MAR","Mariculture (subgoal)","average_yearly_change_in_scores",147,"French Polynesia",-0.0176703296703312,0.00822104211444679
"2012 - 2025","MAR","Mariculture (subgoal)","average_yearly_change_in_scores",148,"Line Islands (Kiribati)",0,NA
"2012 - 2025","MAR","Mariculture (subgoal)","average_yearly_change_in_scores",151,"American Samoa",0,NA
"2012 - 2025","MAR","Mariculture (subgoal)","average_yearly_change_in_scores",152,"Samoa",0.00105494505494511,8.20192563233385e-05
"2012 - 2025","MAR","Mariculture (subgoal)","average_yearly_change_in_scores",153,"Cook Islands",0.00226373626373621,0.0608569690568931
"2012 - 2025","MAR","Mariculture (subgoal)","average_yearly_change_in_scores",154,"Niue",0,NA
"2012 - 2025","MAR","Mariculture (subgoal)","average_yearly_change_in_scores",155,"Tonga",-0.0131868131868134,0.00276172784548097
"2012 - 2025","MAR","Mariculture (subgoal)","average_yearly_change_in_scores",156,"Tokelau",0,NA
"2012 - 2025","MAR","Mariculture (subgoal)","average_yearly_change_in_scores",157,"Phoenix Islands (Kiribati)",0,NA
"2012 - 2025","MAR","Mariculture (subgoal)","average_yearly_change_in_scores",161,"Wallis and Futuna",0,NA
"2012 - 2025","MAR","Mariculture (subgoal)","average_yearly_change_in_scores",162,"New Zealand",0.0105054945054964,0.338033549081596
"2012 - 2025","MAR","Mariculture (subgoal)","average_yearly_change_in_scores",163,"United States",0.0292307692307709,6.10340679006326e-07
"2012 - 2025","MAR","Mariculture (subgoal)","average_yearly_change_in_scores",164,"Belize",-0.174703296703312,0.003979587483125
"2012 - 2025","MAR","Mariculture (subgoal)","average_yearly_change_in_scores",166,"Jamaica",-0.00356043956043969,2.65108976992277e-05
"2012 - 2025","MAR","Mariculture (subgoal)","average_yearly_change_in_scores",167,"Guyana",0.00250549450549472,0.0286151252951888
"2012 - 2025","MAR","Mariculture (subgoal)","average_yearly_change_in_scores",168,"Suriname",0,NA
"2012 - 2025","MAR","Mariculture (subgoal)","average_yearly_change_in_scores",169,"French Guiana",0,NA
"2012 - 2025","MAR","Mariculture (subgoal)","average_yearly_change_in_scores",171,"Brazil",0.0025494505494506,0.711898038731923
"2012 - 2025","MAR","Mariculture (subgoal)","average_yearly_change_in_scores",172,"Argentina",0,NA
"2012 - 2025","MAR","Mariculture (subgoal)","average_yearly_change_in_scores",173,"Uruguay",0,NA
"2012 - 2025","MAR","Mariculture (subgoal)","average_yearly_change_in_scores",174,"Finland",0.0145934065934076,0.147893591820245
"2012 - 2025","MAR","Mariculture (subgoal)","average_yearly_change_in_scores",175,"Denmark",-0.374109890109892,0.00217497610688675
"2012 - 2025","MAR","Mariculture (subgoal)","average_yearly_change_in_scores",176,"Germany",3.65597802197806,0.00140977447648528
"2012 - 2025","MAR","Mariculture (subgoal)","average_yearly_change_in_scores",177,"Netherlands",0.00246153846153699,0.00394409664738621
"2012 - 2025","MAR","Mariculture (subgoal)","average_yearly_change_in_scores",178,"Poland",0,NA
"2012 - 2025","MAR","Mariculture (subgoal)","average_yearly_change_in_scores",179,"France",-0.183076923076866,0.625497504989836
"2012 - 2025","MAR","Mariculture (subgoal)","average_yearly_change_in_scores",180,"United Kingdom",-0.0575164835164928,0.292227681543088
"2012 - 2025","MAR","Mariculture (subgoal)","average_yearly_change_in_scores",181,"Ireland",0.00494505494506052,0.891404605848388
"2012 - 2025","MAR","Mariculture (subgoal)","average_yearly_change_in_scores",182,"Spain",-0.045340659340665,0.214656137196002
"2012 - 2025","MAR","Mariculture (subgoal)","average_yearly_change_in_scores",183,"Portugal",3.30158241758258,2.46551953970372e-06
"2012 - 2025","MAR","Mariculture (subgoal)","average_yearly_change_in_scores",184,"Italy",-1.3189890109891,0.000331010465855605
"2012 - 2025","MAR","Mariculture (subgoal)","average_yearly_change_in_scores",185,"Monaco",0,NA
"2012 - 2025","MAR","Mariculture (subgoal)","average_yearly_change_in_scores",186,"Montenegro",0.00252747252747369,0.827162915461454
"2012 - 2025","MAR","Mariculture (subgoal)","average_yearly_change_in_scores",187,"Croatia",3.44676923076949,3.92012512802258e-05
"2012 - 2025","MAR","Mariculture (subgoal)","average_yearly_change_in_scores",188,"Slovenia",0.197912087912101,0.000273706200826134
"2012 - 2025","MAR","Mariculture (subgoal)","average_yearly_change_in_scores",189,"Lithuania",0,NA
"2012 - 2025","MAR","Mariculture (subgoal)","average_yearly_change_in_scores",190,"Qatar",0.00217582417582432,0.00424047706080257
"2012 - 2025","MAR","Mariculture (subgoal)","average_yearly_change_in_scores",191,"Iran",2.12243956043967,8.53573854276295e-07
"2012 - 2025","MAR","Mariculture (subgoal)","average_yearly_change_in_scores",192,"Iraq",0,NA
"2012 - 2025","MAR","Mariculture (subgoal)","average_yearly_change_in_scores",193,"Guinea Bissau",0,NA
"2012 - 2025","MAR","Mariculture (subgoal)","average_yearly_change_in_scores",194,"Guinea",0,NA
"2012 - 2025","MAR","Mariculture (subgoal)","average_yearly_change_in_scores",195,"Ivory Coast",0,NA
"2012 - 2025","MAR","Mariculture (subgoal)","average_yearly_change_in_scores",196,"Nigeria",0.00336263736263754,3.30462404396006e-05
"2012 - 2025","MAR","Mariculture (subgoal)","average_yearly_change_in_scores",197,"Cameroon",0,NA
"2012 - 2025","MAR","Mariculture (subgoal)","average_yearly_change_in_scores",198,"Gabon",0,NA
"2012 - 2025","MAR","Mariculture (subgoal)","average_yearly_change_in_scores",199,"Democratic Republic of the Congo",0,NA
"2012 - 2025","MAR","Mariculture (subgoal)","average_yearly_change_in_scores",200,"Angola",0,NA
"2012 - 2025","MAR","Mariculture (subgoal)","average_yearly_change_in_scores",202,"Tanzania",-0.0470989010989068,0.331103238968984
"2012 - 2025","MAR","Mariculture (subgoal)","average_yearly_change_in_scores",203,"India",0.404901098901121,2.98397528479218e-09
"2012 - 2025","MAR","Mariculture (subgoal)","average_yearly_change_in_scores",204,"Bangladesh",0.332813186813207,1.00337890890134e-05
"2012 - 2025","MAR","Mariculture (subgoal)","average_yearly_change_in_scores",205,"Myanmar",-0.0233846153846143,0.064828939470552
"2012 - 2025","MAR","Mariculture (subgoal)","average_yearly_change_in_scores",206,"Malaysia",-0.0988791208791222,0.00446472461497275
"2012 - 2025","MAR","Mariculture (subgoal)","average_yearly_change_in_scores",207,"Vietnam",0.853164835164885,2.49704888801374e-08
"2012 - 2025","MAR","Mariculture (subgoal)","average_yearly_change_in_scores",208,"Singapore",0.164791208791228,0.00678698254144725
"2012 - 2025","MAR","Mariculture (subgoal)","average_yearly_change_in_scores",209,"China",-0.0507692307692366,2.43675311335644e-10
"2012 - 2025","MAR","Mariculture (subgoal)","average_yearly_change_in_scores",210,"Japan",-0.42070329670329,0.0110424070050671
"2012 - 2025","MAR","Mariculture (subgoal)","average_yearly_change_in_scores",212,"Gilbert Islands (Kiribati)",-0.0530769230769283,0.0113862364308723
"2012 - 2025","MAR","Mariculture (subgoal)","average_yearly_change_in_scores",214,"Egypt",-0.305560439560317,0.583254746150583
"2012 - 2025","MAR","Mariculture (subgoal)","average_yearly_change_in_scores",215,"Jordan",0,NA
"2012 - 2025","MAR","Mariculture (subgoal)","average_yearly_change_in_scores",216,"Indonesia",0.201186813186814,0.0062554261922248
"2012 - 2025","MAR","Mariculture (subgoal)","average_yearly_change_in_scores",218,"Canada",0.0874285714285746,0.0100771771647229
"2012 - 2025","MAR","Mariculture (subgoal)","average_yearly_change_in_scores",220,"Sint Maarten",0,NA
"2012 - 2025","MAR","Mariculture (subgoal)","average_yearly_change_in_scores",221,"Northern Saint-Martin",0,NA
"2012 - 2025","MAR","Mariculture (subgoal)","average_yearly_change_in_scores",222,"Sweden",-2.22534065934087,0.00307729194602233
"2012 - 2025","MAR","Mariculture (subgoal)","average_yearly_change_in_scores",223,"Norway",-0.0486373626373567,0.232718917873037
"2012 - 2025","MAR","Mariculture (subgoal)","average_yearly_change_in_scores",224,"Chile",0.720021978022012,7.29367870144727e-09
"2012 - 2025","MAR","Mariculture (subgoal)","average_yearly_change_in_scores",227,"Jersey",-0.000879120879117746,0.000893505495914994
"2012 - 2025","MAR","Mariculture (subgoal)","average_yearly_change_in_scores",231,"East Timor",-0.000241758241758103,0.924721291112784
"2012 - 2025","MAR","Mariculture (subgoal)","average_yearly_change_in_scores",232,"Bosnia and Herzegovina",0.00854945054944707,0.127173205862052
"2012 - 2025","MAR","Mariculture (subgoal)","average_yearly_change_in_scores",237,"Oecussi Ambeno",0,NA
"2012 - 2025","MAR","Mariculture (subgoal)","average_yearly_change_in_scores",247,"Brunei",0.207978021978035,6.51932966680263e-05
"2012 - 2025","MAR","Mariculture (subgoal)","average_yearly_change_in_scores",248,"Saba",0,NA
"2012 - 2025","MAR","Mariculture (subgoal)","average_yearly_change_in_scores",249,"Sint Eustatius",0,NA
"2012 - 2025","NP","Natural products","average_yearly_change_in_scores",0,"Global average",0.380285714285723,0.0295150803892665
"2012 - 2025","NP","Natural products","average_yearly_change_in_scores",7,"Solomon Islands",-0.219868131868252,0.87833962631828
"2012 - 2025","NP","Natural products","average_yearly_change_in_scores",8,"Palau",-0.518351648351424,0.849673510952978
"2012 - 2025","NP","Natural products","average_yearly_change_in_scores",9,"Micronesia",0.38558241758241,0.756059677848924
"2012 - 2025","NP","Natural products","average_yearly_change_in_scores",11,"Marshall Islands",-1.31956043956034,0.552314932442582
"2012 - 2025","NP","Natural products","average_yearly_change_in_scores",14,"Taiwan",0.0665054945054974,0.480007667081244
"2012 - 2025","NP","Natural products","average_yearly_change_in_scores",15,"Philippines",-1.28134065934072,0.001164065148181
"2012 - 2025","NP","Natural products","average_yearly_change_in_scores",16,"Australia",-2.11127472527481,0.000857829580512941
"2012 - 2025","NP","Natural products","average_yearly_change_in_scores",17,"Papua New Guinea",-0.20206593406609,0.903798316111377
"2012 - 2025","NP","Natural products","average_yearly_change_in_scores",18,"Fiji",2.00290109890123,0.156766642994726
"2012 - 2025","NP","Natural products","average_yearly_change_in_scores",20,"South Korea",1.70340659340669,0.000128312052728153
"2012 - 2025","NP","Natural products","average_yearly_change_in_scores",21,"North Korea",2.17202197802208,1.1169943247872e-06
"2012 - 2025","NP","Natural products","average_yearly_change_in_scores",24,"Cambodia",0.0363076923076964,0.824857726854046
"2012 - 2025","NP","Natural products","average_yearly_change_in_scores",25,"Thailand",0.132175824175831,0.0779987306381624
"2012 - 2025","NP","Natural products","average_yearly_change_in_scores",26,"Andaman and Nicobar",0.00118681318680345,0.987874356657224
"2012 - 2025","NP","Natural products","average_yearly_change_in_scores",31,"Seychelles",-2.63148192562387e-16,0.108864301063032
"2012 - 2025","NP","Natural products","average_yearly_change_in_scores",37,"Mauritius",0.0485274725274764,0.592174902936586
"2012 - 2025","NP","Natural products","average_yearly_change_in_scores",39,"Maldives",0.30045454545453,0.767603595135285
"2012 - 2025","NP","Natural products","average_yearly_change_in_scores",40,"Sri Lanka",-3.29646153846168,2.25414106537988e-05
"2012 - 2025","NP","Natural products","average_yearly_change_in_scores",41,"Mozambique",0.0389890109890161,0.35885172459841
"2012 - 2025","NP","Natural products","average_yearly_change_in_scores",42,"Madagascar",-1.22479120879126,0.122142377263783
"2012 - 2025","NP","Natural products","average_yearly_change_in_scores",43,"Kenya",4.18509890109917,0.000255094802524064
"2012 - 2025","NP","Natural products","average_yearly_change_in_scores",44,"Somalia",0.0753186813186855,0.0342406110088624
"2012 - 2025","NP","Natural products","average_yearly_change_in_scores",47,"Yemen",-0.349714285714298,0.00381189911318411
"2012 - 2025","NP","Natural products","average_yearly_change_in_scores",48,"Oman",2.04965367965358,0.049622054113913
"2012 - 2025","NP","Natural products","average_yearly_change_in_scores",50,"Saudi Arabia",0.323142857142946,0.694479274217594
"2012 - 2025","NP","Natural products","average_yearly_change_in_scores",53,"Pakistan",0.0487032967032967,5.84198437507608e-06
"2012 - 2025","NP","Natural products","average_yearly_change_in_scores",54,"United Arab Emirates",0.301120879120962,0.722445137088384
"2012 - 2025","NP","Natural products","average_yearly_change_in_scores",56,"Cape Verde",-0.18934065934066,0.138952097765892
"2012 - 2025","NP","Natural products","average_yearly_change_in_scores",59,"Belgium",0.676241758241791,0.000216482355158294
"2012 - 2025","NP","Natural products","average_yearly_change_in_scores",61,"Tunisia",2.45984615384626,0.105519526696418
"2012 - 2025","NP","Natural products","average_yearly_change_in_scores",62,"Morocco",-0.415098901098921,0.000841593285535753
"2012 - 2025","NP","Natural products","average_yearly_change_in_scores",63,"Western Sahara",-0.25969230769232,8.48524107283886e-06
"2012 - 2025","NP","Natural products","average_yearly_change_in_scores",64,"Mauritania",-0.167626373626366,0.386452328605354
"2012 - 2025","NP","Natural products","average_yearly_change_in_scores",65,"Gambia",-0.393384615384612,0.16494981823453
"2012 - 2025","NP","Natural products","average_yearly_change_in_scores",66,"Senegal",-0.397802197802197,0.0498304704336857
"2012 - 2025","NP","Natural products","average_yearly_change_in_scores",69,"Latvia",0.0123296703296731,0.54839490377734
"2012 - 2025","NP","Natural products","average_yearly_change_in_scores",70,"Estonia",-0.00723076923077196,0.00315004633381755
"2012 - 2025","NP","Natural products","average_yearly_change_in_scores",71,"Bulgaria",7.84406593406644,8.241291511471e-05
"2012 - 2025","NP","Natural products","average_yearly_change_in_scores",72,"Romania",-1.76156043956048,0.160496604672121
"2012 - 2025","NP","Natural products","average_yearly_change_in_scores",73,"Russia",1.06619780219782,0.037236783372269
"2012 - 2025","NP","Natural products","average_yearly_change_in_scores",74,"Georgia",-0.000109890109889309,0.556538100131452
"2012 - 2025","NP","Natural products","average_yearly_change_in_scores",75,"Ukraine",-0.0849670329670364,0.0856245074771871
"2012 - 2025","NP","Natural products","average_yearly_change_in_scores",76,"Turkey",0.0983956043955989,0.168878670784767
"2012 - 2025","NP","Natural products","average_yearly_change_in_scores",79,"Israel",-4.66336263736291,0.000494026229673976
"2012 - 2025","NP","Natural products","average_yearly_change_in_scores",80,"Greece",2.31712087912106,0.00478010605129796
"2012 - 2025","NP","Natural products","average_yearly_change_in_scores",89,"South Georgia and the South Sandwich Islands",0.632571428571439,0.0035851365728527
"2012 - 2025","NP","Natural products","average_yearly_change_in_scores",95,"Falkland Islands",1.28248351648358,5.58116842244578e-05
"2012 - 2025","NP","Natural products","average_yearly_change_in_scores",96,"Sierra Leone",-0.580109890109914,2.05633780163875e-05
"2012 - 2025","NP","Natural products","average_yearly_change_in_scores",97,"Liberia",-0.949912087912137,0.000603315398083449
"2012 - 2025","NP","Natural products","average_yearly_change_in_scores",98,"Togo",-0.765318681318718,4.26477617036538e-05
"2012 - 2025","NP","Natural products","average_yearly_change_in_scores",99,"Benin",1.11191208791216,0.0864105235111814
"2012 - 2025","NP","Natural products","average_yearly_change_in_scores",101,"Namibia",-0.978857142857196,0.000519169465517132
"2012 - 2025","NP","Natural products","average_yearly_change_in_scores",102,"South Africa",-0.671516483516511,5.7306559045426e-05
"2012 - 2025","NP","Natural products","average_yearly_change_in_scores",104,"Equatorial Guinea",0.860439560439594,0.0516954176218356
"2012 - 2025","NP","Natural products","average_yearly_change_in_scores",106,"Ghana",0.962747252747283,0.0285829266609943
"2012 - 2025","NP","Natural products","average_yearly_change_in_scores",110,"Bahamas",-1.44890109890115,0.096999623972569
"2012 - 2025","NP","Natural products","average_yearly_change_in_scores",122,"Saint Lucia",7.26367032967079,0.00012357692600331
"2012 - 2025","NP","Natural products","average_yearly_change_in_scores",125,"Grenada",10.3888333333332,0.000993399731404254
"2012 - 2025","NP","Natural products","average_yearly_change_in_scores",126,"Trinidad and Tobago",0.367164835164997,0.859134102540999
"2012 - 2025","NP","Natural products","average_yearly_change_in_scores",129,"Panama",0.216197802197819,0.0721939894177079
"2012 - 2025","NP","Natural products","average_yearly_change_in_scores",130,"Costa Rica",0.0619120879121143,0.857389069799686
"2012 - 2025","NP","Natural products","average_yearly_change_in_scores",131,"Nicaragua",7.31175824175862,0.00668008128712015
"2012 - 2025","NP","Natural products","average_yearly_change_in_scores",132,"Colombia",-0.836153846153836,0.392470249289088
"2012 - 2025","NP","Natural products","average_yearly_change_in_scores",133,"Honduras",0.102016404647985,0.871349854509128
"2012 - 2025","NP","Natural products","average_yearly_change_in_scores",134,"El Salvador",0.283714285714308,0.108055002954793
"2012 - 2025","NP","Natural products","average_yearly_change_in_scores",135,"Mexico",-0.208351648351626,0.536947067463627
"2012 - 2025","NP","Natural products","average_yearly_change_in_scores",136,"Guatemala",-0.665604395604398,0.504779900456209
"2012 - 2025","NP","Natural products","average_yearly_change_in_scores",137,"Ecuador",1.52771428571437,9.85842532567624e-05
"2012 - 2025","NP","Natural products","average_yearly_change_in_scores",138,"Peru",0.10606593406594,0.69845103647806
"2012 - 2025","NP","Natural products","average_yearly_change_in_scores",139,"Venezuela",-1.88549450549459,0.34801157965618
"2012 - 2025","NP","Natural products","average_yearly_change_in_scores",141,"Faeroe Islands",-0.0158461538461563,0.0173806525438052
"2012 - 2025","NP","Natural products","average_yearly_change_in_scores",143,"Iceland",-0.134285714285722,0.120853095782224
"2012 - 2025","NP","Natural products","average_yearly_change_in_scores",145,"Greenland",-0.321010989010995,0.0816749860848249
"2012 - 2025","NP","Natural products","average_yearly_change_in_scores",147,"French Polynesia",3.1623736263737,0.0173464984891116
"2012 - 2025","NP","Natural products","average_yearly_change_in_scores",148,"Line Islands (Kiribati)",-2.84595604395617,0.00441839382664462
"2012 - 2025","NP","Natural products","average_yearly_change_in_scores",153,"Cook Islands",-2.22800000000007,0.000550269958589439
"2012 - 2025","NP","Natural products","average_yearly_change_in_scores",155,"Tonga",-0.827406593406606,0.659257767416685
"2012 - 2025","NP","Natural products","average_yearly_change_in_scores",162,"New Zealand",-0.416131868131915,0.248725919187483
"2012 - 2025","NP","Natural products","average_yearly_change_in_scores",163,"United States",-0.332769230769244,0.262440836439054
"2012 - 2025","NP","Natural products","average_yearly_change_in_scores",164,"Belize",-1.80545054945065,0.179587744195568
"2012 - 2025","NP","Natural products","average_yearly_change_in_scores",171,"Brazil",-0.0123516483516339,0.983385457101524
"2012 - 2025","NP","Natural products","average_yearly_change_in_scores",172,"Argentina",0.474197802197814,0.430932669349752
"2012 - 2025","NP","Natural products","average_yearly_change_in_scores",173,"Uruguay",0.270065934065933,0.671279699161069
"2012 - 2025","NP","Natural products","average_yearly_change_in_scores",174,"Finland",-2.17705494505506,1.99529845048967e-06
"2012 - 2025","NP","Natural products","average_yearly_change_in_scores",175,"Denmark",0.151670329670335,4.71799972609979e-05
"2012 - 2025","NP","Natural products","average_yearly_change_in_scores",176,"Germany",0.600153846153867,0.0126103085341954
"2012 - 2025","NP","Natural products","average_yearly_change_in_scores",177,"Netherlands",0.304813186813211,0.366104037830262
"2012 - 2025","NP","Natural products","average_yearly_change_in_scores",178,"Poland",0.0192747252747262,0.549036216901186
"2012 - 2025","NP","Natural products","average_yearly_change_in_scores",179,"France",2.98756043956064,0.000362851502333595
"2012 - 2025","NP","Natural products","average_yearly_change_in_scores",180,"United Kingdom",-0.358175824175843,0.00146157074427211
"2012 - 2025","NP","Natural products","average_yearly_change_in_scores",181,"Ireland",1.88758241758246,0.000678099511709871
"2012 - 2025","NP","Natural products","average_yearly_change_in_scores",182,"Spain",1.72092307692319,3.88710163588229e-05
"2012 - 2025","NP","Natural products","average_yearly_change_in_scores",183,"Portugal",1.21437362637367,0.36649009692985
"2012 - 2025","NP","Natural products","average_yearly_change_in_scores",184,"Italy",6.06452747252777,1.42661530661738e-08
"2012 - 2025","NP","Natural products","average_yearly_change_in_scores",187,"Croatia",-1.07039560439564,0.0598567596924998
"2012 - 2025","NP","Natural products","average_yearly_change_in_scores",188,"Slovenia",-2.65364835164847,0.157637093390603
"2012 - 2025","NP","Natural products","average_yearly_change_in_scores",189,"Lithuania",-0.0817582417582468,0.35880944617425
"2012 - 2025","NP","Natural products","average_yearly_change_in_scores",191,"Iran",0.0388571428571461,9.17341229891685e-06
"2012 - 2025","NP","Natural products","average_yearly_change_in_scores",193,"Guinea Bissau",-0.448417582417611,0.00561966700758731
"2012 - 2025","NP","Natural products","average_yearly_change_in_scores",194,"Guinea",-0.525472527472553,0.000130638297115564
"2012 - 2025","NP","Natural products","average_yearly_change_in_scores",195,"Ivory Coast",-0.513010989011012,2.65706938155211e-05
"2012 - 2025","NP","Natural products","average_yearly_change_in_scores",197,"Cameroon",0.564747252747271,0.00338274217289472
"2012 - 2025","NP","Natural products","average_yearly_change_in_scores",198,"Gabon",-1.06749450549455,4.32798396566572e-06
"2012 - 2025","NP","Natural products","average_yearly_change_in_scores",199,"Democratic Republic of the Congo",-1.99778021978033,2.54015477614983e-05
"2012 - 2025","NP","Natural products","average_yearly_change_in_scores",200,"Angola",-0.879626373626408,5.54347070084047e-06
"2012 - 2025","NP","Natural products","average_yearly_change_in_scores",202,"Tanzania",-1.33450549450558,0.113307111428438
"2012 - 2025","NP","Natural products","average_yearly_change_in_scores",203,"India",-1.26670329670334,0.000311295046832823
"2012 - 2025","NP","Natural products","average_yearly_change_in_scores",204,"Bangladesh",-0.0622417582417612,0.0164104756478623
"2012 - 2025","NP","Natural products","average_yearly_change_in_scores",205,"Myanmar",0.00872527472527306,0.659036662706889
"2012 - 2025","NP","Natural products","average_yearly_change_in_scores",206,"Malaysia",-1.73243956043968,0.0294343616332907
"2012 - 2025","NP","Natural products","average_yearly_change_in_scores",207,"Vietnam",-0.456461538461565,0.000369089571467733
"2012 - 2025","NP","Natural products","average_yearly_change_in_scores",208,"Singapore",2.28578021978028,0.0044952094298847
"2012 - 2025","NP","Natural products","average_yearly_change_in_scores",209,"China",2.74063736263752,4.4269957661337e-06
"2012 - 2025","NP","Natural products","average_yearly_change_in_scores",210,"Japan",2.91419780219791,0.000126649959922446
"2012 - 2025","NP","Natural products","average_yearly_change_in_scores",214,"Egypt",1.24474725274733,0.320616043004347
"2012 - 2025","NP","Natural products","average_yearly_change_in_scores",216,"Indonesia",3.43767032967039,0.00899483050091782
"2012 - 2025","NP","Natural products","average_yearly_change_in_scores",218,"Canada",0.339032967032964,0.225920730100218
"2012 - 2025","NP","Natural products","average_yearly_change_in_scores",222,"Sweden",-0.0132967032967054,0.0200453346276036
"2012 - 2025","NP","Natural products","average_yearly_change_in_scores",223,"Norway",0.00778021978022156,0.943333235932729
"2012 - 2025","NP","Natural products","average_yearly_change_in_scores",224,"Chile",2.95406593406607,2.83253135695935e-05
"2012 - 2025","NP","Natural products","average_yearly_change_in_scores",231,"East Timor",0.249516483516476,0.490424468102182
"2012 - 2025","NP","Natural products","average_yearly_change_in_scores",247,"Brunei",-0.0909450549450273,0.907941796212947
"2012 - 2025","SP","Sense of place","average_yearly_change_in_scores",0,"Global average",0.156175824175819,0.0710096954513686
"2012 - 2025","SP","Sense of place","average_yearly_change_in_scores",1,"Cocos Islands",3.74507692307717,0.00174486714143785
"2012 - 2025","SP","Sense of place","average_yearly_change_in_scores",2,"Christmas Island",1.60879120879131,0.00435440392296082
"2012 - 2025","SP","Sense of place","average_yearly_change_in_scores",3,"Norfolk Island",4.21931868131889,0.000125645237234777
"2012 - 2025","SP","Sense of place","average_yearly_change_in_scores",4,"Macquarie Island",-0.258131868131887,0.000205754320416
"2012 - 2025","SP","Sense of place","average_yearly_change_in_scores",5,"New Caledonia",-0.0873186813187293,0.793356887410271
"2012 - 2025","SP","Sense of place","average_yearly_change_in_scores",6,"Vanuatu",-0.459626373626401,4.6238715856911e-06
"2012 - 2025","SP","Sense of place","average_yearly_change_in_scores",7,"Solomon Islands",-0.339912087912114,0.000673730399810308
"2012 - 2025","SP","Sense of place","average_yearly_change_in_scores",8,"Palau",-0.399076923076953,0.000468516368114691
"2012 - 2025","SP","Sense of place","average_yearly_change_in_scores",9,"Micronesia",-0.43145054945058,0.000101419813487389
"2012 - 2025","SP","Sense of place","average_yearly_change_in_scores",10,"Nauru",-0.566527472527507,4.08479029340293e-06
"2012 - 2025","SP","Sense of place","average_yearly_change_in_scores",11,"Marshall Islands",-0.535978021978059,1.67678965205139e-05
"2012 - 2025","SP","Sense of place","average_yearly_change_in_scores",12,"Wake Island",-0.534901098901133,2.22946648934244e-05
"2012 - 2025","SP","Sense of place","average_yearly_change_in_scores",13,"Northern Mariana Islands and Guam",-0.560021978021991,2.9540225118894e-05
"2012 - 2025","SP","Sense of place","average_yearly_change_in_scores",14,"Taiwan",-0.364593406593431,0.000132128230679219
"2012 - 2025","SP","Sense of place","average_yearly_change_in_scores",15,"Philippines",0.865538461538487,0.0468667845015373
"2012 - 2025","SP","Sense of place","average_yearly_change_in_scores",16,"Australia",-0.0165054945054984,0.447562764177272
"2012 - 2025","SP","Sense of place","average_yearly_change_in_scores",17,"Papua New Guinea",-0.344549450549476,0.000196328271443164
"2012 - 2025","SP","Sense of place","average_yearly_change_in_scores",18,"Fiji",-0.241362637362661,0.00412929906516151
"2012 - 2025","SP","Sense of place","average_yearly_change_in_scores",19,"Tuvalu",-0.451186813186845,0.000104414323339892
"2012 - 2025","SP","Sense of place","average_yearly_change_in_scores",20,"South Korea",0.0372527472527521,0.521192191441034
"2012 - 2025","SP","Sense of place","average_yearly_change_in_scores",21,"North Korea",-0.0641758241758354,0.260576608286968
"2012 - 2025","SP","Sense of place","average_yearly_change_in_scores",24,"Cambodia",0.566879120879135,0.0764309385965834
"2012 - 2025","SP","Sense of place","average_yearly_change_in_scores",25,"Thailand",1.35549450549451,0.0146432769747135
"2012 - 2025","SP","Sense of place","average_yearly_change_in_scores",26,"Andaman and Nicobar",-0.351450549450574,9.81733788761501e-05
"2012 - 2025","SP","Sense of place","average_yearly_change_in_scores",28,"Comoro Islands",0.24969230769234,0.13829081136312
"2012 - 2025","SP","Sense of place","average_yearly_change_in_scores",29,"Mayotte",-0.32021978021981,0.00633512298124585
"2012 - 2025","SP","Sense of place","average_yearly_change_in_scores",30,"Glorioso Islands",5.26162637362669,0.000102138021379781
"2012 - 2025","SP","Sense of place","average_yearly_change_in_scores",31,"Seychelles",2.33641758241771,4.83743302393272e-05
"2012 - 2025","SP","Sense of place","average_yearly_change_in_scores",32,"Réunion",-0.375846153846179,0.000243604842940259
"2012 - 2025","SP","Sense of place","average_yearly_change_in_scores",33,"Juan de Nova Island",0.316571428571434,5.43906203008289e-05
"2012 - 2025","SP","Sense of place","average_yearly_change_in_scores",34,"Bassas da India",0.316571428571434,5.43906203008289e-05
"2012 - 2025","SP","Sense of place","average_yearly_change_in_scores",35,"Ile Europa",0.31657142857143,5.43906203008243e-05
"2012 - 2025","SP","Sense of place","average_yearly_change_in_scores",36,"Ile Tromelin",0.316571428571434,5.43906203008289e-05
"2012 - 2025","SP","Sense of place","average_yearly_change_in_scores",37,"Mauritius",-0.0157142857142953,0.802224007722866
"2012 - 2025","SP","Sense of place","average_yearly_change_in_scores",38,"British Indian Ocean Territory",-0.478263736263767,0.000143616370618167
"2012 - 2025","SP","Sense of place","average_yearly_change_in_scores",39,"Maldives",-0.214593406593419,0.000564199089284516
"2012 - 2025","SP","Sense of place","average_yearly_change_in_scores",40,"Sri Lanka",0.76006593406593,0.0603445629660844
"2012 - 2025","SP","Sense of place","average_yearly_change_in_scores",41,"Mozambique",-0.265384615384635,0.00177976963985397
"2012 - 2025","SP","Sense of place","average_yearly_change_in_scores",42,"Madagascar",1.41386813186811,0.084359234195019
"2012 - 2025","SP","Sense of place","average_yearly_change_in_scores",43,"Kenya",-0.183296703296722,0.0246642431311517
"2012 - 2025","SP","Sense of place","average_yearly_change_in_scores",44,"Somalia",-0.314197802197824,0.000178143735488763
"2012 - 2025","SP","Sense of place","average_yearly_change_in_scores",45,"Eritrea",-0.278241758241782,0.00373048780377129
"2012 - 2025","SP","Sense of place","average_yearly_change_in_scores",46,"Djibouti",-0.281692307692327,0.000394632352887308
"2012 - 2025","SP","Sense of place","average_yearly_change_in_scores",47,"Yemen",-0.0683956043956025,0.369220167456666
"2012 - 2025","SP","Sense of place","average_yearly_change_in_scores",48,"Oman",1.4084175824176,0.0081873297400691
"2012 - 2025","SP","Sense of place","average_yearly_change_in_scores",49,"Sudan",-0.475230769230798,6.08509137682001e-06
"2012 - 2025","SP","Sense of place","average_yearly_change_in_scores",50,"Saudi Arabia",0.751384615384654,0.00402217168314552
"2012 - 2025","SP","Sense of place","average_yearly_change_in_scores",51,"Kuwait",0.111868131868174,0.62835481468385
"2012 - 2025","SP","Sense of place","average_yearly_change_in_scores",52,"Bahrain",-0.084043956043966,0.179786221494348
"2012 - 2025","SP","Sense of place","average_yearly_change_in_scores",53,"Pakistan",0.8701538461539,0.00294326079567029
"2012 - 2025","SP","Sense of place","average_yearly_change_in_scores",54,"United Arab Emirates",-0.0538461538461678,0.704444858030406
"2012 - 2025","SP","Sense of place","average_yearly_change_in_scores",55,"Azores",-0.209252747252751,0.000272378051979608
"2012 - 2025","SP","Sense of place","average_yearly_change_in_scores",56,"Cape Verde",-0.0114725274725569,0.947629187391257
"2012 - 2025","SP","Sense of place","average_yearly_change_in_scores",57,"Madeira",0.0229010989010904,0.650318579294528
"2012 - 2025","SP","Sense of place","average_yearly_change_in_scores",58,"Canary Islands",0.0229010989010904,0.650318579294528
"2012 - 2025","SP","Sense of place","average_yearly_change_in_scores",59,"Belgium",0.00173626373625995,0.941477335648264
"2012 - 2025","SP","Sense of place","average_yearly_change_in_scores",60,"Gibraltar",-0.0761098901098944,0.00687426205882816
"2012 - 2025","SP","Sense of place","average_yearly_change_in_scores",61,"Tunisia",-0.318593406593438,0.000892984373293321
"2012 - 2025","SP","Sense of place","average_yearly_change_in_scores",62,"Morocco",-0.0341758241758336,0.510208775758574
"2012 - 2025","SP","Sense of place","average_yearly_change_in_scores",63,"Western Sahara",-0.328307692307711,2.82399626011193e-06
"2012 - 2025","SP","Sense of place","average_yearly_change_in_scores",64,"Mauritania",-0.167934065934084,0.00515321358317555
"2012 - 2025","SP","Sense of place","average_yearly_change_in_scores",65,"Gambia",-0.0698241758242065,0.652613810009285
"2012 - 2025","SP","Sense of place","average_yearly_change_in_scores",66,"Senegal",0.43116483516484,0.00535046114629745
"2012 - 2025","SP","Sense of place","average_yearly_change_in_scores",67,"Libya",0.0553186813186738,0.397577318362938
"2012 - 2025","SP","Sense of place","average_yearly_change_in_scores",68,"Malta",0.212395604395613,0.0337373223314775
"2012 - 2025","SP","Sense of place","average_yearly_change_in_scores",69,"Latvia",-0.0240439560439603,0.256729603846982
"2012 - 2025","SP","Sense of place","average_yearly_change_in_scores",70,"Estonia",-0.0240439560439603,0.256729603846982
"2012 - 2025","SP","Sense of place","average_yearly_change_in_scores",71,"Bulgaria",-2.63148192562387e-16,0.108864301063032
"2012 - 2025","SP","Sense of place","average_yearly_change_in_scores",72,"Romania",-2.63148192562387e-16,0.108864301063032
"2012 - 2025","SP","Sense of place","average_yearly_change_in_scores",73,"Russia",0.139472527472533,0.0932515175651428
"2012 - 2025","SP","Sense of place","average_yearly_change_in_scores",74,"Georgia",-0.157384615384575,0.347463402602667
"2012 - 2025","SP","Sense of place","average_yearly_change_in_scores",75,"Ukraine",-2.63148192562387e-16,0.108864301063032
"2012 - 2025","SP","Sense of place","average_yearly_change_in_scores",76,"Turkey",-0.0106593406593405,0.786381906286031
"2012 - 2025","SP","Sense of place","average_yearly_change_in_scores",77,"Syria",0.23463736263737,0.00165752838706062
"2012 - 2025","SP","Sense of place","average_yearly_change_in_scores",78,"Lebanon",0.242681318681327,0.0009022107378928
"2012 - 2025","SP","Sense of place","average_yearly_change_in_scores",79,"Israel",0.787076923076959,3.81136975058941e-05
"2012 - 2025","SP","Sense of place","average_yearly_change_in_scores",80,"Greece",0.0136703296703214,0.739118909569252
"2012 - 2025","SP","Sense of place","average_yearly_change_in_scores",81,"Cyprus",1.47993406593413,4.44888532173043e-05
"2012 - 2025","SP","Sense of place","average_yearly_change_in_scores",82,"Albania",-0.139604395604404,0.00481929446622315
"2012 - 2025","SP","Sense of place","average_yearly_change_in_scores",84,"Algeria",0.00571428571428245,0.929318575686861
"2012 - 2025","SP","Sense of place","average_yearly_change_in_scores",85,"Ascension",4.285164835165,1.67394328430455e-05
"2012 - 2025","SP","Sense of place","average_yearly_change_in_scores",86,"Saint Helena",-0.150461538461554,0.0198307032062264
"2012 - 2025","SP","Sense of place","average_yearly_change_in_scores",88,"Tristan da Cunha",-0.150461538461554,0.0198307032062264
"2012 - 2025","SP","Sense of place","average_yearly_change_in_scores",89,"South Georgia and the South Sandwich Islands",0.263032967032979,1.14171984166148e-05
"2012 - 2025","SP","Sense of place","average_yearly_change_in_scores",90,"Prince Edward Islands",1.06975824175817,0.0222485579988236
"2012 - 2025","SP","Sense of place","average_yearly_change_in_scores",91,"Crozet Islands",0.31657142857143,5.43906203008243e-05
"2012 - 2025","SP","Sense of place","average_yearly_change_in_scores",92,"Amsterdam Island and Saint Paul Island",0.31657142857143,5.43906203008243e-05
"2012 - 2025","SP","Sense of place","average_yearly_change_in_scores",93,"Kerguelen Islands",0.31657142857143,5.43906203008243e-05
"2012 - 2025","SP","Sense of place","average_yearly_change_in_scores",94,"Heard and McDonald Islands",0.420175824175846,6.29987301364099e-06
"2012 - 2025","SP","Sense of place","average_yearly_change_in_scores",95,"Falkland Islands",0.00907692307692107,0.686770474358517
"2012 - 2025","SP","Sense of place","average_yearly_change_in_scores",96,"Sierra Leone",-0.149450549450565,0.0106258661451026
"2012 - 2025","SP","Sense of place","average_yearly_change_in_scores",97,"Liberia",-0.25290109890112,0.00258854999684581
"2012 - 2025","SP","Sense of place","average_yearly_change_in_scores",98,"Togo",-0.0760879120879236,0.128553835357019
"2012 - 2025","SP","Sense of place","average_yearly_change_in_scores",99,"Benin",-0.252703296703318,0.00127360770437615
"2012 - 2025","SP","Sense of place","average_yearly_change_in_scores",100,"Republique du Congo",0.498241758241768,0.00131520630871022
"2012 - 2025","SP","Sense of place","average_yearly_change_in_scores",101,"Namibia",-0.22643956043958,0.00369296229631054
"2012 - 2025","SP","Sense of place","average_yearly_change_in_scores",102,"South Africa",0.769252747252781,0.00114238530443691
"2012 - 2025","SP","Sense of place","average_yearly_change_in_scores",103,"Sao Tome and Principe",-0.264769230769254,0.00167582688248988
"2012 - 2025","SP","Sense of place","average_yearly_change_in_scores",104,"Equatorial Guinea",0.118219780219771,0.440043229356562
"2012 - 2025","SP","Sense of place","average_yearly_change_in_scores",105,"Bouvet Island",0.669626373626403,1.59609297296409e-05
"2012 - 2025","SP","Sense of place","average_yearly_change_in_scores",106,"Ghana",-0.282945054945076,0.000248244606776461
"2012 - 2025","SP","Sense of place","average_yearly_change_in_scores",107,"Clipperton Island",4.18024175824188,0.00170727940671929
"2012 - 2025","SP","Sense of place","average_yearly_change_in_scores",108,"Bermuda",-0.130241758241773,0.0598889726471164
"2012 - 2025","SP","Sense of place","average_yearly_change_in_scores",110,"Bahamas",0.198527472527439,0.551664651693679
"2012 - 2025","SP","Sense of place","average_yearly_change_in_scores",111,"Turks and Caicos Islands",-0.241230769230794,0.00505500961864686
"2012 - 2025","SP","Sense of place","average_yearly_change_in_scores",112,"Cuba",-0.236747252747273,0.00206372963779926
"2012 - 2025","SP","Sense of place","average_yearly_change_in_scores",113,"Cayman Islands",-0.325912087912111,7.92414490547448e-05
"2012 - 2025","SP","Sense of place","average_yearly_change_in_scores",114,"Haiti",1.26775824175815,0.0807453404049105
"2012 - 2025","SP","Sense of place","average_yearly_change_in_scores",115,"Dominican Republic",-0.161802197802216,0.0336430052473975
"2012 - 2025","SP","Sense of place","average_yearly_change_in_scores",116,"Puerto Rico and Virgin Islands of the United States",-0.209384615384636,0.00430791069957241
"2012 - 2025","SP","Sense of place","average_yearly_change_in_scores",117,"British Virgin Islands",-0.228175824175845,0.00510511282716737
"2012 - 2025","SP","Sense of place","average_yearly_change_in_scores",118,"Anguilla",-0.244527472527495,0.00436622832614838
"2012 - 2025","SP","Sense of place","average_yearly_change_in_scores",119,"Saint Kitts and Nevis",2.90903296703305,0.00367973660644596
"2012 - 2025","SP","Sense of place","average_yearly_change_in_scores",120,"Antigua and Barbuda",0.374307692307664,0.181189426107218
"2012 - 2025","SP","Sense of place","average_yearly_change_in_scores",121,"Montserrat",-0.199186813186833,0.0133162122755008
"2012 - 2025","SP","Sense of place","average_yearly_change_in_scores",122,"Saint Lucia",-0.199230769230789,0.0133846791636722
"2012 - 2025","SP","Sense of place","average_yearly_change_in_scores",123,"Dominica",-0.327670329670356,0.000333629756842175
"2012 - 2025","SP","Sense of place","average_yearly_change_in_scores",124,"Barbados",-0.241604395604417,0.00476411629771429
"2012 - 2025","SP","Sense of place","average_yearly_change_in_scores",125,"Grenada",0.166637362637362,0.294837234050937
"2012 - 2025","SP","Sense of place","average_yearly_change_in_scores",126,"Trinidad and Tobago",-0.18389010989013,0.0285059340064835
"2012 - 2025","SP","Sense of place","average_yearly_change_in_scores",127,"Saint Vincent and the Grenadines",-0.199384615384635,0.0134051915463701
"2012 - 2025","SP","Sense of place","average_yearly_change_in_scores",129,"Panama",-0.21145054945056,0.00378067356952085
"2012 - 2025","SP","Sense of place","average_yearly_change_in_scores",130,"Costa Rica",-0.141780219780238,0.182175884904056
"2012 - 2025","SP","Sense of place","average_yearly_change_in_scores",131,"Nicaragua",-0.20918681318683,0.00398622624480049
"2012 - 2025","SP","Sense of place","average_yearly_change_in_scores",132,"Colombia",1.18476923076925,0.00152446113548189
"2012 - 2025","SP","Sense of place","average_yearly_change_in_scores",133,"Honduras",-0.220153846153869,0.00398172140872666
"2012 - 2025","SP","Sense of place","average_yearly_change_in_scores",134,"El Salvador",-0.171340659340676,0.021651984622012
"2012 - 2025","SP","Sense of place","average_yearly_change_in_scores",135,"Mexico",-0.0889890109890227,0.0417966680466535
"2012 - 2025","SP","Sense of place","average_yearly_change_in_scores",136,"Guatemala",-0.13586813186815,0.118570160328574
"2012 - 2025","SP","Sense of place","average_yearly_change_in_scores",137,"Ecuador",-0.170395604395622,0.0167566647168807
"2012 - 2025","SP","Sense of place","average_yearly_change_in_scores",138,"Peru",-0.0358901098900816,0.786394973007395
"2012 - 2025","SP","Sense of place","average_yearly_change_in_scores",139,"Venezuela",-0.311802197802224,0.00124034025595139
"2012 - 2025","SP","Sense of place","average_yearly_change_in_scores",140,"Guadeloupe and Martinique",-0.220329670329692,0.0043574028543793
"2012 - 2025","SP","Sense of place","average_yearly_change_in_scores",141,"Faeroe Islands",-0.219736263736276,1.33950120800086e-05
"2012 - 2025","SP","Sense of place","average_yearly_change_in_scores",143,"Iceland",0.0543956043956047,0.0135168246036443
"2012 - 2025","SP","Sense of place","average_yearly_change_in_scores",144,"Jan Mayen",0.152681318681325,5.09742277400866e-05
"2012 - 2025","SP","Sense of place","average_yearly_change_in_scores",145,"Greenland",0.00909890109889704,0.756698130682953
"2012 - 2025","SP","Sense of place","average_yearly_change_in_scores",146,"Pitcairn",4.02586813186825,0.00184438203549179
"2012 - 2025","SP","Sense of place","average_yearly_change_in_scores",147,"French Polynesia",-0.376945054945084,0.000632514621975402
"2012 - 2025","SP","Sense of place","average_yearly_change_in_scores",148,"Line Islands (Kiribati)",-0.489164835164867,4.77266627245795e-05
"2012 - 2025","SP","Sense of place","average_yearly_change_in_scores",149,"Jarvis Island",-0.534901098901133,2.22946648934244e-05
"2012 - 2025","SP","Sense of place","average_yearly_change_in_scores",150,"Palmyra Atoll",-0.534901098901133,2.22946648934244e-05
"2012 - 2025","SP","Sense of place","average_yearly_change_in_scores",151,"American Samoa",-0.449164835164868,0.000116178666902185
"2012 - 2025","SP","Sense of place","average_yearly_change_in_scores",152,"Samoa",-0.480571428571463,0.000110798618000753
"2012 - 2025","SP","Sense of place","average_yearly_change_in_scores",153,"Cook Islands",4.33160439560457,0.000745398291208856
"2012 - 2025","SP","Sense of place","average_yearly_change_in_scores",154,"Niue",-0.512681318681352,3.07583107746741e-05
"2012 - 2025","SP","Sense of place","average_yearly_change_in_scores",155,"Tonga",-0.35630769230772,0.000998987540031019
"2012 - 2025","SP","Sense of place","average_yearly_change_in_scores",156,"Tokelau",-0.544769230769265,3.06661109723395e-05
"2012 - 2025","SP","Sense of place","average_yearly_change_in_scores",157,"Phoenix Islands (Kiribati)",-0.489164835164867,4.77266627245808e-05
"2012 - 2025","SP","Sense of place","average_yearly_change_in_scores",158,"Howland Island and Baker Island",-0.534901098901133,2.22946648934244e-05
"2012 - 2025","SP","Sense of place","average_yearly_change_in_scores",159,"Johnston Atoll",-0.534901098901133,2.22946648934244e-05
"2012 - 2025","SP","Sense of place","average_yearly_change_in_scores",161,"Wallis and Futuna",-0.533362637362669,3.39086881043776e-06
"2012 - 2025","SP","Sense of place","average_yearly_change_in_scores",162,"New Zealand",0.0512967032966958,0.342162039384152
"2012 - 2025","SP","Sense of place","average_yearly_change_in_scores",163,"United States",-0.0596483516483583,0.133233921990661
"2012 - 2025","SP","Sense of place","average_yearly_change_in_scores",164,"Belize",1.56540659340666,1.03540404396801e-05
"2012 - 2025","SP","Sense of place","average_yearly_change_in_scores",166,"Jamaica",-0.167736263736281,0.0106387666563866
"2012 - 2025","SP","Sense of place","average_yearly_change_in_scores",167,"Guyana",-0.660989010989045,1.54881775560029e-07
"2012 - 2025","SP","Sense of place","average_yearly_change_in_scores",168,"Suriname",-0.281010989011017,0.00337545412575743
"2012 - 2025","SP","Sense of place","average_yearly_change_in_scores",169,"French Guiana",-0.263604395604418,0.00365467739361239
"2012 - 2025","SP","Sense of place","average_yearly_change_in_scores",171,"Brazil",-0.123758241758257,0.0284388948093476
"2012 - 2025","SP","Sense of place","average_yearly_change_in_scores",172,"Argentina",0.169230769230759,0.145183332062438
"2012 - 2025","SP","Sense of place","average_yearly_change_in_scores",173,"Uruguay",0.511164835164829,0.0439816186906295
"2012 - 2025","SP","Sense of place","average_yearly_change_in_scores",174,"Finland",0.0517362637362617,0.1798283173796
"2012 - 2025","SP","Sense of place","average_yearly_change_in_scores",175,"Denmark",-0.0147472527472559,0.411242138992957
"2012 - 2025","SP","Sense of place","average_yearly_change_in_scores",176,"Germany",-0.0153186813186832,0.418584811017862
"2012 - 2025","SP","Sense of place","average_yearly_change_in_scores",177,"Netherlands",0.00162637362636988,0.9387390074171
"2012 - 2025","SP","Sense of place","average_yearly_change_in_scores",178,"Poland",-0.0240439560439603,0.256729603846982
"2012 - 2025","SP","Sense of place","average_yearly_change_in_scores",179,"France",0.000989010989004307,0.982877809752816
"2012 - 2025","SP","Sense of place","average_yearly_change_in_scores",180,"United Kingdom",-0.0518241758241875,0.268589367493506
"2012 - 2025","SP","Sense of place","average_yearly_change_in_scores",181,"Ireland",2.00637362637374,3.4265714509764e-06
"2012 - 2025","SP","Sense of place","average_yearly_change_in_scores",182,"Spain",0.0393406593406466,0.626513540527571
"2012 - 2025","SP","Sense of place","average_yearly_change_in_scores",183,"Portugal",-0.0158901098901179,0.718994345774653
"2012 - 2025","SP","Sense of place","average_yearly_change_in_scores",184,"Italy",0.0870549450549393,0.114298223800902
"2012 - 2025","SP","Sense of place","average_yearly_change_in_scores",185,"Monaco",-0.636593406593428,0.00083964562555663
"2012 - 2025","SP","Sense of place","average_yearly_change_in_scores",186,"Montenegro",-0.0157802197802306,0.818295825140348
"2012 - 2025","SP","Sense of place","average_yearly_change_in_scores",187,"Croatia",1.23945054945046,0.032354521563155
"2012 - 2025","SP","Sense of place","average_yearly_change_in_scores",188,"Slovenia",0.653362637362646,0.0013625997722331
"2012 - 2025","SP","Sense of place","average_yearly_change_in_scores",189,"Lithuania",-0.0240439560439603,0.256729603846982
"2012 - 2025","SP","Sense of place","average_yearly_change_in_scores",190,"Qatar",-0.354153846153865,0.000177825229770463
"2012 - 2025","SP","Sense of place","average_yearly_change_in_scores",191,"Iran",-0.306901098901116,2.90336552343418e-05
"2012 - 2025","SP","Sense of place","average_yearly_change_in_scores",192,"Iraq",-0.345164835164852,1.13140816566359e-06
"2012 - 2025","SP","Sense of place","average_yearly_change_in_scores",193,"Guinea Bissau",-0.191406593406612,0.00493195790859851
"2012 - 2025","SP","Sense of place","average_yearly_change_in_scores",194,"Guinea",-0.182769230769248,0.00950601311398733
"2012 - 2025","SP","Sense of place","average_yearly_change_in_scores",195,"Ivory Coast",-0.195802197802217,0.0106250370346751
"2012 - 2025","SP","Sense of place","average_yearly_change_in_scores",196,"Nigeria",-0.190131868131884,0.00242956551265167
"2012 - 2025","SP","Sense of place","average_yearly_change_in_scores",197,"Cameroon",0.736065934065988,0.0214813156919939
"2012 - 2025","SP","Sense of place","average_yearly_change_in_scores",198,"Gabon",1.0484395604396,0.000794267242643185
"2012 - 2025","SP","Sense of place","average_yearly_change_in_scores",199,"Democratic Republic of the Congo",0.062219780219772,0.359353382219244
"2012 - 2025","SP","Sense of place","average_yearly_change_in_scores",200,"Angola",-0.0316923076923165,0.518758280350285
"2012 - 2025","SP","Sense of place","average_yearly_change_in_scores",202,"Tanzania",-0.232131868131889,0.00731785041132141
"2012 - 2025","SP","Sense of place","average_yearly_change_in_scores",203,"India",-0.291978021978042,0.000187977943951127
"2012 - 2025","SP","Sense of place","average_yearly_change_in_scores",204,"Bangladesh",1.54081318681325,0.00187964583312172
"2012 - 2025","SP","Sense of place","average_yearly_change_in_scores",205,"Myanmar",-0.169956043956064,0.146422815544845
"2012 - 2025","SP","Sense of place","average_yearly_change_in_scores",206,"Malaysia",0.683406593406569,0.217754959610416
"2012 - 2025","SP","Sense of place","average_yearly_change_in_scores",207,"Vietnam",-0.325538461538486,7.2457358715467e-05
"2012 - 2025","SP","Sense of place","average_yearly_change_in_scores",208,"Singapore",-0.445802197802225,9.67758714663046e-06
"2012 - 2025","SP","Sense of place","average_yearly_change_in_scores",209,"China",-0.158373626373643,0.0253021227049994
"2012 - 2025","SP","Sense of place","average_yearly_change_in_scores",210,"Japan",0.0491868131867606,0.792428327697498
"2012 - 2025","SP","Sense of place","average_yearly_change_in_scores",212,"Gilbert Islands (Kiribati)",-0.414373626373656,0.000141562433811968
"2012 - 2025","SP","Sense of place","average_yearly_change_in_scores",214,"Egypt",-0.257164835164854,0.00156466750426446
"2012 - 2025","SP","Sense of place","average_yearly_change_in_scores",215,"Jordan",0.842571428571494,0.00628901959660761
"2012 - 2025","SP","Sense of place","average_yearly_change_in_scores",216,"Indonesia",0.0659340659340488,0.673590854083635
"2012 - 2025","SP","Sense of place","average_yearly_change_in_scores",218,"Canada",0.375054945054959,0.00216863754153504
"2012 - 2025","SP","Sense of place","average_yearly_change_in_scores",219,"Saint Pierre and Miquelon",0.0152307692307681,0.51937032809019
"2012 - 2025","SP","Sense of place","average_yearly_change_in_scores",220,"Sint Maarten",-0.608791208791227,7.4795871021724e-07
"2012 - 2025","SP","Sense of place","average_yearly_change_in_scores",221,"Northern Saint-Martin",-0.269120879120903,0.000991028366354037
"2012 - 2025","SP","Sense of place","average_yearly_change_in_scores",222,"Sweden",0.33331868131869,0.000111626838245996
"2012 - 2025","SP","Sense of place","average_yearly_change_in_scores",223,"Norway",0.0820439560439613,0.707345604280335
"2012 - 2025","SP","Sense of place","average_yearly_change_in_scores",224,"Chile",0.112461538461535,0.0281817438754585
"2012 - 2025","SP","Sense of place","average_yearly_change_in_scores",227,"Jersey",0.276417582417589,0.0487253483459004
"2012 - 2025","SP","Sense of place","average_yearly_change_in_scores",228,"Guernsey",0.126747252747236,0.548055699439267
"2012 - 2025","SP","Sense of place","average_yearly_change_in_scores",231,"East Timor",-0.372637362637391,0.003799242050824
"2012 - 2025","SP","Sense of place","average_yearly_change_in_scores",232,"Bosnia and Herzegovina",-0.0096703296703423,0.887321021196032
"2012 - 2025","SP","Sense of place","average_yearly_change_in_scores",237,"Oecussi Ambeno",0.417054945054923,0.449052647046197
"2012 - 2025","SP","Sense of place","average_yearly_change_in_scores",244,"Curacao",-0.274923076923183,0.419674857514821
"2012 - 2025","SP","Sense of place","average_yearly_change_in_scores",245,"Bonaire",1.38175824175824,0.0202169242208678
"2012 - 2025","SP","Sense of place","average_yearly_change_in_scores",247,"Brunei",-0.350087912087938,6.14474718894094e-05
"2012 - 2025","SP","Sense of place","average_yearly_change_in_scores",248,"Saba",0.343362637362623,0.153662524565202
"2012 - 2025","SP","Sense of place","average_yearly_change_in_scores",249,"Sint Eustatius",0.856549450549428,0.105471502129816
"2012 - 2025","SP","Sense of place","average_yearly_change_in_scores",250,"Aruba",-0.276439560439584,0.00417899285994048
"2012 - 2025","SPP","Species condition (subgoal)","average_yearly_change_in_scores",0,"Global average",-0.191164835164844,2.21168467025405e-14
"2012 - 2025","SPP","Species condition (subgoal)","average_yearly_change_in_scores",1,"Cocos Islands",-0.197736263736276,4.50471654850388e-16
"2012 - 2025","SPP","Species condition (subgoal)","average_yearly_change_in_scores",2,"Christmas Island",-0.184571428571439,3.79810380824389e-16
"2012 - 2025","SPP","Species condition (subgoal)","average_yearly_change_in_scores",3,"Norfolk Island",0.00399999999999999,9.8328031301391e-11
"2012 - 2025","SPP","Species condition (subgoal)","average_yearly_change_in_scores",4,"Macquarie Island",0.178329670329678,4.94717165781176e-16
"2012 - 2025","SPP","Species condition (subgoal)","average_yearly_change_in_scores",5,"New Caledonia",-0.294725274725289,3.34941667893504e-16
"2012 - 2025","SPP","Species condition (subgoal)","average_yearly_change_in_scores",6,"Vanuatu",-0.289120879120896,3.9054550874013e-16
"2012 - 2025","SPP","Species condition (subgoal)","average_yearly_change_in_scores",7,"Solomon Islands",-0.200483516483528,2.08144909878803e-11
"2012 - 2025","SPP","Species condition (subgoal)","average_yearly_change_in_scores",8,"Palau",-0.206065934065946,3.59083886773206e-16
"2012 - 2025","SPP","Species condition (subgoal)","average_yearly_change_in_scores",9,"Micronesia",-0.223428571428582,3.79810380825609e-16
"2012 - 2025","SPP","Species condition (subgoal)","average_yearly_change_in_scores",10,"Nauru",-0.220637362637371,2.41703523947024e-11
"2012 - 2025","SPP","Species condition (subgoal)","average_yearly_change_in_scores",11,"Marshall Islands",-0.232329670329683,5.2478093507838e-16
"2012 - 2025","SPP","Species condition (subgoal)","average_yearly_change_in_scores",12,"Wake Island",-0.248417582417596,3.16330960973236e-16
"2012 - 2025","SPP","Species condition (subgoal)","average_yearly_change_in_scores",13,"Northern Mariana Islands and Guam",-0.198769230769243,3.46428661110893e-16
"2012 - 2025","SPP","Species condition (subgoal)","average_yearly_change_in_scores",14,"Taiwan",-0.353912087912108,3.9057146005151e-16
"2012 - 2025","SPP","Species condition (subgoal)","average_yearly_change_in_scores",15,"Philippines",-0.193824175824187,8.43211031193113e-11
"2012 - 2025","SPP","Species condition (subgoal)","average_yearly_change_in_scores",16,"Australia",-0.346681318681337,4.29778669966195e-16
"2012 - 2025","SPP","Species condition (subgoal)","average_yearly_change_in_scores",17,"Papua New Guinea",-0.282329670329684,1.85664962804504e-14
"2012 - 2025","SPP","Species condition (subgoal)","average_yearly_change_in_scores",18,"Fiji",-0.278351648351664,3.26694725223363e-16
"2012 - 2025","SPP","Species condition (subgoal)","average_yearly_change_in_scores",19,"Tuvalu",-0.295428571428586,4.15032662789319e-16
"2012 - 2025","SPP","Species condition (subgoal)","average_yearly_change_in_scores",20,"South Korea",-0.500351648351673,3.6026818332326e-16
"2012 - 2025","SPP","Species condition (subgoal)","average_yearly_change_in_scores",21,"North Korea",-0.290373626373641,4.57067456357145e-16
"2012 - 2025","SPP","Species condition (subgoal)","average_yearly_change_in_scores",24,"Cambodia",-0.463956043956071,2.0377710657309e-10
"2012 - 2025","SPP","Species condition (subgoal)","average_yearly_change_in_scores",25,"Thailand",-0.43978021978024,1.60813846188935e-16
"2012 - 2025","SPP","Species condition (subgoal)","average_yearly_change_in_scores",26,"Andaman and Nicobar",-0.294857142857157,1.19428058497568e-09
"2012 - 2025","SPP","Species condition (subgoal)","average_yearly_change_in_scores",28,"Comoro Islands",-0.150725274725285,1.42728698451087e-07
"2012 - 2025","SPP","Species condition (subgoal)","average_yearly_change_in_scores",29,"Mayotte",-0.173802197802205,3.30501046485317e-16
"2012 - 2025","SPP","Species condition (subgoal)","average_yearly_change_in_scores",30,"Glorioso Islands",-0.175142857142868,4.19739190265869e-16
"2012 - 2025","SPP","Species condition (subgoal)","average_yearly_change_in_scores",31,"Seychelles",-0.263164835164848,4.36784791358319e-16
"2012 - 2025","SPP","Species condition (subgoal)","average_yearly_change_in_scores",32,"Réunion",-0.185648351648363,4.2661116962507e-16
"2012 - 2025","SPP","Species condition (subgoal)","average_yearly_change_in_scores",33,"Juan de Nova Island",-0.178593406593416,3.43743848486188e-16
"2012 - 2025","SPP","Species condition (subgoal)","average_yearly_change_in_scores",34,"Bassas da India",-0.145714285714293,3.79810380824929e-16
"2012 - 2025","SPP","Species condition (subgoal)","average_yearly_change_in_scores",35,"Ile Europa",-0.110637362637369,4.20314586983815e-16
"2012 - 2025","SPP","Species condition (subgoal)","average_yearly_change_in_scores",36,"Ile Tromelin",-0.208791208791219,4.39177073470378e-16
"2012 - 2025","SPP","Species condition (subgoal)","average_yearly_change_in_scores",37,"Mauritius",-0.239098901098914,4.39131645602093e-16
"2012 - 2025","SPP","Species condition (subgoal)","average_yearly_change_in_scores",38,"British Indian Ocean Territory",-0.246703296703309,4.18739342756847e-16
"2012 - 2025","SPP","Species condition (subgoal)","average_yearly_change_in_scores",39,"Maldives",-0.260285714285729,5.42376683263905e-13
"2012 - 2025","SPP","Species condition (subgoal)","average_yearly_change_in_scores",40,"Sri Lanka",-0.318021978021996,2.00332665206608e-13
"2012 - 2025","SPP","Species condition (subgoal)","average_yearly_change_in_scores",41,"Mozambique",-0.33028571428573,2.21190854552879e-13
"2012 - 2025","SPP","Species condition (subgoal)","average_yearly_change_in_scores",42,"Madagascar",-0.161098901098911,1.88535150764073e-06
"2012 - 2025","SPP","Species condition (subgoal)","average_yearly_change_in_scores",43,"Kenya",-0.259824175824189,3.21769441918309e-14
"2012 - 2025","SPP","Species condition (subgoal)","average_yearly_change_in_scores",44,"Somalia",-0.262945054945068,3.13682085291345e-18
"2012 - 2025","SPP","Species condition (subgoal)","average_yearly_change_in_scores",45,"Eritrea",-0.487978021978046,1.14491409053136e-15
"2012 - 2025","SPP","Species condition (subgoal)","average_yearly_change_in_scores",46,"Djibouti",-0.346791208791227,1.44219870571277e-15
"2012 - 2025","SPP","Species condition (subgoal)","average_yearly_change_in_scores",47,"Yemen",-0.439450549450573,9.71097173222122e-12
"2012 - 2025","SPP","Species condition (subgoal)","average_yearly_change_in_scores",48,"Oman",-0.348659340659358,3.52605544042956e-16
"2012 - 2025","SPP","Species condition (subgoal)","average_yearly_change_in_scores",49,"Sudan",-0.403824175824198,2.19728739141571e-13
"2012 - 2025","SPP","Species condition (subgoal)","average_yearly_change_in_scores",50,"Saudi Arabia",-0.36435164835167,6.23060511045235e-12
"2012 - 2025","SPP","Species condition (subgoal)","average_yearly_change_in_scores",51,"Kuwait",-0.549208791208819,9.16737236586997e-16
"2012 - 2025","SPP","Species condition (subgoal)","average_yearly_change_in_scores",52,"Bahrain",-0.480021978022004,3.75734899508267e-08
"2012 - 2025","SPP","Species condition (subgoal)","average_yearly_change_in_scores",53,"Pakistan",-0.300219780219798,1.02248146826508e-13
"2012 - 2025","SPP","Species condition (subgoal)","average_yearly_change_in_scores",54,"United Arab Emirates",-0.693912087912123,3.84718468724949e-16
"2012 - 2025","SPP","Species condition (subgoal)","average_yearly_change_in_scores",55,"Azores",-0.129230769230774,3.86801336580764e-16
"2012 - 2025","SPP","Species condition (subgoal)","average_yearly_change_in_scores",56,"Cape Verde",-0.053362637362641,7.65663742446632e-16
"2012 - 2025","SPP","Species condition (subgoal)","average_yearly_change_in_scores",57,"Madeira",-0.18734065934067,4.98435948961129e-16
"2012 - 2025","SPP","Species condition (subgoal)","average_yearly_change_in_scores",58,"Canary Islands",-0.241406593406606,4.29890775474526e-16
"2012 - 2025","SPP","Species condition (subgoal)","average_yearly_change_in_scores",59,"Belgium",0.137780219780225,5.13136938612186e-16
"2012 - 2025","SPP","Species condition (subgoal)","average_yearly_change_in_scores",60,"Gibraltar",-0.420747252747274,3.46228933938115e-16
"2012 - 2025","SPP","Species condition (subgoal)","average_yearly_change_in_scores",61,"Tunisia",-0.473230769230793,1.41687623917772e-15
"2012 - 2025","SPP","Species condition (subgoal)","average_yearly_change_in_scores",62,"Morocco",-0.269472527472545,5.82606066395678e-10
"2012 - 2025","SPP","Species condition (subgoal)","average_yearly_change_in_scores",63,"Western Sahara",-0.216857142857155,3.72277194754231e-12
"2012 - 2025","SPP","Species condition (subgoal)","average_yearly_change_in_scores",64,"Mauritania",-0.218373626373637,3.85632917261452e-10
"2012 - 2025","SPP","Species condition (subgoal)","average_yearly_change_in_scores",65,"Gambia",-0.109846153846159,8.6620295287779e-08
"2012 - 2025","SPP","Species condition (subgoal)","average_yearly_change_in_scores",66,"Senegal",-0.132923076923086,4.11078569793927e-08
"2012 - 2025","SPP","Species condition (subgoal)","average_yearly_change_in_scores",67,"Libya",-0.54628571428574,1.77519217814605e-14
"2012 - 2025","SPP","Species condition (subgoal)","average_yearly_change_in_scores",68,"Malta",-0.439120879120901,3.99947987973523e-16
"2012 - 2025","SPP","Species condition (subgoal)","average_yearly_change_in_scores",69,"Latvia",0.242571428571438,3.61176376853175e-16
"2012 - 2025","SPP","Species condition (subgoal)","average_yearly_change_in_scores",70,"Estonia",0.239890109890119,3.70756982134358e-16
"2012 - 2025","SPP","Species condition (subgoal)","average_yearly_change_in_scores",71,"Bulgaria",-0.537582417582444,3.84427637330474e-16
"2012 - 2025","SPP","Species condition (subgoal)","average_yearly_change_in_scores",72,"Romania",-0.51485714285717,3.7981038082491e-16
"2012 - 2025","SPP","Species condition (subgoal)","average_yearly_change_in_scores",73,"Russia",-0.0943076923076989,1.43721706298808e-05
"2012 - 2025","SPP","Species condition (subgoal)","average_yearly_change_in_scores",74,"Georgia",-0.429604395604419,2.60482989505814e-11
"2012 - 2025","SPP","Species condition (subgoal)","average_yearly_change_in_scores",75,"Ukraine",-0.532923076923103,3.58075667320417e-16
"2012 - 2025","SPP","Species condition (subgoal)","average_yearly_change_in_scores",76,"Turkey",-0.526461538461564,4.20228300488592e-16
"2012 - 2025","SPP","Species condition (subgoal)","average_yearly_change_in_scores",77,"Syria",-0.462857142857162,5.78363215290737e-12
"2012 - 2025","SPP","Species condition (subgoal)","average_yearly_change_in_scores",78,"Lebanon",-0.511362637362663,2.60581739832026e-14
"2012 - 2025","SPP","Species condition (subgoal)","average_yearly_change_in_scores",79,"Israel",-0.453450549450573,3.53457573687108e-16
"2012 - 2025","SPP","Species condition (subgoal)","average_yearly_change_in_scores",80,"Greece",-0.583846153846183,4.02527925637827e-16
"2012 - 2025","SPP","Species condition (subgoal)","average_yearly_change_in_scores",81,"Cyprus",-0.522791208791235,3.54875241358335e-16
"2012 - 2025","SPP","Species condition (subgoal)","average_yearly_change_in_scores",82,"Albania",-0.505626373626398,2.25712608380511e-16
"2012 - 2025","SPP","Species condition (subgoal)","average_yearly_change_in_scores",84,"Algeria",-0.496813186813213,1.15224832944534e-14
"2012 - 2025","SPP","Species condition (subgoal)","average_yearly_change_in_scores",85,"Ascension",-0.082021978021984,4.60786983139456e-16
"2012 - 2025","SPP","Species condition (subgoal)","average_yearly_change_in_scores",86,"Saint Helena",-0.0986593406593455,4.70313065032408e-16
"2012 - 2025","SPP","Species condition (subgoal)","average_yearly_change_in_scores",88,"Tristan da Cunha",0.0777142857142894,3.79810380826381e-16
"2012 - 2025","SPP","Species condition (subgoal)","average_yearly_change_in_scores",89,"South Georgia and the South Sandwich Islands",0.193406593406604,3.24505118933912e-16
"2012 - 2025","SPP","Species condition (subgoal)","average_yearly_change_in_scores",90,"Prince Edward Islands",0.0874285714285738,3.79810380828438e-16
"2012 - 2025","SPP","Species condition (subgoal)","average_yearly_change_in_scores",91,"Crozet Islands",0.128065934065942,5.26347447885361e-16
"2012 - 2025","SPP","Species condition (subgoal)","average_yearly_change_in_scores",92,"Amsterdam Island and Saint Paul Island",0.0849010989011004,4.58940978269089e-16
"2012 - 2025","SPP","Species condition (subgoal)","average_yearly_change_in_scores",93,"Kerguelen Islands",0.205758241758251,3.8872729061243e-16
"2012 - 2025","SPP","Species condition (subgoal)","average_yearly_change_in_scores",94,"Heard and McDonald Islands",0.205076923076932,4.21334017159092e-16
"2012 - 2025","SPP","Species condition (subgoal)","average_yearly_change_in_scores",95,"Falkland Islands",0.0990109890109918,5.07000537928688e-16
"2012 - 2025","SPP","Species condition (subgoal)","average_yearly_change_in_scores",96,"Sierra Leone",-0.153010989010998,1.31375802427764e-09
"2012 - 2025","SPP","Species condition (subgoal)","average_yearly_change_in_scores",97,"Liberia",-0.175384615384625,2.40253775475937e-11
"2012 - 2025","SPP","Species condition (subgoal)","average_yearly_change_in_scores",98,"Togo",-0.16764835164836,2.44076560960345e-11
"2012 - 2025","SPP","Species condition (subgoal)","average_yearly_change_in_scores",99,"Benin",-0.237384615384627,5.68455545447337e-15
"2012 - 2025","SPP","Species condition (subgoal)","average_yearly_change_in_scores",100,"Republique du Congo",-0.091934065934074,0.0213224433139269
"2012 - 2025","SPP","Species condition (subgoal)","average_yearly_change_in_scores",101,"Namibia",-0.160945054945064,3.71775144085944e-16
"2012 - 2025","SPP","Species condition (subgoal)","average_yearly_change_in_scores",102,"South Africa",-0.122285714285721,4.72981201970626e-16
"2012 - 2025","SPP","Species condition (subgoal)","average_yearly_change_in_scores",103,"Sao Tome and Principe",-0.147164835164841,5.81166147471654e-11
"2012 - 2025","SPP","Species condition (subgoal)","average_yearly_change_in_scores",104,"Equatorial Guinea",-0.188483516483527,1.93288360199307e-12
"2012 - 2025","SPP","Species condition (subgoal)","average_yearly_change_in_scores",105,"Bouvet Island",0.204000000000007,3.79810380827979e-16
"2012 - 2025","SPP","Species condition (subgoal)","average_yearly_change_in_scores",106,"Ghana",-0.177978021978032,8.19667737342901e-14
"2012 - 2025","SPP","Species condition (subgoal)","average_yearly_change_in_scores",107,"Clipperton Island",-0.327604395604411,3.8877430240479e-16
"2012 - 2025","SPP","Species condition (subgoal)","average_yearly_change_in_scores",108,"Bermuda",-0.035560439560443,5.49617567606218e-16
"2012 - 2025","SPP","Species condition (subgoal)","average_yearly_change_in_scores",110,"Bahamas",-0.462791208791232,3.71520655517019e-16
"2012 - 2025","SPP","Species condition (subgoal)","average_yearly_change_in_scores",111,"Turks and Caicos Islands",-0.260021978021994,3.35127415958421e-16
"2012 - 2025","SPP","Species condition (subgoal)","average_yearly_change_in_scores",112,"Cuba",-0.454241758241779,5.2438590202587e-16
"2012 - 2025","SPP","Species condition (subgoal)","average_yearly_change_in_scores",113,"Cayman Islands",-0.192021978021989,3.22395955207095e-16
"2012 - 2025","SPP","Species condition (subgoal)","average_yearly_change_in_scores",114,"Haiti",-0.343120879120896,9.33275505898009e-14
"2012 - 2025","SPP","Species condition (subgoal)","average_yearly_change_in_scores",115,"Dominican Republic",-0.27325274725276,3.13954120501938e-16
"2012 - 2025","SPP","Species condition (subgoal)","average_yearly_change_in_scores",116,"Puerto Rico and Virgin Islands of the United States",-0.229406593406607,4.24911431151216e-16
"2012 - 2025","SPP","Species condition (subgoal)","average_yearly_change_in_scores",117,"British Virgin Islands",-0.181604395604405,3.70134437679207e-16
"2012 - 2025","SPP","Species condition (subgoal)","average_yearly_change_in_scores",118,"Anguilla",-0.208109890109901,3.47315037302964e-16
"2012 - 2025","SPP","Species condition (subgoal)","average_yearly_change_in_scores",119,"Saint Kitts and Nevis",-0.36496703296705,3.64365722550768e-16
"2012 - 2025","SPP","Species condition (subgoal)","average_yearly_change_in_scores",120,"Antigua and Barbuda",-0.214593406593419,4.52027086859241e-16
"2012 - 2025","SPP","Species condition (subgoal)","average_yearly_change_in_scores",121,"Montserrat",-0.334219780219798,3.89951126635924e-16
"2012 - 2025","SPP","Species condition (subgoal)","average_yearly_change_in_scores",122,"Saint Lucia",-0.345978021978038,4.0781279589632e-16
"2012 - 2025","SPP","Species condition (subgoal)","average_yearly_change_in_scores",123,"Dominica",-0.220131868131881,4.60588113662535e-16
"2012 - 2025","SPP","Species condition (subgoal)","average_yearly_change_in_scores",124,"Barbados",-0.0932087912087987,3.85999379126396e-16
"2012 - 2025","SPP","Species condition (subgoal)","average_yearly_change_in_scores",125,"Grenada",-0.374857142857161,3.58535576807334e-16
"2012 - 2025","SPP","Species condition (subgoal)","average_yearly_change_in_scores",126,"Trinidad and Tobago",-0.483252747252772,3.65723838395082e-16
"2012 - 2025","SPP","Species condition (subgoal)","average_yearly_change_in_scores",127,"Saint Vincent and the Grenadines",-0.315780219780236,3.50085323329948e-16
"2012 - 2025","SPP","Species condition (subgoal)","average_yearly_change_in_scores",129,"Panama",-0.356659340659361,3.34517420633624e-16
"2012 - 2025","SPP","Species condition (subgoal)","average_yearly_change_in_scores",130,"Costa Rica",-0.262285714285728,3.79810380825431e-16
"2012 - 2025","SPP","Species condition (subgoal)","average_yearly_change_in_scores",131,"Nicaragua",-0.535010989011015,4.03956342715606e-16
"2012 - 2025","SPP","Species condition (subgoal)","average_yearly_change_in_scores",132,"Colombia",-0.296681318681334,4.31651245274683e-16
"2012 - 2025","SPP","Species condition (subgoal)","average_yearly_change_in_scores",133,"Honduras",-0.51239560439563,1.00214238133857e-16
"2012 - 2025","SPP","Species condition (subgoal)","average_yearly_change_in_scores",134,"El Salvador",-0.298483516483532,1.30605464575219e-15
"2012 - 2025","SPP","Species condition (subgoal)","average_yearly_change_in_scores",135,"Mexico",-0.368087912087929,3.76274466209218e-16
"2012 - 2025","SPP","Species condition (subgoal)","average_yearly_change_in_scores",136,"Guatemala",-0.231626373626387,5.11092916526048e-09
"2012 - 2025","SPP","Species condition (subgoal)","average_yearly_change_in_scores",137,"Ecuador",-0.279824175824192,4.65183654098757e-16
"2012 - 2025","SPP","Species condition (subgoal)","average_yearly_change_in_scores",138,"Peru",-0.201956043956056,2.76708174338973e-16
"2012 - 2025","SPP","Species condition (subgoal)","average_yearly_change_in_scores",139,"Venezuela",-0.495318681318705,3.57780595359723e-13
"2012 - 2025","SPP","Species condition (subgoal)","average_yearly_change_in_scores",140,"Guadeloupe and Martinique",-0.210681318681332,4.68370192518987e-16
"2012 - 2025","SPP","Species condition (subgoal)","average_yearly_change_in_scores",141,"Faeroe Islands",0.297846153846166,4.36861369339567e-16
"2012 - 2025","SPP","Species condition (subgoal)","average_yearly_change_in_scores",143,"Iceland",-0.125560439560446,6.24728077216325e-16
"2012 - 2025","SPP","Species condition (subgoal)","average_yearly_change_in_scores",144,"Jan Mayen",0.0839780219780243,2.94808137913379e-16
"2012 - 2025","SPP","Species condition (subgoal)","average_yearly_change_in_scores",145,"Greenland",-0.169626373626382,3.42426883265407e-16
"2012 - 2025","SPP","Species condition (subgoal)","average_yearly_change_in_scores",146,"Pitcairn",-0.0936923076923133,2.99549688754423e-16
"2012 - 2025","SPP","Species condition (subgoal)","average_yearly_change_in_scores",147,"French Polynesia",-0.237318681318693,4.13215390295874e-16
"2012 - 2025","SPP","Species condition (subgoal)","average_yearly_change_in_scores",148,"Line Islands (Kiribati)",-0.327714285714303,3.37691983034981e-16
"2012 - 2025","SPP","Species condition (subgoal)","average_yearly_change_in_scores",149,"Jarvis Island",-0.33028571428573,3.79810380825885e-16
"2012 - 2025","SPP","Species condition (subgoal)","average_yearly_change_in_scores",150,"Palmyra Atoll",-0.289098901098916,4.35232389288987e-16
"2012 - 2025","SPP","Species condition (subgoal)","average_yearly_change_in_scores",151,"American Samoa",-0.289670329670346,3.81320866465289e-16
"2012 - 2025","SPP","Species condition (subgoal)","average_yearly_change_in_scores",152,"Samoa",-0.287230769230785,4.35793708438549e-16
"2012 - 2025","SPP","Species condition (subgoal)","average_yearly_change_in_scores",153,"Cook Islands",-0.267494505494519,3.65728200406233e-16
"2012 - 2025","SPP","Species condition (subgoal)","average_yearly_change_in_scores",154,"Niue",-0.231736263736275,5.6595057840885e-15
"2012 - 2025","SPP","Species condition (subgoal)","average_yearly_change_in_scores",155,"Tonga",-0.256571428571443,3.24272190958944e-16
"2012 - 2025","SPP","Species condition (subgoal)","average_yearly_change_in_scores",156,"Tokelau",-0.326549450549468,4.09709383441654e-16
"2012 - 2025","SPP","Species condition (subgoal)","average_yearly_change_in_scores",157,"Phoenix Islands (Kiribati)",-0.321824175824195,3.2261321076089e-16
"2012 - 2025","SPP","Species condition (subgoal)","average_yearly_change_in_scores",158,"Howland Island and Baker Island",-0.275472527472543,4.4859241702518e-16
"2012 - 2025","SPP","Species condition (subgoal)","average_yearly_change_in_scores",159,"Johnston Atoll",-0.247098901098912,4.41272542410048e-16
"2012 - 2025","SPP","Species condition (subgoal)","average_yearly_change_in_scores",161,"Wallis and Futuna",-0.271010989011003,4.00771520030975e-16
"2012 - 2025","SPP","Species condition (subgoal)","average_yearly_change_in_scores",162,"New Zealand",0.081648351648355,4.5947265910539e-16
"2012 - 2025","SPP","Species condition (subgoal)","average_yearly_change_in_scores",163,"United States",-0.165142857142866,3.79810380825032e-16
"2012 - 2025","SPP","Species condition (subgoal)","average_yearly_change_in_scores",164,"Belize",-0.53329670329673,3.57904011086235e-16
"2012 - 2025","SPP","Species condition (subgoal)","average_yearly_change_in_scores",166,"Jamaica",-0.239098901098914,4.39131645602418e-16
"2012 - 2025","SPP","Species condition (subgoal)","average_yearly_change_in_scores",167,"Guyana",-0.225428571428584,2.18824797575528e-11
"2012 - 2025","SPP","Species condition (subgoal)","average_yearly_change_in_scores",168,"Suriname",-0.280637362637378,3.58450211937191e-16
"2012 - 2025","SPP","Species condition (subgoal)","average_yearly_change_in_scores",169,"French Guiana",-0.229208791208805,3.74397455543162e-16
"2012 - 2025","SPP","Species condition (subgoal)","average_yearly_change_in_scores",171,"Brazil",-0.230813186813201,4.51694398868548e-16
"2012 - 2025","SPP","Species condition (subgoal)","average_yearly_change_in_scores",172,"Argentina",-0.105252747252757,8.0971285580609e-12
"2012 - 2025","SPP","Species condition (subgoal)","average_yearly_change_in_scores",173,"Uruguay",-0.207296703296716,3.19237457479096e-16
"2012 - 2025","SPP","Species condition (subgoal)","average_yearly_change_in_scores",174,"Finland",-0.00773626373626414,1.41278481735385e-13
"2012 - 2025","SPP","Species condition (subgoal)","average_yearly_change_in_scores",175,"Denmark",0.150505494505501,4.6773202291982e-16
"2012 - 2025","SPP","Species condition (subgoal)","average_yearly_change_in_scores",176,"Germany",0.112725274725278,3.35186687322595e-16
"2012 - 2025","SPP","Species condition (subgoal)","average_yearly_change_in_scores",177,"Netherlands",0.101648351648355,4.66331102971898e-16
"2012 - 2025","SPP","Species condition (subgoal)","average_yearly_change_in_scores",178,"Poland",0.377142857142875,3.62251244298778e-16
"2012 - 2025","SPP","Species condition (subgoal)","average_yearly_change_in_scores",179,"France",-0.0403736263736292,8.25682775380281e-16
"2012 - 2025","SPP","Species condition (subgoal)","average_yearly_change_in_scores",180,"United Kingdom",0.17228571428572,3.07424564658292e-16
"2012 - 2025","SPP","Species condition (subgoal)","average_yearly_change_in_scores",181,"Ireland",0.166219780219788,4.33388611877852e-16
"2012 - 2025","SPP","Species condition (subgoal)","average_yearly_change_in_scores",182,"Spain",-0.206835164835177,4.25399624046982e-16
"2012 - 2025","SPP","Species condition (subgoal)","average_yearly_change_in_scores",183,"Portugal",-0.0885054945054992,5.03205509374554e-16
"2012 - 2025","SPP","Species condition (subgoal)","average_yearly_change_in_scores",184,"Italy",-0.547032967032995,3.5343590502061e-16
"2012 - 2025","SPP","Species condition (subgoal)","average_yearly_change_in_scores",185,"Monaco",-0.656835164835196,3.93672647935452e-16
"2012 - 2025","SPP","Species condition (subgoal)","average_yearly_change_in_scores",186,"Montenegro",-0.510703296703322,4.8197934277588e-16
"2012 - 2025","SPP","Species condition (subgoal)","average_yearly_change_in_scores",187,"Croatia",-0.503560439560466,4.28250083533432e-16
"2012 - 2025","SPP","Species condition (subgoal)","average_yearly_change_in_scores",188,"Slovenia",-0.509670329670354,3.51646774417991e-16
"2012 - 2025","SPP","Species condition (subgoal)","average_yearly_change_in_scores",189,"Lithuania",0.195274725274734,4.56588465349105e-16
"2012 - 2025","SPP","Species condition (subgoal)","average_yearly_change_in_scores",190,"Qatar",-0.713318681318718,3.54686348950521e-16
"2012 - 2025","SPP","Species condition (subgoal)","average_yearly_change_in_scores",191,"Iran",-0.549912087912116,7.64055612569114e-12
"2012 - 2025","SPP","Species condition (subgoal)","average_yearly_change_in_scores",192,"Iraq",-0.489824175824201,1.2554509131542e-16
"2012 - 2025","SPP","Species condition (subgoal)","average_yearly_change_in_scores",193,"Guinea Bissau",-0.185604395604405,1.49687399030086e-11
"2012 - 2025","SPP","Species condition (subgoal)","average_yearly_change_in_scores",194,"Guinea",-0.256131868131882,4.39549086896782e-11
"2012 - 2025","SPP","Species condition (subgoal)","average_yearly_change_in_scores",195,"Ivory Coast",-0.118857142857151,1.76185971503953e-08
"2012 - 2025","SPP","Species condition (subgoal)","average_yearly_change_in_scores",196,"Nigeria",-0.255318681318699,3.86612032613074e-11
"2012 - 2025","SPP","Species condition (subgoal)","average_yearly_change_in_scores",197,"Cameroon",-0.193846153846165,1.12693616674506e-06
"2012 - 2025","SPP","Species condition (subgoal)","average_yearly_change_in_scores",198,"Gabon",-0.204307692307704,1.20186364502456e-09
"2012 - 2025","SPP","Species condition (subgoal)","average_yearly_change_in_scores",199,"Democratic Republic of the Congo",-0.305208791208809,8.3890225360877e-13
"2012 - 2025","SPP","Species condition (subgoal)","average_yearly_change_in_scores",200,"Angola",-0.115208791208799,1.25774196353665e-08
"2012 - 2025","SPP","Species condition (subgoal)","average_yearly_change_in_scores",202,"Tanzania",-0.265208791208806,1.96263303691937e-14
"2012 - 2025","SPP","Species condition (subgoal)","average_yearly_change_in_scores",203,"India",-0.343450549450565,7.62830754834549e-15
"2012 - 2025","SPP","Species condition (subgoal)","average_yearly_change_in_scores",204,"Bangladesh",-0.396021978021998,9.45062435021123e-12
"2012 - 2025","SPP","Species condition (subgoal)","average_yearly_change_in_scores",205,"Myanmar",-0.461076923076952,3.1601843559654e-07
"2012 - 2025","SPP","Species condition (subgoal)","average_yearly_change_in_scores",206,"Malaysia",-0.25237362637364,2.90885311061386e-09
"2012 - 2025","SPP","Species condition (subgoal)","average_yearly_change_in_scores",207,"Vietnam",-0.334527472527493,1.9835488073265e-10
"2012 - 2025","SPP","Species condition (subgoal)","average_yearly_change_in_scores",208,"Singapore",-0.387164835164855,3.89992701883518e-16
"2012 - 2025","SPP","Species condition (subgoal)","average_yearly_change_in_scores",209,"China",-0.353274725274743,7.23308873940781e-13
"2012 - 2025","SPP","Species condition (subgoal)","average_yearly_change_in_scores",210,"Japan",-0.270395604395619,3.27126944266265e-16
"2012 - 2025","SPP","Species condition (subgoal)","average_yearly_change_in_scores",212,"Gilbert Islands (Kiribati)",-0.244637362637376,3.4044026342404e-16
"2012 - 2025","SPP","Species condition (subgoal)","average_yearly_change_in_scores",214,"Egypt",-0.455164835164857,3.80374602673945e-17
"2012 - 2025","SPP","Species condition (subgoal)","average_yearly_change_in_scores",215,"Jordan",-0.367032967032986,7.524342608538e-16
"2012 - 2025","SPP","Species condition (subgoal)","average_yearly_change_in_scores",216,"Indonesia",-0.241120879120892,1.83296689373477e-07
"2012 - 2025","SPP","Species condition (subgoal)","average_yearly_change_in_scores",218,"Canada",-0.0863516483516539,3.33399750443084e-16
"2012 - 2025","SPP","Species condition (subgoal)","average_yearly_change_in_scores",219,"Saint Pierre and Miquelon",-0.0176483516483537,5.81663625084885e-16
"2012 - 2025","SPP","Species condition (subgoal)","average_yearly_change_in_scores",220,"Sint Maarten",-0.444989010989034,3.81213764800859e-16
"2012 - 2025","SPP","Species condition (subgoal)","average_yearly_change_in_scores",221,"Northern Saint-Martin",-0.570373626373654,3.50343805194251e-16
"2012 - 2025","SPP","Species condition (subgoal)","average_yearly_change_in_scores",222,"Sweden",0.172175824175831,3.52286224932781e-16
"2012 - 2025","SPP","Species condition (subgoal)","average_yearly_change_in_scores",223,"Norway",0.0860879120879166,3.36899255112412e-16
"2012 - 2025","SPP","Species condition (subgoal)","average_yearly_change_in_scores",224,"Chile",0.140000000000005,2.89327768777221e-16
"2012 - 2025","SPP","Species condition (subgoal)","average_yearly_change_in_scores",227,"Jersey",0.110153846153849,4.20593739724669e-16
"2012 - 2025","SPP","Species condition (subgoal)","average_yearly_change_in_scores",228,"Guernsey",0.149714285714291,4.59745394408688e-16
"2012 - 2025","SPP","Species condition (subgoal)","average_yearly_change_in_scores",231,"East Timor",-0.0955164835164896,2.33131521130984e-07
"2012 - 2025","SPP","Species condition (subgoal)","average_yearly_change_in_scores",232,"Bosnia and Herzegovina",-0.502417582417609,8.73982932390928e-13
"2012 - 2025","SPP","Species condition (subgoal)","average_yearly_change_in_scores",237,"Oecussi Ambeno",-0.0605494505494573,0.00838350170718876
"2012 - 2025","SPP","Species condition (subgoal)","average_yearly_change_in_scores",244,"Curacao",-0.222549450549462,3.305161174913e-16
"2012 - 2025","SPP","Species condition (subgoal)","average_yearly_change_in_scores",245,"Bonaire",-0.278241758241773,3.28023958293064e-16
"2012 - 2025","SPP","Species condition (subgoal)","average_yearly_change_in_scores",247,"Brunei",-0.280725274725288,3.99893865444165e-16
"2012 - 2025","SPP","Species condition (subgoal)","average_yearly_change_in_scores",248,"Saba",-0.254351648351662,3.41685226313151e-16
"2012 - 2025","SPP","Species condition (subgoal)","average_yearly_change_in_scores",249,"Sint Eustatius",-0.235296703296717,4.09730234176517e-16
"2012 - 2025","SPP","Species condition (subgoal)","average_yearly_change_in_scores",250,"Aruba",-0.295428571428587,3.56728703452385e-16
"2012 - 2025","TR","Tourism & recreation","average_yearly_change_in_scores",0,"Global average",-2.41729670329694,0.153724043924876
"2012 - 2025","TR","Tourism & recreation","average_yearly_change_in_scores",5,"New Caledonia",-4.18404395604432,0.0357220216882385
"2012 - 2025","TR","Tourism & recreation","average_yearly_change_in_scores",6,"Vanuatu",-4.90813186813222,0.0183470215885636
"2012 - 2025","TR","Tourism & recreation","average_yearly_change_in_scores",7,"Solomon Islands",-5.10800000000044,0.0247915976164605
"2012 - 2025","TR","Tourism & recreation","average_yearly_change_in_scores",8,"Palau",-2.89204395604433,0.163754847674052
"2012 - 2025","TR","Tourism & recreation","average_yearly_change_in_scores",9,"Micronesia",-6.3152087912091,0.000383271275016516
"2012 - 2025","TR","Tourism & recreation","average_yearly_change_in_scores",11,"Marshall Islands",-4.75035164835193,0.0449954347732962
"2012 - 2025","TR","Tourism & recreation","average_yearly_change_in_scores",13,"Northern Mariana Islands and Guam",-4.55197802197843,0.0482887516860452
"2012 - 2025","TR","Tourism & recreation","average_yearly_change_in_scores",15,"Philippines",-1.66898901098928,0.433470070036527
"2012 - 2025","TR","Tourism & recreation","average_yearly_change_in_scores",17,"Papua New Guinea",-5.26949450549496,0.00688663904394752
"2012 - 2025","TR","Tourism & recreation","average_yearly_change_in_scores",18,"Fiji",-2.76940659340689,0.190177693927314
"2012 - 2025","TR","Tourism & recreation","average_yearly_change_in_scores",19,"Tuvalu",-1.43406593406605,0.555146336790483
"2012 - 2025","TR","Tourism & recreation","average_yearly_change_in_scores",20,"South Korea",-5.00250549450585,0.0237877208582326
"2012 - 2025","TR","Tourism & recreation","average_yearly_change_in_scores",24,"Cambodia",-0.977076923077164,0.646503074338959
"2012 - 2025","TR","Tourism & recreation","average_yearly_change_in_scores",25,"Thailand",-1.54556043956076,0.548480788619494
"2012 - 2025","TR","Tourism & recreation","average_yearly_change_in_scores",28,"Comoro Islands",2.50131868131869,0.108584497041864
"2012 - 2025","TR","Tourism & recreation","average_yearly_change_in_scores",31,"Seychelles",0.631384615384515,0.71037739976648
"2012 - 2025","TR","Tourism & recreation","average_yearly_change_in_scores",37,"Mauritius",-1.6327912087914,0.395087566054381
"2012 - 2025","TR","Tourism & recreation","average_yearly_change_in_scores",39,"Maldives",0.450527472527331,0.751972652644355
"2012 - 2025","TR","Tourism & recreation","average_yearly_change_in_scores",40,"Sri Lanka",-0.0810989010991502,0.97246108111907
"2012 - 2025","TR","Tourism & recreation","average_yearly_change_in_scores",41,"Mozambique",-1.13736263736278,0.473125557489438
"2012 - 2025","TR","Tourism & recreation","average_yearly_change_in_scores",42,"Madagascar",-1.70507692307715,0.374552208465451
"2012 - 2025","TR","Tourism & recreation","average_yearly_change_in_scores",43,"Kenya",-2.06938461538477,0.151946121366324
"2012 - 2025","TR","Tourism & recreation","average_yearly_change_in_scores",46,"Djibouti",3.99175824175841,0.0102180912245456
"2012 - 2025","TR","Tourism & recreation","average_yearly_change_in_scores",47,"Yemen",-5.61734065934089,0.000600189037079476
"2012 - 2025","TR","Tourism & recreation","average_yearly_change_in_scores",48,"Oman",-0.848527472527388,0.661415770566943
"2012 - 2025","TR","Tourism & recreation","average_yearly_change_in_scores",49,"Sudan",0.703956043955891,0.669077632657515
"2012 - 2025","TR","Tourism & recreation","average_yearly_change_in_scores",50,"Saudi Arabia",-2.26764835164857,0.226966108460825
"2012 - 2025","TR","Tourism & recreation","average_yearly_change_in_scores",51,"Kuwait",-2.58797802197804,0.0966985412286268
"2012 - 2025","TR","Tourism & recreation","average_yearly_change_in_scores",52,"Bahrain",-2.2096703296706,0.191039474525421
"2012 - 2025","TR","Tourism & recreation","average_yearly_change_in_scores",53,"Pakistan",1.45518681318683,0.301165604933295
"2012 - 2025","TR","Tourism & recreation","average_yearly_change_in_scores",54,"United Arab Emirates",2.33312087912093,0.084127691412245
"2012 - 2025","TR","Tourism & recreation","average_yearly_change_in_scores",56,"Cape Verde",0.594615384615259,0.710640624293446
"2012 - 2025","TR","Tourism & recreation","average_yearly_change_in_scores",59,"Belgium",-1.86832967032985,0.271075059410057
"2012 - 2025","TR","Tourism & recreation","average_yearly_change_in_scores",61,"Tunisia",-2.28751648351658,0.126400542952096
"2012 - 2025","TR","Tourism & recreation","average_yearly_change_in_scores",62,"Morocco",-1.21760439560455,0.423911159415247
"2012 - 2025","TR","Tourism & recreation","average_yearly_change_in_scores",65,"Gambia",3.86270329670346,0.0302311106949666
"2012 - 2025","TR","Tourism & recreation","average_yearly_change_in_scores",66,"Senegal",-0.156813186813241,0.912729930973178
"2012 - 2025","TR","Tourism & recreation","average_yearly_change_in_scores",67,"Libya",-2.89569230769248,0.0389250306366159
"2012 - 2025","TR","Tourism & recreation","average_yearly_change_in_scores",68,"Malta",-0.0356923076924327,0.983730586218345
"2012 - 2025","TR","Tourism & recreation","average_yearly_change_in_scores",69,"Latvia",-1.1399780219782,0.521897135244241
"2012 - 2025","TR","Tourism & recreation","average_yearly_change_in_scores",70,"Estonia",-3.21584615384651,0.0978155266018963
"2012 - 2025","TR","Tourism & recreation","average_yearly_change_in_scores",71,"Bulgaria",-1.36918681318702,0.493916860289189
"2012 - 2025","TR","Tourism & recreation","average_yearly_change_in_scores",73,"Russia",-1.12826373626395,0.561135820919848
"2012 - 2025","TR","Tourism & recreation","average_yearly_change_in_scores",74,"Georgia",1.18230769230753,0.6046008829483
"2012 - 2025","TR","Tourism & recreation","average_yearly_change_in_scores",75,"Ukraine",-6.39764835164872,0.000133725121466183
"2012 - 2025","TR","Tourism & recreation","average_yearly_change_in_scores",76,"Turkey",-0.409758241758347,0.768715189045721
"2012 - 2025","TR","Tourism & recreation","average_yearly_change_in_scores",77,"Syria",-0.713758241758245,0.634012905856872
"2012 - 2025","TR","Tourism & recreation","average_yearly_change_in_scores",78,"Lebanon",-1.17283516483525,0.485729673679156
"2012 - 2025","TR","Tourism & recreation","average_yearly_change_in_scores",79,"Israel",-2.11591208791233,0.258165858719252
"2012 - 2025","TR","Tourism & recreation","average_yearly_change_in_scores",80,"Greece",1.0862637362637,0.55271884736114
"2012 - 2025","TR","Tourism & recreation","average_yearly_change_in_scores",81,"Cyprus",0.421472527472467,0.814664010989818
"2012 - 2025","TR","Tourism & recreation","average_yearly_change_in_scores",82,"Albania",4.29430769230783,0.00211985525376834
"2012 - 2025","TR","Tourism & recreation","average_yearly_change_in_scores",96,"Sierra Leone",0.440769230769176,0.734153788534564
"2012 - 2025","TR","Tourism & recreation","average_yearly_change_in_scores",98,"Togo",4.25342857142874,0.000286004353237036
"2012 - 2025","TR","Tourism & recreation","average_yearly_change_in_scores",99,"Benin",3.29905494505511,1.01262012304972e-09
"2012 - 2025","TR","Tourism & recreation","average_yearly_change_in_scores",100,"Republique du Congo",-1.47393406593435,0.355827421352731
"2012 - 2025","TR","Tourism & recreation","average_yearly_change_in_scores",101,"Namibia",-0.996703296703499,0.637722435241743
"2012 - 2025","TR","Tourism & recreation","average_yearly_change_in_scores",102,"South Africa",-2.85024175824205,0.134295842013679
"2012 - 2025","TR","Tourism & recreation","average_yearly_change_in_scores",103,"Sao Tome and Principe",1.95525274725281,0.200438621683889
"2012 - 2025","TR","Tourism & recreation","average_yearly_change_in_scores",106,"Ghana",-0.903054945055042,0.372177071465885
"2012 - 2025","TR","Tourism & recreation","average_yearly_change_in_scores",108,"Bermuda",-3.97663736263762,0.0362756827497489
"2012 - 2025","TR","Tourism & recreation","average_yearly_change_in_scores",110,"Bahamas",-1.48301098901112,0.266259895754603
"2012 - 2025","TR","Tourism & recreation","average_yearly_change_in_scores",111,"Turks and Caicos Islands",1.65252747252751,0.230486633685172
"2012 - 2025","TR","Tourism & recreation","average_yearly_change_in_scores",112,"Cuba",-1.26481318681336,0.519490611212462
"2012 - 2025","TR","Tourism & recreation","average_yearly_change_in_scores",113,"Cayman Islands",-2.34204395604422,0.250555862727946
"2012 - 2025","TR","Tourism & recreation","average_yearly_change_in_scores",114,"Haiti",-1.19323076923089,0.454847542012619
"2012 - 2025","TR","Tourism & recreation","average_yearly_change_in_scores",115,"Dominican Republic",0.884769230769193,0.533944369314165
"2012 - 2025","TR","Tourism & recreation","average_yearly_change_in_scores",116,"Puerto Rico and Virgin Islands of the United States",-1.15531868131877,0.118508424236377
"2012 - 2025","TR","Tourism & recreation","average_yearly_change_in_scores",117,"British Virgin Islands",-4.77200000000041,0.00779158524878193
"2012 - 2025","TR","Tourism & recreation","average_yearly_change_in_scores",119,"Saint Kitts and Nevis",-2.7696483516487,0.126520899735552
"2012 - 2025","TR","Tourism & recreation","average_yearly_change_in_scores",120,"Antigua and Barbuda",-1.25186813186824,0.252186578752912
"2012 - 2025","TR","Tourism & recreation","average_yearly_change_in_scores",122,"Saint Lucia",-0.927978021978155,0.500950345433669
"2012 - 2025","TR","Tourism & recreation","average_yearly_change_in_scores",123,"Dominica",-3.85498901098928,0.007901751171468
"2012 - 2025","TR","Tourism & recreation","average_yearly_change_in_scores",124,"Barbados",-2.2108791208793,0.161126145921988
"2012 - 2025","TR","Tourism & recreation","average_yearly_change_in_scores",125,"Grenada",-0.503472527472689,0.765642450116753
"2012 - 2025","TR","Tourism & recreation","average_yearly_change_in_scores",126,"Trinidad and Tobago",-4.70558241758272,0.00110616483808
"2012 - 2025","TR","Tourism & recreation","average_yearly_change_in_scores",127,"Saint Vincent and the Grenadines",-2.52529670329687,0.0739544770429336
"2012 - 2025","TR","Tourism & recreation","average_yearly_change_in_scores",129,"Panama",-2.19931868131896,0.220314430361252
"2012 - 2025","TR","Tourism & recreation","average_yearly_change_in_scores",130,"Costa Rica",-0.920989010989214,0.584437917504907
"2012 - 2025","TR","Tourism & recreation","average_yearly_change_in_scores",131,"Nicaragua",-2.74826373626399,0.056476692417603
"2012 - 2025","TR","Tourism & recreation","average_yearly_change_in_scores",132,"Colombia",2.04004395604405,0.259611043676576
"2012 - 2025","TR","Tourism & recreation","average_yearly_change_in_scores",133,"Honduras",-2.45000000000017,0.025571385816278
"2012 - 2025","TR","Tourism & recreation","average_yearly_change_in_scores",134,"El Salvador",0.672087912087945,0.55483603016996
"2012 - 2025","TR","Tourism & recreation","average_yearly_change_in_scores",135,"Mexico",2.59309890109897,0.0324629214197071
"2012 - 2025","TR","Tourism & recreation","average_yearly_change_in_scores",136,"Guatemala",-0.242681318681415,0.87239704107876
"2012 - 2025","TR","Tourism & recreation","average_yearly_change_in_scores",138,"Peru",-1.56848351648377,0.451936703702654
"2012 - 2025","TR","Tourism & recreation","average_yearly_change_in_scores",139,"Venezuela",-2.67817582417608,0.136280458803122
"2012 - 2025","TR","Tourism & recreation","average_yearly_change_in_scores",143,"Iceland",3.53013186813194,0.120592260136502
"2012 - 2025","TR","Tourism & recreation","average_yearly_change_in_scores",147,"French Polynesia",-1.24725274725287,0.443672650489677
"2012 - 2025","TR","Tourism & recreation","average_yearly_change_in_scores",151,"American Samoa",-6.9923296703301,0.000782426438807382
"2012 - 2025","TR","Tourism & recreation","average_yearly_change_in_scores",152,"Samoa",-4.54004395604427,0.0361713361310891
"2012 - 2025","TR","Tourism & recreation","average_yearly_change_in_scores",155,"Tonga",-4.28457142857176,0.0568568432193771
"2012 - 2025","TR","Tourism & recreation","average_yearly_change_in_scores",162,"New Zealand",-3.4705054945058,0.101419656288719
"2012 - 2025","TR","Tourism & recreation","average_yearly_change_in_scores",163,"United States",-3.87408791208821,0.0243821498636937
"2012 - 2025","TR","Tourism & recreation","average_yearly_change_in_scores",164,"Belize",0.838021978021937,0.583367357086477
"2012 - 2025","TR","Tourism & recreation","average_yearly_change_in_scores",166,"Jamaica",-0.452285714285798,0.71729487400659
"2012 - 2025","TR","Tourism & recreation","average_yearly_change_in_scores",167,"Guyana",1.42171428571426,0.360187223316145
"2012 - 2025","TR","Tourism & recreation","average_yearly_change_in_scores",168,"Suriname",-0.84162637362663,0.654826179180181
"2012 - 2025","TR","Tourism & recreation","average_yearly_change_in_scores",171,"Brazil",-3.89771428571464,0.0512626761780362
"2012 - 2025","TR","Tourism & recreation","average_yearly_change_in_scores",172,"Argentina",-3.98960439560486,0.0555225959053657
"2012 - 2025","TR","Tourism & recreation","average_yearly_change_in_scores",173,"Uruguay",-0.815934065934222,0.621114267807777
"2012 - 2025","TR","Tourism & recreation","average_yearly_change_in_scores",174,"Finland",-4.47881318681345,0.0130470617314406
"2012 - 2025","TR","Tourism & recreation","average_yearly_change_in_scores",175,"Denmark",0.698747252747253,0.597689450297638
"2012 - 2025","TR","Tourism & recreation","average_yearly_change_in_scores",176,"Germany",-2.71709890109917,0.105905735546724
"2012 - 2025","TR","Tourism & recreation","average_yearly_change_in_scores",177,"Netherlands",-0.337186813186959,0.841725704669501
"2012 - 2025","TR","Tourism & recreation","average_yearly_change_in_scores",178,"Poland",-0.438087912088064,0.76890830810707
"2012 - 2025","TR","Tourism & recreation","average_yearly_change_in_scores",179,"France",-2.19597802197816,0.0447324581186816
"2012 - 2025","TR","Tourism & recreation","average_yearly_change_in_scores",180,"United Kingdom",-3.46887912087938,0.0629798754199705
"2012 - 2025","TR","Tourism & recreation","average_yearly_change_in_scores",181,"Ireland",-0.780857142857316,0.674470368530163
"2012 - 2025","TR","Tourism & recreation","average_yearly_change_in_scores",182,"Spain",-1.423230769231,0.42311868239512
"2012 - 2025","TR","Tourism & recreation","average_yearly_change_in_scores",183,"Portugal",1.28494505494499,0.509947083834714
"2012 - 2025","TR","Tourism & recreation","average_yearly_change_in_scores",184,"Italy",-1.56758241758259,0.253895730849619
"2012 - 2025","TR","Tourism & recreation","average_yearly_change_in_scores",185,"Monaco",-1.73032967032979,0.0728521143223683
"2012 - 2025","TR","Tourism & recreation","average_yearly_change_in_scores",186,"Montenegro",1.30360439560437,0.433785722046951
"2012 - 2025","TR","Tourism & recreation","average_yearly_change_in_scores",187,"Croatia",1.43575824175821,0.349900433349317
"2012 - 2025","TR","Tourism & recreation","average_yearly_change_in_scores",188,"Slovenia",1.31182417582412,0.458008542603535
"2012 - 2025","TR","Tourism & recreation","average_yearly_change_in_scores",189,"Lithuania",-1.42956043956069,0.408082911102082
"2012 - 2025","TR","Tourism & recreation","average_yearly_change_in_scores",190,"Qatar",-1.54257142857172,0.420207671565846
"2012 - 2025","TR","Tourism & recreation","average_yearly_change_in_scores",193,"Guinea Bissau",0.537164835164703,0.707201686384447
"2012 - 2025","TR","Tourism & recreation","average_yearly_change_in_scores",194,"Guinea",1.5410329670329,0.433473996515602
"2012 - 2025","TR","Tourism & recreation","average_yearly_change_in_scores",196,"Nigeria",0.762769230769267,0.719761581829002
"2012 - 2025","TR","Tourism & recreation","average_yearly_change_in_scores",197,"Cameroon",-0.771120879121094,0.613787460214303
"2012 - 2025","TR","Tourism & recreation","average_yearly_change_in_scores",199,"Democratic Republic of the Congo",3.21567032967038,0.010964853227819
"2012 - 2025","TR","Tourism & recreation","average_yearly_change_in_scores",200,"Angola",-2.1021978021981,0.23690753196044
"2012 - 2025","TR","Tourism & recreation","average_yearly_change_in_scores",202,"Tanzania",1.65342857142851,0.284457167133124
"2012 - 2025","TR","Tourism & recreation","average_yearly_change_in_scores",203,"India",2.80896703296706,0.168275527162012
"2012 - 2025","TR","Tourism & recreation","average_yearly_change_in_scores",204,"Bangladesh",0.999032967033093,0.121875625724109
"2012 - 2025","TR","Tourism & recreation","average_yearly_change_in_scores",205,"Myanmar",0.0746153846151676,0.977389219726776
"2012 - 2025","TR","Tourism & recreation","average_yearly_change_in_scores",206,"Malaysia",-5.56793406593451,0.0142608812951909
"2012 - 2025","TR","Tourism & recreation","average_yearly_change_in_scores",207,"Vietnam",-1.17982417582446,0.536136153687213
"2012 - 2025","TR","Tourism & recreation","average_yearly_change_in_scores",208,"Singapore",-3.73775824175868,0.115636592472814
"2012 - 2025","TR","Tourism & recreation","average_yearly_change_in_scores",209,"China",-5.98665934065983,0.0146260361663855
"2012 - 2025","TR","Tourism & recreation","average_yearly_change_in_scores",212,"Gilbert Islands (Kiribati)",-4.07905494505527,0.0492910761549139
"2012 - 2025","TR","Tourism & recreation","average_yearly_change_in_scores",214,"Egypt",-1.17509890109889,0.419996527651193
"2012 - 2025","TR","Tourism & recreation","average_yearly_change_in_scores",215,"Jordan",-3.23096703296722,0.0263443226891484
"2012 - 2025","TR","Tourism & recreation","average_yearly_change_in_scores",216,"Indonesia",-3.12098901098924,0.0898225110306149
"2012 - 2025","TR","Tourism & recreation","average_yearly_change_in_scores",218,"Canada",-4.30415384615415,0.0315542866749135
"2012 - 2025","TR","Tourism & recreation","average_yearly_change_in_scores",220,"Sint Maarten",-4.00786813186837,0.0162956713444508
"2012 - 2025","TR","Tourism & recreation","average_yearly_change_in_scores",222,"Sweden",-2.90795604395642,0.122088143664851
"2012 - 2025","TR","Tourism & recreation","average_yearly_change_in_scores",223,"Norway",-2.3504175824178,0.204762264966369
"2012 - 2025","TR","Tourism & recreation","average_yearly_change_in_scores",224,"Chile",-2.36648351648381,0.284451406104384
"2012 - 2025","TR","Tourism & recreation","average_yearly_change_in_scores",231,"East Timor",-2.54927472527502,0.231018321328297
"2012 - 2025","TR","Tourism & recreation","average_yearly_change_in_scores",232,"Bosnia and Herzegovina",2.73400000000004,0.137917247717922
"2012 - 2025","TR","Tourism & recreation","average_yearly_change_in_scores",244,"Curacao",-1.40204395604409,0.25936920222094
"2012 - 2025","TR","Tourism & recreation","average_yearly_change_in_scores",247,"Brunei",-4.81745054945101,0.0309273000025312
"2012 - 2025","TR","Tourism & recreation","average_yearly_change_in_scores",250,"Aruba",-0.496021978022097,0.72036376696743
